scenario,3M,6M,1Y,2Y,5Y,10Y,30Y
1,3.956190748010795,4.045308107490051,4.156789262955602,4.378816366096699,4.555370837140465,4.7885863997622575,5.234685414769054
2,3.934544389160242,3.9975007646650456,4.1649916700015,4.409979233019287,4.591643497380346,4.799717688526546,5.274532622729134
3,3.975417262450976,4.0013547275368,4.142395791996907,4.3939333028364995,4.5496906435120765,4.7763215212002565,5.230262981741146
4,3.935038024140196,3.986038025131153,4.1409557050450685,4.3967104455035475,4.600318686403541,4.845569137459831,5.297244034722174
5,3.9700418904137593,4.0146567568315685,4.120669785714259,4.350799830924446,4.539369529790385,4.79558505509628,5.2652839914367355
6,3.9418470320026793,3.9709199507605724,4.130031030488759,4.3717475801056,4.537516818943362,4.750061930122693,5.200088232662662
7,3.953212810829009,3.999823675929245,4.159470358843018,4.409738665872277,4.595947939350368,4.824514511240535,5.29776261065916
8,3.961769598082108,3.9995459970227256,4.123321366878109,4.387836572447643,4.561779999295657,4.8146690896518995,5.2555953686361665
9,3.898514278667742,3.994272691969602,4.140694119180362,4.382900480725245,4.585211682385445,4.830437253185264,5.2782457258388185
10,3.9485296139817847,3.985421425863405,4.129900880213509,4.354037462131251,4.539304812784449,4.795127615714273,5.244165803983227
11,3.9600293455027877,4.01972974202719,4.197415750332024,4.452648428861385,4.627742640277793,4.8463899963708945,5.288276916562883
12,3.92529161880419,3.9973252385232065,4.140306009035567,4.383260857377792,4.5606463017239856,4.804758129198262,5.2559130751517955
13,3.944938741389531,3.9971409421279156,4.164521190619986,4.4266706895195815,4.623777672279244,4.85118925937887,5.313809851335774
14,3.9591049457338494,4.0185229999471135,4.128502530843616,4.408489085969912,4.577503442071996,4.820810642657536,5.238958039773196
15,3.944641571638948,4.009354959811448,4.175959434051445,4.390980269126614,4.549759097386943,4.782461750124274,5.226733758277985
16,3.948870438023002,4.025917186441666,4.176951926929733,4.398819618295257,4.587912232078937,4.810788961227356,5.243789696254985
17,3.9832425254707102,4.02488458326905,4.171148659593793,4.422785526698167,4.609981446911713,4.808027295641271,5.265195944493344
18,3.9749979222969976,4.005674401203497,4.175239997237289,4.412085055085253,4.579282999669899,4.796391794100082,5.264044950568846
19,3.950950072573753,4.006659660232983,4.1226527587899735,4.375181738346316,4.527045846340525,4.727669847540207,5.171245644775213
20,3.9669094742326743,3.99853783047468,4.190051792606416,4.411595647930406,4.611313324919435,4.780097851286919,5.244889916049407
21,3.923449822155758,4.004149933351324,4.1602683438712065,4.416072624069531,4.5706053515994505,4.776981298825116,5.2029303834512435
22,3.9268222868166665,4.007274203223515,4.121763572947924,4.387599489148755,4.5682912344280036,4.82408391286204,5.276297325279453
23,3.90809092967317,3.9943145443089434,4.127335319841355,4.376966971600038,4.553925743725269,4.82285725753129,5.289621649942501
24,3.8996210321785694,3.975108288530477,4.14659266387757,4.386765818887199,4.60239399165227,4.853000462848921,5.307870248372408
25,3.9307425464769676,4.012468249879495,4.15013569540891,4.412918080152319,4.570237761108461,4.812452940711499,5.258103551471749
26,3.9300847546729645,3.96576391933047,4.131200455297827,4.363752727222578,4.5589548954829455,4.811433582764264,5.273004733824471
27,3.9231170952858077,4.008199596476159,4.148319726236085,4.395760345086467,4.560637710054004,4.829015614887155,5.304804373625553
28,3.910993369607655,3.9551031767847853,4.088211384891818,4.345455979395979,4.487901357190053,4.741743022466734,5.219184441302459
29,3.9573069568600547,3.986159428178969,4.152262553633876,4.374691706678601,4.54691950056266,4.7749154805295015,5.223861708743318
30,3.976611908911503,4.0333979694783855,4.15151252767196,4.398904944567364,4.553805619282965,4.768643795313087,5.1917083771100865
31,3.970542819627167,4.0027304063350835,4.153786847982632,4.373863473134466,4.54453081505336,4.757248718634336,5.195776037975651
32,3.9341976541337633,3.979620477100524,4.130955513212845,4.369468149435943,4.5145735701289205,4.749183878567913,5.191275049773665
33,3.961470185698358,4.0320150466067854,4.158527660019023,4.355810396461597,4.527856262200005,4.815636052602551,5.284847264271593
34,3.962398508616918,4.029192545446413,4.1277054469207455,4.401876368918075,4.582482525242473,4.836531552774362,5.295756259919071
35,3.9427895018959727,4.036058598058238,4.1600509914552335,4.428956764580219,4.640214832886992,4.836435506165749,5.282994365304203
36,3.9734654447824997,4.068436445582068,4.209112420711354,4.407646838308572,4.603067352484997,4.8483294286689995,5.324717024007578
37,3.9431429623144867,3.998897831476444,4.1418700871333165,4.359013205405749,4.499024223427485,4.715189158722701,5.177305076361628
38,3.955861348655714,4.0183817603050365,4.178814745383117,4.429641940527161,4.636424546077939,4.857126455196912,5.308597203117591
39,3.9409254324233385,3.9970132883635077,4.142987111452649,4.378986350028117,4.563491101502682,4.806147940570281,5.2518205289620985
40,3.9207894939732606,3.9539523400565413,4.091670058338845,4.298565724253943,4.486702036337831,4.741584137130154,5.182919558895897
41,3.978570520450399,4.040762025390727,4.164499214320419,4.381570776094921,4.550448068866963,4.773780273137962,5.220080545271556
42,3.95680088531175,3.989462623573238,4.162340149984351,4.401811952686721,4.553394080197316,4.816927530874742,5.2424464602177805
43,3.9506696902904617,4.010819976854311,4.144791969988407,4.377287521703327,4.595426908624996,4.819835766440213,5.263101758689323
44,3.936540891648214,4.012047705347965,4.156420784441204,4.422948990728084,4.643465960039019,4.873391127847769,5.327734796426374
45,3.9381551397205525,3.967315740873999,4.120808049581932,4.346413682858204,4.529577449101655,4.781479936909726,5.282876956170134
46,3.929089734464754,4.004158267717886,4.169618991558966,4.397073171402024,4.586580534222453,4.821562668709586,5.260868896467429
47,3.94314193427158,4.005412981697434,4.123679195057081,4.322997874376129,4.497755720157494,4.779945072182106,5.229515826345119
48,3.9384930698186476,3.9923651763617114,4.127411626782118,4.385043150741671,4.577246537634751,4.856270954116598,5.294806810890754
49,3.953177603109942,4.027606393544875,4.159985110250356,4.379502013641602,4.591156975556117,4.85110290767934,5.290515982999496
50,3.8917849065185215,3.964532165173964,4.104521704087897,4.393088222195041,4.573923351683331,4.778763824349422,5.250342252856624
51,3.9216042204352712,3.976392495542734,4.142940235012807,4.381456779337336,4.5521508751234085,4.782933528569377,5.259977391201008
52,3.963441332149344,3.998152943796847,4.163436866902635,4.399428494059888,4.555736411046175,4.79108110156635,5.2307799571224525
53,3.9242070940102987,3.9641241884501786,4.128215037941782,4.388601531038657,4.579897378526853,4.823170001689344,5.2717701057635855
54,3.93975047191575,3.9701143768118143,4.121801497917977,4.355736819069419,4.4818880299857256,4.751083505886505,5.236728407773847
55,3.92570244480964,4.017031361489061,4.135573061689363,4.349110587855401,4.491940311254555,4.742769236615129,5.18301036241868
56,3.9403895927324135,4.035395499256203,4.13974082336207,4.406948969360666,4.595861227573853,4.843477610522367,5.301014091918902
57,3.957123106408455,3.999191407050406,4.1512920708657095,4.394802252334364,4.582016281065463,4.822008255654529,5.297038489663337
58,3.952378016484801,4.014912713981359,4.174630234511886,4.408054466760715,4.593446358051573,4.834875386007594,5.287524836988044
59,3.9042435431233242,3.996568204729372,4.1116973219443285,4.418999302512215,4.590112052711461,4.820268970377789,5.243588638680662
60,3.947259576563845,3.9966395399949923,4.151288470906533,4.371653820207357,4.53942684832034,4.7498413899287995,5.24153698147355
61,3.96114848358124,4.009166818489368,4.13999553125036,4.404529010766269,4.587145167709525,4.796013933818213,5.225867594512541
62,3.973871672159622,3.9979096275230264,4.129772906494927,4.36756054926194,4.490437713439505,4.7307182178664,5.164978989846924
63,3.9518476734511014,3.991552422267074,4.134548357302666,4.37719525578715,4.5439238507172925,4.767676368906012,5.1946682159790445
64,3.9607814362134994,4.001841150041658,4.1389544145803026,4.35317893461635,4.548710738765462,4.812544387765692,5.248238013464301
65,3.942981410153212,3.9562733101450362,4.145423956163466,4.35840895246193,4.520294929074929,4.751191334005772,5.224807622368122
66,3.9149587464503792,3.976857675708763,4.139232067311491,4.387170055884591,4.560000400474864,4.807707517565105,5.257767254370074
67,3.9855269689424673,4.023974615201297,4.212587040026839,4.463217168956269,4.6628277200925075,4.852309302646755,5.278496675445194
68,3.947882633049873,3.9958583024978878,4.161431489530523,4.423071430440458,4.609468544635354,4.849366605341861,5.2970124507170935
69,3.9437978736973935,4.006158923447468,4.186547943373002,4.361945729725195,4.521815374917991,4.7415019592177465,5.210199509199519
70,3.948686908437137,3.9949268325429204,4.125546972276894,4.384774276439234,4.5528003636932,4.771809950445481,5.233132810866777
71,3.9278874368182404,3.978569913278358,4.140028350213179,4.3606967469737645,4.5143908349385296,4.7730350150795,5.210181334100856
72,3.949635108932745,4.027525291587994,4.196770150562689,4.453975794566323,4.582154089123736,4.791367724921345,5.2420765231505975
73,4.008166013261343,4.059825497149337,4.20772688496167,4.458691027892447,4.659329331364507,4.943978451238632,5.393189028976715
74,3.943870487013436,3.998419323233812,4.16636618979704,4.401593105421276,4.573597065166671,4.817323572773291,5.27486960109934
75,3.9137329148783033,3.950579214389756,4.101638030759169,4.365168463098712,4.545306314660399,4.762728718879155,5.240367281225081
76,3.9313612234967756,3.979976331788006,4.136964124635428,4.40225826829604,4.568308258138235,4.828381434148828,5.308428107143057
77,3.915776322302019,3.984369693541674,4.16954419914681,4.4193230240724475,4.5831869669461565,4.8390318231068115,5.261351870427416
78,3.965370406608148,4.03135275984864,4.187407175284267,4.445421846760428,4.611546885482879,4.819986439092869,5.260361463003312
79,3.9717551420477477,4.0151844221508135,4.1693592797230385,4.387282601678278,4.557353343523184,4.783616467247757,5.247752724062357
80,3.9299841541219536,3.990824316955025,4.10137444349266,4.343304004058634,4.488353943089409,4.7263408404785165,5.159706762061115
81,3.9558079208648325,3.9824107677214724,4.142422145236456,4.395860457830578,4.570773193848354,4.809599571356621,5.26572686085521
82,3.9586533109463127,3.9928182269145944,4.137632904043388,4.410502179632914,4.592147615344824,4.84786961046112,5.284515929533419
83,3.97920346709477,4.033724074220581,4.181963445495444,4.391937053612483,4.534126957306959,4.798813754856088,5.242928426933451
84,3.9420210302087493,4.009011206237525,4.174657086461663,4.461637124664299,4.6093856479998125,4.832313046898375,5.30964438500887
85,3.9009926581264844,3.96858727151609,4.117927740949182,4.4049376612894084,4.54710946925522,4.7932265811037995,5.273066224225483
86,3.9649768680334123,4.027317257319534,4.16687099995196,4.391385941092242,4.58228612215189,4.834670288455074,5.2647646354107716
87,3.9391470141675264,3.9854886844701376,4.1497214418151485,4.378071621339298,4.509592800335066,4.746015691000388,5.1935191125487234
88,3.9751716744114933,4.0080353984804855,4.134362636653506,4.402088029070697,4.542860915589052,4.779758340313679,5.218164243201727
89,3.9174570196852616,3.9951652693182607,4.150731986751625,4.3687867151805575,4.542692036535753,4.769503479472519,5.231411916876656
90,3.9405022418766866,3.9935512956361894,4.144091417060882,4.436181166398447,4.576125950060834,4.835224518629636,5.289770089082194
91,3.9040699632100555,3.9397977724263895,4.064666973417124,4.327442437533677,4.5066174933684175,4.765185802062771,5.210228521288988
92,3.975336256524266,3.9812482047226,4.155402186628287,4.411984449206994,4.615639624460172,4.863223007405997,5.309726701224753
93,3.976940341283524,4.005740308088215,4.131252661690731,4.397984482109825,4.596926675666221,4.8123509389959835,5.272270189674685
94,3.899903208215873,3.9786071874041777,4.1303246618582445,4.395820497712539,4.577231828722743,4.813898480725873,5.285623347197618
95,3.916394339266829,3.98844355695417,4.134201185853674,4.377653223070206,4.537831975292921,4.749239463204015,5.181699152338677
96,3.9913688006471113,4.0534374525861665,4.19546337460382,4.438409027215002,4.652126279748006,4.882276415813735,5.291991207237602
97,3.993937124390398,4.017153251880801,4.184658436865256,4.429122426971052,4.589631222557187,4.807696683370633,5.2941769207740075
98,3.9319399392650807,4.008535080858407,4.149333341313943,4.379098906468751,4.560783727107132,4.819715609379157,5.286374840229226
99,3.9164141606196843,3.9663474529551213,4.108709288975172,4.358677033300495,4.5437338864442784,4.774953090283374,5.243500331683888
100,3.978268644778386,4.032708914193101,4.1650977845686485,4.484324602302166,4.678762464405826,4.902103640428465,5.316816018243379
101,3.930227402049636,3.985419959472268,4.130418376044831,4.389721085935685,4.523206622121651,4.7467555764920535,5.205055531485286
102,3.957343858093157,4.006783337790446,4.134554068979325,4.380769631074282,4.538281425129129,4.77269758649382,5.2446615660850835
103,3.9364200154991567,4.02220335800812,4.172304180948288,4.432611028654094,4.591351997846644,4.794205583004144,5.23891211392818
104,3.9696412402178023,3.994744294243772,4.157777565115419,4.4101794037971835,4.548864743800989,4.72201206177811,5.169610551882421
105,3.982004376052106,4.030792524373118,4.180911798799294,4.437313930454738,4.614733196360311,4.8377283124714054,5.299416354973176
106,3.956110546952628,3.9936971933459797,4.120370375797511,4.352739680529605,4.576774358918072,4.822573806070981,5.247490519929223
107,3.986901779097549,4.027993216006241,4.206072900522442,4.450490938933652,4.604320568028756,4.819737196336921,5.290328249220328
108,3.9713307983092063,3.9769544273376023,4.164754074201941,4.4252781669912835,4.616008660763005,4.829903826259224,5.297947103499704
109,3.953328311747915,3.993148152456756,4.159251638293679,4.403577202542191,4.598728082346483,4.839976093450512,5.324843157986282
110,3.9067142534921633,3.9906006531728986,4.1270821418433306,4.386932345826681,4.569410448212245,4.763870171572719,5.222261185058904
111,3.9074603903960217,3.9699967503381903,4.118914540271016,4.323737052485148,4.480343163246365,4.744539303328587,5.212133867513191
112,3.931595876966526,3.9729847396548945,4.155253312711618,4.384091630335954,4.573644210621218,4.783952042843103,5.22661720659872
113,3.942046591295284,4.004608773782131,4.141617371103612,4.387738657398273,4.56635160867654,4.816609095731121,5.252916643025016
114,3.9723099774700685,3.9949573764838564,4.146745983957884,4.415556804423123,4.631031329302231,4.866279041092675,5.310689062163608
115,3.940417896416164,3.973588099014404,4.123186867981676,4.370684508374965,4.547968309885449,4.753409692194675,5.205414379175534
116,3.9271431548314073,3.9804947479626014,4.131235967022268,4.382364625376352,4.532282319821975,4.754230747784708,5.197387623715184
117,3.9425972600352606,4.003148073713086,4.157567054084558,4.3935334458922055,4.568433735037364,4.787049071711328,5.233781353241779
118,3.9819852279324115,4.053065743603215,4.143383154083523,4.415078181174121,4.613158152927815,4.864289491119787,5.298255409685232
119,3.9955778425933555,3.9838503018386655,4.130429495734413,4.387235023635037,4.561491048210578,4.82311748389217,5.249249622688213
120,3.962909410138006,3.9841692176408645,4.177568418380971,4.425895269845936,4.59172024756063,4.809509415253442,5.257191702445502
121,3.9654488046114196,3.990858744111129,4.113028105262213,4.302858159126651,4.500456137752257,4.711785751723043,5.201144525096659
122,3.9727091143295468,4.003860624141713,4.145327526900595,4.359027985450132,4.533412650404154,4.771453556881018,5.215087642823596
123,3.9426407657688243,4.009328007628068,4.152535360324149,4.36962418303039,4.553511389456584,4.811084838569671,5.237104024976155
124,3.964621640894754,4.019478685914458,4.155862518627107,4.450199659463492,4.622229943839772,4.859826529292336,5.322403964329224
125,3.9671128531575133,3.9994893138789354,4.149625583624741,4.422485094500941,4.578991755678102,4.838480582570562,5.280167546579814
126,3.960577579904643,4.01861313971898,4.179733672921205,4.449178358650298,4.657694436272934,4.881402024570506,5.33849267869193
127,3.957804843735252,4.017163990908778,4.188145491993292,4.470772707553747,4.603792153809621,4.840563172006291,5.283617839663066
128,3.9683670972519343,4.027333909181699,4.180711227980742,4.458170375826755,4.653884391385644,4.861070680614911,5.313367785348647
129,3.9883282163812095,4.013452372103656,4.154750566522546,4.424396336772148,4.599093927870226,4.830442885638932,5.272761650150519
130,3.9755525707221513,4.014816294321056,4.126502173239932,4.32694820665027,4.48696746197337,4.752782527956836,5.1917453880329365
131,3.9682327992305297,3.990002650754963,4.154359900966772,4.401096822049345,4.604770129911069,4.8318193054718845,5.303253331537906
132,3.8944479849525684,3.9648924290162433,4.122084331715274,4.381822301141159,4.559855811373634,4.796918424406647,5.228558458617525
133,3.9125297564263635,3.9778162986840546,4.129977596844447,4.376015746677136,4.570739154334656,4.826256004430389,5.2904185765385625
134,3.946979772929266,3.9989490924196915,4.117540131132425,4.3559037190156475,4.52812023329549,4.792102010777509,5.279387577927827
135,3.9294524510533706,3.972527294218456,4.139332762582755,4.3471059473432945,4.525612376130192,4.767364686357215,5.238522222965566
136,3.881218017738151,4.016460348560851,4.144637829039712,4.41775691298783,4.618366570086511,4.826226219788258,5.234140751625214
137,3.94742669143239,3.999515256488407,4.189457764637111,4.38395370377046,4.559167787747521,4.775638939979786,5.214489557528561
138,3.92832639234381,3.970580628720252,4.109108731912988,4.369440031935025,4.541159526764077,4.812358960122249,5.256384982805146
139,3.9745603303669608,4.024204559694953,4.160539868435366,4.396477940250169,4.576233844640397,4.8110357752579125,5.266687219179765
140,3.9305923905156512,4.019992005232693,4.156375998658809,4.397697087299102,4.554674915790637,4.757472204447421,5.216092086498091
141,3.969941470648157,4.015448056723676,4.1765276362498485,4.397401738623592,4.540414024929835,4.776089086703869,5.222039869920654
142,3.948167764634761,3.979742844185716,4.170416685363438,4.3853719104621725,4.564920564230795,4.770647529093635,5.247585518104848
143,3.9567961984203666,3.996457428623085,4.151163265576051,4.38067844121439,4.565901594366026,4.815070835360763,5.274592211859268
144,3.972481655426875,4.0120461102037615,4.17008987077439,4.412753284172763,4.591790601090201,4.834661511909063,5.2890215430229635
145,3.899671885025323,4.0009880948099745,4.138547972678846,4.385827253765852,4.534381414075599,4.769701291571824,5.226667910888003
146,3.956545693184685,4.001077941664676,4.163329521694107,4.427890243811522,4.614746910043649,4.842723583967412,5.300892208198421
147,3.8999767368843563,3.9839723511093372,4.132522184500769,4.387032720775877,4.5771813952058675,4.799959660999813,5.213911171216864
148,3.929357058950001,3.9734373906679634,4.105965577189492,4.353366566066862,4.521380338261292,4.767326027393177,5.234433306339384
149,3.957417467586208,4.006751207410029,4.152352986718258,4.346554643632902,4.531107998421519,4.762155641979565,5.213804096171866
150,3.9510733786552485,4.005954935275278,4.146626494625424,4.41628169839635,4.577174017854315,4.783149981506387,5.238573584180393
151,3.9414900785197418,4.027074472857675,4.207236790099349,4.408834306269734,4.616894954989146,4.857881681171098,5.310170413161283
152,3.955989766559219,3.992511429112643,4.134378689970064,4.381128144905465,4.552021088887833,4.772227905613087,5.2582143496723175
153,3.9387353299071903,3.99428995860686,4.167241940581968,4.433836962591432,4.5968594269499725,4.816761568100422,5.285261075096639
154,3.9500119602532484,3.989191309051408,4.169293088696442,4.433972204200252,4.653291965465169,4.833580480646706,5.284943831976371
155,3.935714103366248,3.9849357031510566,4.136109469302771,4.3938171579017995,4.586414420581408,4.838740529397652,5.307037212409019
156,3.942878929989718,4.023138849662459,4.1805646340464,4.438458533966608,4.600964307578654,4.801365526833702,5.244326466318371
157,3.9279107420981707,3.977693042859891,4.151700619321515,4.375027185117288,4.540216651525204,4.750805157952821,5.238149448706581
158,3.9248915079986286,3.984991447386014,4.1102282624923,4.340208865028797,4.509880273316105,4.750071182174382,5.2381615904873415
159,3.9865697727744407,4.032839688654754,4.188020064215663,4.439470127648817,4.598778609876445,4.851289488855926,5.328789466600598
160,3.9395148937865043,4.007469971063685,4.166509457915749,4.395524161191477,4.56815951680893,4.819466285574248,5.271827859126191
161,3.9358341833971116,3.9934920930115934,4.136544941325706,4.382419745601909,4.5712896415683195,4.7734352343495665,5.233700740536008
162,3.927141185772231,3.9930361864966026,4.141512637090077,4.421967170767643,4.605216830888288,4.794025642396802,5.236465949572171
163,3.930031347401617,3.9864452758460915,4.131634793939105,4.375297852678343,4.583677868014246,4.8125790552550916,5.286489707423447
164,3.9919641183453742,4.041806313419079,4.218884678958361,4.4943157697137925,4.669511984651555,4.8816948734237755,5.324886167140223
165,3.919394932702022,3.9846801985305826,4.123659516741657,4.348032943897622,4.522943978653417,4.759068808701427,5.241173957193657
166,3.9810559309372464,4.0173458931323855,4.108142011336282,4.378615410116222,4.562011745607541,4.820087325017138,5.247942199084198
167,3.9807560930843224,3.984030594089001,4.180952652771215,4.439820565002105,4.588147860215126,4.793165330945171,5.243949227651514
168,3.9375151694693677,4.012712096913532,4.173373590580701,4.4407967070182615,4.596074012041851,4.81826313290734,5.2296487653625725
169,3.950750031689241,4.013295184394705,4.168492358364015,4.400477537764895,4.5944113320397575,4.851968082228348,5.286484687817254
170,3.92955983817488,3.9756382937768127,4.142641082861554,4.391702978139214,4.555628293035313,4.773581818750906,5.217196570563702
171,3.9236653436552604,3.944529841983111,4.135111870669018,4.345027246492616,4.4916865325274395,4.744029020334444,5.214764784956388
172,3.925247430646731,3.975352289366198,4.1326810614786575,4.41567125559208,4.61757991109472,4.861673183315809,5.296197405867884
173,3.969738172211797,3.991588871033534,4.1627187049964,4.439401118954922,4.606825476530179,4.807519379800638,5.279453460729232
174,3.9543650418851786,4.01274993568959,4.119804380791223,4.435149015006988,4.591910117174379,4.845937477733522,5.246539766981755
175,3.926952518884958,3.9918450621542503,4.169781714971024,4.412996379866268,4.6020095048185015,4.8652081310574085,5.332386290168257
176,3.919549053251799,3.9838848468551444,4.13484806066071,4.385128036101262,4.5381310678624365,4.784723860787912,5.24663779553944
177,3.968601587352011,4.006738473730841,4.1602353694942975,4.420910025363131,4.622164818505244,4.856276199766761,5.307890321444683
178,3.8899630598574477,3.962507815363658,4.133498694630437,4.33185930058851,4.508338814550102,4.7454929960973695,5.204946223506651
179,3.998302267264113,4.004223724506884,4.175895773410419,4.434601774870773,4.592725466965733,4.813216142622368,5.241228569249644
180,3.947361423126919,3.9938412993770758,4.176539611969697,4.391724635668686,4.560963618396329,4.787626063580497,5.228514733613708
181,3.9546523430239566,3.993989294833478,4.1249039794789795,4.358490845509598,4.517736142312268,4.770894124675637,5.221439471780799
182,3.933750496971387,3.9906640507280478,4.142504279780877,4.363809486609348,4.5270514700785,4.7649943684903855,5.264099813933306
183,3.931396697346301,4.010471920162243,4.1746103635200935,4.412128561940921,4.600179835405798,4.812614988032926,5.292668963619862
184,4.003966229639276,4.0675571257415255,4.2012317151404766,4.478455287721975,4.653275041820397,4.874999622544356,5.333779580721129
185,3.920121015246532,3.986572370178558,4.084544089375179,4.330480943942053,4.4863044976360715,4.722876796657917,5.188078255372137
186,3.963631089255624,4.008963450415824,4.147842214021114,4.399987855385269,4.538769522768222,4.774195186188765,5.178426604711624
187,3.9473376926201436,3.965951871522237,4.112357682375826,4.376697806555012,4.539201499942307,4.817583252038971,5.213047771485943
188,3.991723791304638,4.018136151823013,4.1641830783137594,4.401981563598007,4.59538897549956,4.801964565022793,5.265043251175538
189,3.9075551616497513,4.001612283072474,4.158093629786156,4.407179936851553,4.5857851708968855,4.809483428575296,5.2607577556782115
190,3.961859659498099,4.034379130185961,4.168904229030116,4.413141676586844,4.632155627651489,4.879192297347783,5.329725966457385
191,3.9967030589468244,4.027293573000048,4.207680149277811,4.442182592892796,4.644479303861756,4.8756822245481946,5.330959926917724
192,3.9058686467025265,3.9440592031765282,4.095517518806114,4.350644427678047,4.534717068078313,4.802617444775626,5.262643715485918
193,3.9314320104774954,3.97321318634664,4.123732080293899,4.402802709872352,4.598835993823229,4.8659236783002795,5.338212857195094
194,3.9553769058311596,4.02513629843381,4.176322472186269,4.388398868756007,4.534649673426516,4.761556661412371,5.233356557706125
195,3.938630063786695,4.014784513821578,4.174927856952,4.397744683108877,4.590230434208056,4.829736181238352,5.259921356018799
196,3.973013048973736,4.035092928937079,4.158616533900593,4.385130435869449,4.542176264691577,4.76250386851122,5.257326031072251
197,3.9711148152685314,4.016427273591383,4.170154336071745,4.4001933902150565,4.5574668072900435,4.766543837024526,5.224281340689266
198,3.8728393379778936,3.959722029826757,4.097516808032998,4.376802876054513,4.530598896659695,4.739021567485036,5.187497068493095
199,3.972085882287867,3.9941633653533315,4.1440137198804265,4.359254199216466,4.523505849870894,4.757376550337144,5.180567042797743
200,3.9987574234852645,4.035917596275086,4.175965765271159,4.379740869272416,4.529678152330691,4.782383502019548,5.229066456221572
201,3.947061770420224,3.9877800596460276,4.133763261076626,4.358426704744712,4.530998471878854,4.756127522412248,5.1948883746357915
202,3.959023812918789,3.9947575442100267,4.121776357258869,4.384442150060741,4.540108430623624,4.7532703797932285,5.253179536401833
203,3.9813909034267323,4.01394581556138,4.146498636523112,4.340384564358064,4.48935712376735,4.737019721267479,5.22151019250525
204,3.9628072584168836,4.0089946096893625,4.150057940232145,4.365582882345627,4.574332708290008,4.822615678784074,5.281130153331716
205,3.927788124392681,3.995416137425713,4.10572981033992,4.372800028512354,4.548625377415956,4.784154450752507,5.232481362616432
206,3.924567137407505,3.978199140357812,4.143806047123624,4.446855130908321,4.602445254141806,4.787164006523741,5.229499711635357
207,3.94232734318999,3.969182240951045,4.166223891828075,4.426908801164054,4.61358047496557,4.864410459267824,5.346890249866081
208,3.96920630635403,4.0064823199132835,4.17069165632862,4.400540870375424,4.592786992697597,4.835212341164202,5.27688080737322
209,3.955757558448434,3.9899826559208313,4.107609499234647,4.3151096492798695,4.449584477158923,4.708014670796164,5.188387620685783
210,3.930414700078981,3.995418211572872,4.104004810202274,4.377554921513592,4.542041901090132,4.811678201156381,5.23789932228264
211,3.947975447085872,3.976366117750657,4.1028969072672705,4.37512879461274,4.585565285012221,4.8057695380823615,5.2599795131946046
212,3.988773360296525,4.032754317144833,4.179599274997604,4.4211579062663295,4.613610014719584,4.860513793919436,5.336551145490574
213,3.98202999053559,4.0007849319418245,4.132956008186663,4.3770056004803175,4.5332745434739,4.773356743197303,5.215922851772141
214,3.942190231675421,4.0045084845308105,4.158701633578377,4.411423704201805,4.578526113566057,4.811287386735534,5.228686939887516
215,3.9650321242145354,3.9921202346648723,4.151547530128667,4.401284047149235,4.546525818064243,4.757398800915593,5.210157507933875
216,3.9633149758973776,4.033855403140387,4.192434767248158,4.395648075528378,4.552022107024201,4.753208482650483,5.220182577817363
217,3.94948996719036,4.002612001031025,4.1773389725355425,4.3998282249013965,4.555033841416101,4.752400497103753,5.16990270342311
218,3.9418623701362323,4.022559564690769,4.195732662562217,4.493956238465848,4.683427431679599,4.860326063625585,5.295731203532641
219,3.909839621442011,3.9722541262072504,4.144534451238319,4.380872465934286,4.543132678100171,4.734110316132523,5.192978816903203
220,3.895571104731016,3.999751797344841,4.139776149981194,4.4021820604028585,4.62986470423793,4.863719724890715,5.3244074458018735
221,3.943856151729849,3.985827452934516,4.140149409836564,4.405382391000026,4.558309494643607,4.823403374875665,5.288248196535234
222,3.9592007732196888,4.006233736746076,4.131377156448663,4.410644526508262,4.601528855188261,4.8541018530341615,5.291123178381082
223,3.9528712024445594,4.01864464619094,4.18896538752371,4.454378946367847,4.624449996238179,4.847705328852037,5.3089294610460325
224,3.9458809213651445,4.011178793702981,4.141034073790101,4.4154755380335775,4.5812873592920536,4.790035169134605,5.224023066660421
225,3.971785504044578,4.012495982616272,4.15847318422461,4.39821164341907,4.534207235245823,4.765774706325961,5.204154739035881
226,3.994660111853025,3.9997608035966965,4.150619709668283,4.421986635628816,4.619465830825539,4.8706016567282955,5.308517074145251
227,3.9619228860112883,4.003829232506617,4.138480164187162,4.377302843378906,4.558428335507043,4.802843851042993,5.1971080134306735
228,3.9534457739212256,4.016014120204233,4.17799832270138,4.431694935056509,4.610871210148169,4.81014889091428,5.23902555254306
229,3.9786858264498655,3.993229369367717,4.132093405396276,4.35538293510827,4.557042282135661,4.797551303206976,5.256896412938117
230,3.978906648024896,4.03356005288674,4.177382662700831,4.425361224115182,4.610302622194496,4.863702301770671,5.330329847437835
231,3.9504339603940113,4.003006838644229,4.149051433223131,4.369837299271712,4.582119699419129,4.778350971727013,5.242653573854951
232,3.942301623241837,4.0065925146084265,4.184269599261127,4.441405262607662,4.653405404097708,4.872204994509538,5.333687962878452
233,3.8846786989750224,3.961865651551304,4.16070091798274,4.399865048525414,4.563527748816729,4.799225108764074,5.249553151992021
234,3.948111354939506,4.016229053418185,4.150025133618744,4.425975226619187,4.602390029143462,4.821315557908853,5.3090345463963775
235,3.9184695252744035,4.0049810549477325,4.164367518604733,4.4002396888070265,4.578131895336823,4.8203442228503075,5.224585442970606
236,3.965776121260806,4.019024621013767,4.139936466917644,4.373174590080288,4.568698362358408,4.8004838601920135,5.263931392683618
237,3.95698098423043,4.003105802504835,4.115822943940991,4.396346356884599,4.5587534640210245,4.770671672676447,5.227531211766008
238,3.90268499436437,3.9363306164595078,4.1241322896685535,4.383525794475654,4.557524422498729,4.81123348035209,5.281895189667269
239,3.9518206003938983,4.0105167528006485,4.125297193257833,4.391648036935336,4.559591449282184,4.792652022577194,5.251270121957821
240,3.915910061339337,3.995398410994728,4.154041214619668,4.405201842869401,4.557726193768427,4.770816704373402,5.229487630255566
241,3.956544828592477,4.032247729132825,4.206033390131613,4.44765938879958,4.631900275403258,4.860841561487637,5.301960870783714
242,3.9565697512484586,4.025001678303956,4.128888525947314,4.3783347130042465,4.553566877060384,4.80549573105317,5.2440242243693165
243,3.9177242473720804,4.025380181500554,4.191105195230502,4.417788074293867,4.610710897089025,4.867572689583564,5.311490459121996
244,3.918322310814509,3.979525464415799,4.159226560540193,4.444786640672275,4.603025338032271,4.8023097418416905,5.273006403370702
245,3.955554234990881,3.9738328966210763,4.111390981626221,4.386668963810843,4.533116212502897,4.766383768240012,5.197452726805097
246,3.941978380107701,4.006866345163587,4.170503236971092,4.393890445263802,4.563959407063493,4.808541999428136,5.229837072545573
247,3.9328601001216814,3.9999225562759833,4.126487261760414,4.374366321508656,4.582561909634135,4.85531089660884,5.319749275890982
248,3.945048007645012,4.014244761464356,4.1415858559094305,4.384525749714653,4.579462234458497,4.8043771069092145,5.2480095344846065
249,3.951095491095998,4.0038527023387465,4.185498005531613,4.4341673909171675,4.638535423418093,4.860600152462712,5.300760295267435
250,3.9397582857956728,3.999021819902111,4.150919634550113,4.43556966057269,4.633605048612166,4.855902378000508,5.316667899459948
251,3.965365848538225,3.9992619162724927,4.168082324162926,4.429151847897513,4.619932469060239,4.816176677337596,5.281135983668123
252,3.955465827110319,3.9961455091676057,4.110272638001051,4.34337696009876,4.479282308777487,4.7122765432517095,5.1380113425234955
253,3.937945540382964,3.9930722136141252,4.198710042431663,4.421647274128175,4.622913878043501,4.856236031828387,5.280166068701892
254,3.9822920408650346,4.045600775597292,4.165096652894602,4.389916234127467,4.55016827892355,4.783775401837215,5.265115632082351
255,3.932572287741209,4.022083122321445,4.136139558576882,4.387674858012552,4.613629654433439,4.874512021726196,5.322488674843538
256,3.8946428163942026,3.9684789386002053,4.109055003281849,4.37609661858659,4.523833668989827,4.74423609600593,5.219276190821994
257,3.9247478601124466,3.990014726447938,4.14785629614498,4.412268234289943,4.573217175875849,4.7893146519534495,5.220314198512699
258,3.958870367285267,4.009434135529554,4.154254683243061,4.407689126131995,4.57246448393785,4.837967977564357,5.272634280123743
259,3.925466699347306,4.028752385289436,4.136127572528087,4.372555262113418,4.551236184101668,4.785094309930775,5.237001950445312
260,3.937949149384075,3.9887801090883017,4.158745143665347,4.399473538600506,4.566342278532438,4.798251504743424,5.264211194148273
261,3.9625558694412053,4.0254553333542065,4.179230056001098,4.4191675943669875,4.648581676755538,4.903548684346438,5.367128760550123
262,3.9398109073356355,4.007439018423289,4.136624887859189,4.361549067519319,4.509495412914961,4.7206855340730804,5.186396619620223
263,3.9505565306027695,3.991618424863356,4.129993724407805,4.388593349691847,4.534803497847288,4.77266370259437,5.246067163733914
264,3.915028607056054,3.9832363292800226,4.12470239574337,4.3968070531839825,4.582535800626144,4.829773872954816,5.233856676339254
265,3.9301770186093985,3.9889815015319137,4.153280271526164,4.397339883731024,4.59256040400327,4.82371037344165,5.276117943447644
266,3.9646648578007038,4.02396431401246,4.169086991017362,4.395818915645955,4.584819399165467,4.850050968679777,5.285009790035229
267,3.9264715535277777,3.9706177688187196,4.118004791609184,4.333519985930302,4.505037065083754,4.75827372467413,5.213445589883355
268,3.92098980565206,3.9942312197977428,4.120460797095405,4.390149267687701,4.553538398110128,4.816105532724615,5.243566418328696
269,3.955244596233708,3.955020024919713,4.101850715996884,4.3390942578138345,4.524835438113739,4.800730411384497,5.2580473265410195
270,3.9894263119063025,4.036477741848428,4.151612010098859,4.419166598113136,4.5745187530711835,4.777872814938586,5.228770899858579
271,3.951499874901541,3.9881596801731214,4.119199548398864,4.398853445725394,4.537745593881863,4.766264745125854,5.178690726887278
272,3.94673957066265,3.9805040184595923,4.148807703034617,4.403297962777923,4.560486681024312,4.774674508927791,5.224601361149411
273,3.961672925269699,4.011349885858912,4.160276069034773,4.38601304642282,4.543749930434212,4.775512176685265,5.211984903623128
274,3.871226248701307,3.996088422517537,4.1443647590895685,4.383463992461193,4.5832903561416485,4.784795201347542,5.2075608818252865
275,3.946506768492469,4.025367417717406,4.194612128329623,4.413147700053737,4.5993072804586115,4.812858355383305,5.231693136304852
276,3.9408079691289295,4.026991677412534,4.175851706526518,4.458230356806301,4.616949403756151,4.835034924367163,5.3027824126595196
277,3.895976005100465,3.998375184964744,4.156714751882207,4.423102419607095,4.598918763285872,4.841464267383842,5.309377926033303
278,3.9763145423193307,4.0385722991755255,4.163368518145478,4.430318155492375,4.6031360255286895,4.854014994441982,5.252573555289827
279,3.9387624465240245,4.0220832243875435,4.2005055816772,4.436787867400276,4.589685324452506,4.82761592493252,5.276128977027298
280,3.921324356716465,4.011233511260471,4.165731943787693,4.416253125101968,4.599389626080875,4.836436658914805,5.275929992588613
281,3.954781535710379,4.006313299524441,4.1557249812677295,4.392233200659293,4.572652219279457,4.795779764424277,5.2333945907089765
282,3.9701544246644214,4.014829849710867,4.150816679835382,4.38317434490469,4.581497092511245,4.7997794679751005,5.263381458762116
283,3.922054309880316,3.9774703046216877,4.169287130634798,4.451879392095314,4.633241340140331,4.850295516126867,5.316902888848945
284,3.9535827543774844,4.000977353498573,4.150880256456215,4.415323825553469,4.592783413828748,4.836178908125026,5.271836129455451
285,3.9810981385764865,4.025607318843011,4.192639493017777,4.423192989609579,4.601893674816001,4.826017625711909,5.279195773983259
286,3.9497535474139642,3.978723704965807,4.131216661215062,4.3986246298063385,4.543154488905375,4.779453643910229,5.255738032568993
287,3.908416729879114,3.997424109153855,4.144168989737227,4.3904872070167364,4.565836459769351,4.769417981351429,5.240352058811588
288,3.990699989287129,4.01686689853098,4.171363243846866,4.358894840236717,4.5337110890686505,4.773320578815925,5.231707745469994
289,3.961876525509408,4.023547927710435,4.156728728408563,4.396738684376351,4.56544465409076,4.796030782504544,5.26063586357243
290,3.935466755549985,4.027101299380093,4.177964803125771,4.4119801847275415,4.591785361628189,4.8079915018442385,5.214223428447827
291,3.9631052272836693,3.9908359459421625,4.134922873656496,4.353111796718156,4.511486813499233,4.751504197960805,5.198946297541192
292,3.962323808611999,3.9920975494442827,4.1710817979085455,4.367538101921029,4.521409576211529,4.756034286799399,5.208748193917026
293,3.977063637228521,4.045485273030504,4.179979526055657,4.438843908687097,4.623953791418669,4.845392348617662,5.315939634992021
294,3.9767561371449824,4.020393831515829,4.1487185643420945,4.395123669165216,4.573662960003258,4.878016781573107,5.356608671114267
295,3.936526078553084,4.015573678733456,4.198438694421242,4.436635661996376,4.600211333738332,4.809726329802538,5.263962403595586
296,3.926558596994243,3.994968751840325,4.1424737578955995,4.392551578825765,4.561553400619723,4.825102543864968,5.278507081561722
297,3.976144815923746,4.018991631962681,4.171834595881555,4.466107458769151,4.639267018033219,4.90208965135632,5.326748672653164
298,3.967358657696888,3.993807330990563,4.15049464579131,4.407748228371712,4.612566938532915,4.848755297961362,5.299746274872825
299,3.946181398583914,4.000241115742138,4.167511894852476,4.4052797508994495,4.5794213470699345,4.799611729193612,5.252209377094635
300,3.9386710642160874,4.020911493106006,4.127538740013171,4.353759135046862,4.536794578562542,4.760307598221473,5.23969144591611
301,3.9560119326624594,4.027320276409208,4.1734021406385,4.406380283768242,4.577608656831001,4.76530058372182,5.223052676355062
302,3.9730073375710844,4.0168707184075805,4.186851845191329,4.427782491743094,4.611847208455982,4.838556412833138,5.296489331507161
303,3.9528694984241395,3.9935299742447476,4.150612595690164,4.376392338436579,4.553827830826302,4.778164872046909,5.235897773878914
304,3.9695781038067164,3.994059371872783,4.175108643564378,4.393900218058363,4.568435137129567,4.803091174561524,5.240753914733093
305,3.9097255590331543,3.9930845328646645,4.155191875945615,4.360580446980137,4.534861759968384,4.794380558277605,5.264534383265545
306,3.960601562686083,4.001891529405254,4.152899848711594,4.399326084233379,4.567756466148141,4.815606618936286,5.293685774470372
307,3.9182733527164495,3.956883820785348,4.1004419227821005,4.311271501743398,4.469708771288915,4.703496333560798,5.1311538935067205
308,3.96383379036758,4.007464614302674,4.137110163716087,4.374583132668672,4.569377833416333,4.807147242748956,5.248483511282066
309,3.9717327607623947,4.02174974649953,4.136976800489565,4.382978344455168,4.5651307793057505,4.780707754956773,5.236968552191149
310,3.9213417502984678,4.02507034795542,4.1528568749457335,4.341196373134428,4.520055857359142,4.787823106975942,5.257538402731662
311,3.9788507754378,4.014979004028777,4.164571293021415,4.437486733125794,4.61680430050308,4.829013646359663,5.2722594353497065
312,3.9068593176782027,4.0071470861635845,4.144017639619082,4.383702163645994,4.531344139629442,4.776921133636668,5.257252669380068
313,3.9709596768009847,3.999411118654043,4.175370315504949,4.453612926323475,4.641919309844695,4.863287551351026,5.3400985441314885
314,3.963174433234063,4.03938981628229,4.176860150913341,4.421264193003919,4.614642706066519,4.844968075265566,5.273730308605219
315,3.9593798375486937,4.005192845791605,4.165856501276065,4.409181626356318,4.594134610518789,4.799667135956072,5.2509515443292685
316,3.960857285306611,4.013953141088084,4.1699189770219,4.390367785966214,4.585899109623723,4.810808121042528,5.2690842048480615
317,3.8972566517662517,3.9563037479996357,4.1048830219225625,4.348288591375329,4.514226636905694,4.7645295604067615,5.219725823630221
318,3.9389190382318113,4.023744025930435,4.164777638415013,4.444268831357063,4.637708717967454,4.864835798899292,5.312972933390445
319,3.9658949558885848,4.013947290412834,4.1307286921032045,4.369111409440719,4.5293896596208025,4.8090546364153175,5.285698422683416
320,3.9344239887350967,3.9969321388973147,4.132014149173183,4.37423185099675,4.514433032044002,4.72505713428663,5.16986009610086
321,3.923698886906924,3.994722202421233,4.151011429871798,4.3919005374617175,4.516959991371076,4.740522773602832,5.188834041019647
322,3.9805035741111183,4.008038868113483,4.154555192189191,4.411588303911428,4.577875747387032,4.857780973372761,5.287843428097341
323,3.967589829728418,3.998698294676785,4.157816113031117,4.385284747459801,4.508130534417437,4.757732441293533,5.204084786804688
324,3.9491121636851094,3.9985161526003425,4.169687087771881,4.418628545697441,4.597167864903004,4.833412417593576,5.29681578828835
325,3.9884329779931376,4.014033040533488,4.1781411787490885,4.4504168865352804,4.646070198089627,4.880867150608743,5.3293598230481996
326,4.0192813706116155,4.066196974166571,4.21298828348339,4.460803435023588,4.690804657376095,4.946267795688683,5.369007147764614
327,3.9502719373222623,3.9691116727034155,4.145875707380351,4.3411348384192,4.526503227883593,4.7560800002321155,5.222982741038805
328,3.961559816508796,4.0198966733032355,4.1853909343243565,4.406753359243244,4.626616787793251,4.874366093962831,5.344572016453564
329,3.932273450808389,3.9883216726425963,4.112174094589773,4.345206408301812,4.454278127918206,4.703664719635882,5.127542309384053
330,3.9262813247520754,3.99608969397055,4.181389515353386,4.395432709038374,4.585929101485576,4.818595453508618,5.284924675933553
331,3.96091735532109,3.992991806214047,4.132681736721366,4.352202536005223,4.520102724398309,4.7746635342757076,5.242693146027343
332,3.9097738789656464,3.9484127476104693,4.124642341392153,4.360166998103219,4.5443490714510055,4.7983688379295435,5.27712698314255
333,3.9140846480142915,4.000143628454734,4.207604044499369,4.47961670901568,4.671439787446351,4.903001134533072,5.348942756313972
334,3.9673855879766253,3.9896028265315295,4.183003060740483,4.422678757521663,4.642823852806978,4.875899343365209,5.319533080652203
335,3.9441311558719474,4.003124032375541,4.111762770206396,4.321797324117923,4.524321573321534,4.779823693968411,5.228582486522095
336,3.940173530169811,4.006319230931911,4.188734990923329,4.426672159285903,4.61197909642108,4.8289285550079635,5.302157114012685
337,3.9481017089070987,3.976333327251256,4.125910169282848,4.406797239254955,4.597512332018246,4.80414587424368,5.241676289444547
338,3.9106854018956936,3.9310484639697454,4.116442096667251,4.3271797455527246,4.523558730884324,4.744644615251416,5.2025131666438975
339,3.923070460079215,4.000732363470224,4.14450274516771,4.367931619640062,4.5322143354848645,4.7540486101827595,5.195360095503923
340,3.900803080220356,3.9774713104603663,4.138659449339234,4.373438939815755,4.526839151800783,4.728431451268054,5.161312701697279
341,3.918447323090102,3.9786306885313425,4.136746802303509,4.4251167413051125,4.578587503325068,4.821577247696507,5.265830755903948
342,3.9387815012918876,3.9769344716527306,4.089101127025583,4.377412887595531,4.544542604853996,4.780808781526423,5.243574103051947
343,3.967514176496612,4.022107539319997,4.182068715122662,4.4338478335457925,4.612939599490611,4.838583466896216,5.267926484781712
344,3.9290600863369667,3.985466754516942,4.122403280209873,4.362427650008542,4.541353676515793,4.778652491440091,5.198262821331145
345,3.9372575848703546,4.0568561253472515,4.200477687252379,4.4675308814346755,4.679281898038771,4.890990485794674,5.345010957550798
346,3.9232032763394615,4.024602366041359,4.131337337931879,4.363414339342886,4.522664879365063,4.74639669474009,5.177885246087901
347,3.9428287882752726,3.9883068865522544,4.1396242708148945,4.363150893316019,4.4954375946643825,4.71542233500936,5.208673474310488
348,3.9836387306744974,4.007259184850574,4.12728020204307,4.3535033269734615,4.488470709195224,4.724390574633891,5.164602417978004
349,3.967833435837037,4.0092711537889105,4.161933183269866,4.409876800880916,4.593707511681389,4.857720644459164,5.309497910488315
350,3.9732459718003734,3.9968230703637575,4.120487564871326,4.323632783606381,4.524393209484075,4.78960331021632,5.258618810145034
351,3.9729411507713692,4.014904867366309,4.1520204380506165,4.40301733859581,4.599239535026188,4.82473590137635,5.27490107919409
352,3.958613099333219,4.0222299056717,4.173343493586853,4.455954300028894,4.61634781097112,4.826156959124677,5.222805055732281
353,3.9504125879636094,4.018075207673052,4.186973858613438,4.429937917654511,4.593358847151149,4.818709815321177,5.283066870356289
354,3.956323555532484,4.0166931367832435,4.125156976704779,4.406803434878719,4.582798885975807,4.822480668227123,5.287027037076756
355,3.982731858061172,4.005426337036333,4.127215541368793,4.357355811326894,4.525941993701844,4.77700052037183,5.236406821390528
356,3.9508240706631677,4.00728774100365,4.1688280973416525,4.380942059463059,4.557080583427795,4.813238544465067,5.276998688415491
357,3.9463865678687347,4.040216689344893,4.154287532731846,4.37187560058996,4.5162392708034975,4.75747757242621,5.241466669326202
358,3.9325450999204605,3.9748936589718453,4.139897159889725,4.338591271423092,4.518576328146463,4.748613404455063,5.224059011199978
359,3.9516279602701947,3.976061862396478,4.125821123901735,4.322718429860564,4.506141535763806,4.753850471470405,5.199300939469664
360,3.937819246902103,3.972532495715835,4.1418314591449645,4.387871436435843,4.525642270856771,4.77057892029991,5.225070315201881
361,3.9411152627394803,3.95064613245484,4.113555789258141,4.39539707220951,4.575790406914507,4.824065274228412,5.290131203039414
362,3.9185984577016675,3.9858784422709825,4.154808827347705,4.396558862668711,4.5806708509452125,4.81898370843025,5.292915430110931
363,3.9374443886259183,3.9652954156029465,4.124878091472177,4.400181938192903,4.589218103564861,4.818214026751059,5.266176762390452
364,3.961654690443199,4.013362436500034,4.140142555076682,4.3663499448803975,4.562757449335754,4.777148937868089,5.245523605646816
365,3.920393945384558,4.018203308899144,4.15572382301977,4.464059487538497,4.653617697050346,4.870620000273459,5.324044976867651
366,3.9920770079339087,4.035945165959079,4.201685610823953,4.421475681991532,4.574646505175712,4.790329818039404,5.269286207765564
367,3.937715781056463,3.961990063154049,4.096305463697848,4.331198297663364,4.4915897804053,4.7789135567277015,5.228728469500366
368,3.90645140186139,3.9754182051528675,4.12328350337196,4.3419423899403675,4.5339494729398035,4.796331043635343,5.2863690555421625
369,3.9766377998339157,4.038298757601755,4.194042792692419,4.4000079087353745,4.592841347284986,4.838396065348319,5.2901988759180725
370,3.9589952826128716,3.9878609272916727,4.138106875923022,4.370644886457602,4.54578170871358,4.78442379885785,5.269546728505702
371,3.9128788542701773,4.003295532514444,4.130300095071896,4.375297759125665,4.601843448013138,4.857093000550244,5.325899489097892
372,4.002266208618925,4.022312120622869,4.1630269108025395,4.403956001457644,4.553993423663181,4.769894448058328,5.235948172455255
373,3.9397922169112807,3.997458234205843,4.135056756876399,4.3985334835713585,4.517656733101088,4.7435954812265395,5.1909054717455305
374,3.9603762569645666,3.9938629586391023,4.123061136545738,4.378127174800253,4.557413755341142,4.768101084044483,5.199086156436962
375,3.9277609802133244,3.9657978804157823,4.1342392122526705,4.417509752515787,4.595259226665506,4.844484102909095,5.311245344175681
376,3.955566832502757,3.989957723182216,4.12172796964783,4.371288561640994,4.555160004621714,4.835372291632176,5.290991462145558
377,3.954431680439142,4.020033392440654,4.158073270740026,4.374636436619719,4.562465434007204,4.802936855213973,5.277917877619855
378,3.9504912711284903,3.988482906771959,4.148930223125672,4.396336530820219,4.599503482972782,4.847681588731512,5.275323444193215
379,3.921895585754814,4.026636549724607,4.140245458070159,4.337779728416658,4.5027251493163005,4.715995126574661,5.198517323986031
380,3.939923611718675,4.014609849463035,4.163797110616484,4.417539062679503,4.612569265589522,4.8384089842685265,5.283840404225728
381,3.9718636368366287,4.013858578022616,4.160398729221976,4.4378802574149026,4.619400343808728,4.849443567903181,5.276069148825929
382,3.939040252820396,3.997356277807502,4.159131546937101,4.415775050236737,4.581531775487899,4.79695997330153,5.27758768490571
383,3.959281328711071,4.020909865165974,4.150725152700519,4.3592918409890915,4.57731110898807,4.82568919340315,5.281554828484031
384,3.930767089883597,3.989659595381057,4.110993949425454,4.410644570319395,4.582206845744596,4.819899193276496,5.271205384037973
385,3.959854538411212,4.003814866805068,4.142303277738911,4.390544639333867,4.548179412514561,4.723876409553402,5.16292697935077
386,3.931896829104299,3.985463607156848,4.137190235623265,4.3524561660604135,4.522513307191589,4.780580611390266,5.219392296519708
387,3.9210933217751287,3.9959826502612086,4.095986834138249,4.3673586990693956,4.527630174686423,4.767107600627014,5.25053137395037
388,3.956874487220624,4.016369849619818,4.147161410104417,4.383064721840893,4.572116342649696,4.816857189323413,5.2621738212727225
389,3.9728871161876924,3.9885529844019763,4.1414703758327756,4.381483295008932,4.548484724261337,4.819605441545275,5.254715489148368
390,3.962909729109426,3.9867972666985634,4.158964801518737,4.3975189135057615,4.564828091557117,4.806430302456523,5.226474116969755
391,4.005086543138535,4.045684550084963,4.1750610807673425,4.429475968076879,4.6003775825265585,4.853268323495999,5.302347846222736
392,3.936446347121766,3.9768711012581277,4.101825259754414,4.373455287980365,4.546586060924781,4.845453177391637,5.3137309690155705
393,3.9441252443719987,3.9749962227857605,4.113728340682057,4.333400621714285,4.521793600405435,4.776478602387633,5.237169133377471
394,3.968275928865441,4.037049043532698,4.192761870714821,4.4078046443439165,4.592099466834982,4.810301684687956,5.250978909741334
395,3.9327486003455094,3.96419982686301,4.1145456542968795,4.369170101260504,4.54770593318705,4.791887488700778,5.217162190947171
396,4.0079397497932305,4.03932844738273,4.1976308209578725,4.409618451929291,4.5878493774745115,4.814556319256447,5.286922185843235
397,3.925584010433561,4.015697925415313,4.181133399884375,4.403347936572579,4.573919285145767,4.793948169246114,5.281766550619222
398,3.921776959113298,3.9782246236129115,4.153462704780795,4.416495917263607,4.60685393036048,4.8489715652264955,5.32370209520993
399,3.948724786508524,3.986530523104878,4.1462874542489985,4.414032997385403,4.565424255446353,4.796956498175954,5.25693522287464
400,3.939965887311831,3.9957382508815464,4.15063739632044,4.385234838797116,4.575674121763155,4.8417708955899705,5.300648928091914
401,3.9539789716892173,3.997246004924833,4.125124420338527,4.3702166356413095,4.5881283193159055,4.825327593195063,5.283382887564604
402,3.9387336651138956,4.009361005021847,4.168063447459095,4.466538726777345,4.656649045359834,4.88878545023442,5.32344407162724
403,3.93317375734631,3.989525986281033,4.17537413711042,4.420901240229491,4.568115355817687,4.7972542200468276,5.240506152068943
404,3.926435711098827,3.967896755079174,4.147550028132396,4.372058713574571,4.580565237124642,4.788664526584049,5.243787202079415
405,3.8981204036085977,3.9828984906388056,4.145411737033281,4.43017093700693,4.631511637367079,4.876892397717449,5.368348582544502
406,3.934227002189429,4.00313167810766,4.15295924356386,4.380924371861508,4.572522293941659,4.80209903346484,5.282067353997158
407,3.9280506958327788,3.9833262203134177,4.113416382705263,4.374991634147825,4.559889217111339,4.784312171313101,5.231464049348469
408,3.9537975545695465,4.015806764195819,4.140339397093713,4.344543420548126,4.522108989653226,4.747815705287798,5.2427534148805535
409,3.9454791522800203,3.997294588464765,4.14305977876306,4.39206389901024,4.57769721430227,4.824828426164575,5.242553040077171
410,3.928492168515759,3.9672874916859957,4.124317127406229,4.334907917992747,4.457674914142263,4.646168637795646,5.115967097189606
411,3.964294872607688,4.029144743903491,4.154105998784866,4.489595384306427,4.649463598367046,4.879136558177396,5.308967209890465
412,3.975032404043827,4.012012456439084,4.176135039921933,4.410394313259866,4.59537285219457,4.809380015081783,5.280523136191468
413,3.947130576621968,4.0061900243812785,4.143118128121439,4.386193222290447,4.558453939477827,4.813407114605047,5.265107375174423
414,3.941597999170856,3.9899874255636387,4.143410589333457,4.379865698450029,4.566637584762024,4.795228241133502,5.219754584878501
415,3.946004083095452,3.985372873494403,4.133716700492373,4.430268872988401,4.604987615527976,4.844421742287767,5.2993892131270375
416,3.94135551869467,3.9799417534227093,4.11367685589302,4.380095668012399,4.579583418328536,4.800596162594545,5.274048269281312
417,3.9844714092434317,4.020359936945096,4.21565647267288,4.414181318641226,4.5561961816166,4.779396354204755,5.244786458410812
418,3.964163460332868,4.007002944825931,4.123859996296187,4.371379300139827,4.545370601365159,4.761217899311616,5.20454988680478
419,3.9218724871951496,3.9755456640133757,4.135802661616332,4.370170665093759,4.560907472806955,4.769495774744939,5.209434957882003
420,3.9306566074621823,3.9654336318303396,4.127199642969941,4.420864471113574,4.5492591909250635,4.743897165027236,5.175827487013009
421,3.920876487107491,3.9643477314615136,4.1014548715773875,4.3228268560373335,4.5121568192253205,4.738628294047668,5.207293137454923
422,3.9609967516949105,3.98618915771852,4.1173665071959755,4.378432557794682,4.523923103827996,4.80822223003277,5.256289381917812
423,3.992038576544301,4.025864687882234,4.212016624961306,4.458718731867152,4.646458267902132,4.897581995957215,5.3332529984839585
424,3.930877886759252,3.9906813652879967,4.156200256107776,4.386346303332219,4.57780702448445,4.822840538336637,5.242356622057266
425,3.9492807815711046,3.9924415059140737,4.110021415158791,4.324019007616215,4.47909213828376,4.7186649091796316,5.183740812269846
426,3.9708314864018712,3.9917761721302494,4.14736624098033,4.4036445672977145,4.566131509532367,4.76163697466202,5.2466962038464375
427,3.935266480518616,3.973928093089461,4.156854726451541,4.406051385177266,4.592624178580062,4.813372765296634,5.252916908471172
428,3.959737339935325,3.9778150319028156,4.112549610089947,4.345792086819207,4.484227261292952,4.743589462585567,5.238977209348274
429,3.9412539347934485,3.9729633798435704,4.133322577738327,4.390250908495279,4.615976676033967,4.861607355182213,5.357113593704607
430,3.9758175135921454,4.003959956196458,4.15406232558737,4.457513378227136,4.645790077959385,4.860691020200309,5.312743769014186
431,3.932422484234178,3.976571857041907,4.115523560058473,4.343225592438428,4.470160174188256,4.694472409779418,5.15733241244926
432,3.9208044079397077,3.950465743895735,4.121544105870038,4.395225686247913,4.538346205443199,4.755751809629057,5.1997840374107644
433,3.9693761146929303,4.004978186081706,4.1362869197098835,4.387912837949202,4.577463775185343,4.8248200202322336,5.259327654411664
434,3.962994119458919,4.016287134010082,4.169521333755569,4.385828378518718,4.5408342844652365,4.763772586953093,5.229085213861189
435,3.970541093672616,4.029419493607639,4.154851449323933,4.4007927849202035,4.596348404656183,4.8457694676895136,5.2997864489149915
436,3.9509116499232624,3.989366048523903,4.165219490344786,4.397906603574017,4.565184163574953,4.820918806814647,5.2952317400980276
437,3.9550606427996327,4.009119805403623,4.1493903052826075,4.431746578925216,4.610234249713162,4.848886884022514,5.281702912499998
438,3.9138288186225916,4.002292133802525,4.16179130148823,4.382245811869288,4.5659719135055346,4.816623584849606,5.30495416374837
439,3.980120511711834,3.99626485065438,4.128571550875877,4.369650971404792,4.52957022269069,4.810033253215345,5.270904398556862
440,3.9009402637114285,3.9895891691018317,4.109154269527867,4.35763445604342,4.5526732757965025,4.780517817499447,5.2295745684116435
441,3.9772332919471,4.017852895870103,4.17151394651532,4.4172554703949665,4.585980195884433,4.827940393061687,5.255026301462111
442,3.956366595278308,4.018430424539079,4.179475146568491,4.398664444862684,4.589961429867654,4.8530157797767846,5.306693581515061
443,3.987861042166276,3.9871544025140397,4.132215821335349,4.35203620828182,4.477873736410251,4.7177910958392975,5.184369324793655
444,3.9580561156644642,3.997091019577465,4.148290292022479,4.3842280178156265,4.580993206249368,4.837102038195954,5.299512764304323
445,3.971988219122927,4.017778399616625,4.19961479915873,4.439330322269746,4.6153210355369465,4.837909724373768,5.318647481776956
446,3.9555986158745333,4.002996430356715,4.138827288764641,4.373504078673014,4.551503248832318,4.776491564866792,5.203587075189379
447,3.9346771519404373,3.9874663537843036,4.139260995159014,4.363356615367097,4.531177021736167,4.783358228792152,5.239865113998212
448,3.9203266900632707,3.9905797682377937,4.132209488763993,4.385876518720335,4.551057146515773,4.799925790869953,5.241246332772211
449,3.922822600258266,3.963869717125322,4.155724675292257,4.318222055592558,4.505851156132546,4.764941071567337,5.227305673386921
450,3.9570257707495355,3.9979862920446485,4.17088892316417,4.374034849369916,4.558392269437205,4.791995982921068,5.245775815556768
451,3.965958594084723,4.024546670527258,4.146359189473485,4.3803639036681306,4.578010424824077,4.772831600640424,5.2405916151236545
452,3.967941907214091,4.011583263703672,4.177687280142168,4.423927720932599,4.5946322954623255,4.79442476429082,5.245354141068703
453,3.9332552724049528,4.008948171332431,4.138922504599342,4.416221152235254,4.612898660576242,4.829552161027884,5.277304381493644
454,3.91884636557263,3.988599857271253,4.137284740260078,4.344457366178954,4.543061318399266,4.792769212428207,5.235104338256894
455,3.935405377427586,3.974929055779846,4.121697141844284,4.37685480457311,4.565112461846553,4.7848293206290675,5.215224812188089
456,3.9563078578150854,4.04163586951263,4.171503886564042,4.45618383589995,4.631553674682073,4.860966376368655,5.286475040704204
457,3.952193699934761,4.031393588103912,4.172484811207687,4.3917760678183475,4.577474954643322,4.787454866225852,5.237252613156956
458,3.9853115750058645,4.01057550985769,4.161688694672143,4.40552105978038,4.57393968021744,4.817241640375715,5.282516650717836
459,3.9601214509208966,3.997100781942921,4.127366249049545,4.36297989245982,4.54715478722176,4.786881800547012,5.251182244158254
460,3.96812441179047,3.9702137472398644,4.150677902996134,4.403349366712855,4.615057880546893,4.855082436329922,5.3167399157913335
461,3.9264775503359224,3.966158944477789,4.1046518206496,4.382809643903295,4.524923632593196,4.746979630291011,5.174939032988202
462,3.9234724502378135,3.97907570713255,4.131256039589461,4.416548674377823,4.5840544798558875,4.790783831192415,5.266399013015898
463,3.953429275638782,4.013923766846417,4.145867968067196,4.392601900978557,4.578230752037432,4.814166015525897,5.311070898045444
464,3.9476289009094443,4.014634854313148,4.158809417633873,4.422505146533997,4.586899087288383,4.843734096700228,5.304280362614056
465,3.954911130570138,3.9990533317000656,4.13579952660935,4.341304705432532,4.527023613848824,4.785875513867516,5.2235897098979365
466,3.986839351046331,4.015823870299939,4.141091070943372,4.376075144745916,4.540386684734372,4.800504690545034,5.241704565680199
467,3.8997632317585658,3.9905920180537677,4.124358812304913,4.355370454813016,4.559840109681344,4.819428216561699,5.246896696956752
468,3.925232359868511,4.0079365070339,4.132321501790709,4.420647027361688,4.592782740494658,4.850076003777867,5.303563116320415
469,3.976174408187897,3.996060023941715,4.1672351073037355,4.40802393365197,4.53713366191165,4.737972046191221,5.187023255138584
470,3.979742401498679,3.994962935685323,4.120241290492386,4.367764245191759,4.504572070105756,4.747897372605498,5.201330638341639
471,3.933670591127803,3.997494773668459,4.1587953567357925,4.392847334524537,4.5850888037716215,4.814474480960415,5.2652526091061835
472,3.964329819481989,3.9918921240925918,4.168441034206251,4.400685795710651,4.571537133630375,4.784936674098958,5.271394448222542
473,3.915639562524706,3.9779205857845126,4.095962381682098,4.286962965882581,4.435263350120861,4.6842732123002175,5.138483687246185
474,3.942151109722845,3.9985897208804673,4.152488826359746,4.380049334485928,4.5306492139016035,4.768855321318831,5.240409276478935
475,3.910454722149138,3.957870652020395,4.124142498909777,4.364440236822458,4.543174986215356,4.754222097192891,5.205174500677756
476,3.942690632936558,3.98861413595935,4.128343899010062,4.378112351979837,4.558712528169816,4.801067879586878,5.249765614126964
477,3.9707204647112033,4.023143190876521,4.185220476564863,4.45447832536185,4.640965669627563,4.889986150699579,5.326110657680069
478,3.960688927647447,4.04342982083386,4.186611884091035,4.443823327581956,4.6166665780070435,4.857688094251435,5.3459504772866575
479,3.9614234353357594,3.9922507511605243,4.133111315024019,4.375306871351527,4.563642038679397,4.795449154437861,5.251143233973561
480,3.919628935438586,4.00244906452416,4.156993378918749,4.455188398649597,4.629872607240224,4.827566086612882,5.257265899264662
481,3.994208104778266,4.0378025036017835,4.161879652726229,4.429366587612615,4.577428156085973,4.783559230220999,5.232274327649373
482,3.9392997839585373,4.0204878669605035,4.1349686150142935,4.397708385155323,4.578254930633102,4.828109069335852,5.267107792637803
483,3.9659855631660252,4.0215815256701095,4.150248947948863,4.3888194333257955,4.571538289407556,4.80572143325117,5.249812345651436
484,3.907526949896482,3.9630067449804582,4.118063778356266,4.375108887203148,4.551372450898356,4.803968713422637,5.265686273638392
485,3.9598698952546134,4.02171891456074,4.155010438976605,4.460070755602663,4.654486033044304,4.866188870911317,5.294976963099929
486,3.9705345414312365,3.997114439764723,4.133642982789942,4.386254183553764,4.565462031845513,4.775958019162035,5.205484282957835
487,3.931695450868405,3.9591346838577106,4.146100552231844,4.418286182887232,4.616250662860177,4.839897285104575,5.28275219792493
488,3.9487548858070487,4.028914888123183,4.177439493940967,4.4453099369624685,4.594772140925053,4.778051515492832,5.2111694644453905
489,3.9246383192234626,3.9947058509241273,4.144836533811856,4.370425282176434,4.56305326040516,4.796368918468322,5.276836458380286
490,3.919748977477958,3.9586902644388875,4.1407083186463804,4.376239897861393,4.601723515742859,4.866517434819999,5.344364029775582
491,3.9273059062274984,3.9999150079950327,4.159689544435774,4.42132694752093,4.632135976131133,4.895176625848744,5.3320373291859795
492,3.964883838193913,4.0272105786271855,4.169862397730722,4.3671434274934935,4.539187687537536,4.79776801344555,5.278888299209653
493,3.929151789651521,3.99877658619632,4.148252923523337,4.370086584815594,4.515979869595858,4.761085466246745,5.202512168866338
494,3.908153132896366,3.9818309306566686,4.126839016142274,4.335877554786625,4.519139617883456,4.798675094462006,5.263167741088023
495,3.942186168054766,4.005792386496236,4.114573042742061,4.390802957522122,4.586351718654542,4.826822333737198,5.2679104640626395
496,3.870981393015697,3.958501023119835,4.105943141987003,4.348667985012211,4.485268514586224,4.707844674374982,5.189010209998338
497,3.900369306960867,3.990521936260884,4.128810405315558,4.352233957153198,4.54669810569001,4.762050984449088,5.200229206923296
498,3.9694948327444846,4.00476524337593,4.170206502488645,4.384696218185682,4.563532103131198,4.785932425270863,5.272415045653109
499,3.935289041242027,4.004151826982904,4.1232658833860985,4.3668133359644274,4.539542639905892,4.782428037541108,5.2251088891887845
500,3.9179663743076127,3.9778606501763876,4.133990777184638,4.372450893325527,4.551960014589647,4.790989039010663,5.281491332497259
501,3.9532941857925246,3.9702401580345685,4.131448886152744,4.37585165642242,4.574688704111402,4.836278221343012,5.283331334504116
502,3.9109726417984665,3.9973815225806737,4.13514802734621,4.374920964077725,4.567533980601794,4.785087604876146,5.234772301835408
503,3.959742874523766,3.999360554418112,4.151074957524505,4.381403655018784,4.548045672586738,4.7933215060101535,5.24028451162188
504,3.943017466305497,3.975408828389839,4.15029789581019,4.429621280197889,4.572152279186313,4.79583484505594,5.238272357905441
505,3.9912503649776228,4.0190554662082825,4.17226431062404,4.42663883587521,4.618836180418259,4.863446169284765,5.34332843947309
506,3.9281078648933896,4.007476579571618,4.167100258297027,4.416635550608589,4.624924521706236,4.867501214477416,5.323950463846811
507,3.952542072499733,3.973380081529276,4.147849214760507,4.406037121304733,4.570143416096508,4.812034622539095,5.2702727399663925
508,3.927406092663055,4.0052303943195495,4.169536981987739,4.382814269912207,4.559712866246976,4.78042722445882,5.205254905282251
509,3.9607138510848365,3.9921196408358997,4.138416863118192,4.399398834294805,4.563802367976494,4.823576057596976,5.275780834559222
510,3.9441242558706606,4.003496178022146,4.138360373068845,4.348597415047626,4.565026226352094,4.829573234777497,5.297747558578077
511,3.9292258222526795,4.003416614872458,4.110409113867027,4.36271112701668,4.536383209836504,4.777428273822754,5.243209640049714
512,3.9202587937120623,3.970671184878319,4.1493242600854465,4.4071541861237025,4.562253535784889,4.7812264016427175,5.261164617095924
513,3.8920629431024616,3.971612498810426,4.1150063791082285,4.370548571970046,4.559765749112883,4.807573776316304,5.261100527349026
514,3.9268557942976936,3.9503154130728375,4.09587681926644,4.347845103604886,4.4945173571716825,4.750858739587336,5.244398465954197
515,3.9319312079229536,4.016510594812205,4.191125494667827,4.396810506627201,4.625488405811289,4.897501329760421,5.362681703258234
516,3.986545576374605,4.025824548778081,4.170109585578955,4.369010635746695,4.52199817162186,4.763522164426435,5.216869823983123
517,3.927478621098269,4.002014227471877,4.1727879875430745,4.443529263763782,4.604402277252842,4.80332110967429,5.272522373083724
518,3.947530419288975,3.984929857450397,4.137892211031645,4.405530319297865,4.598803678644166,4.800582588061222,5.273434910044777
519,3.981973494407806,4.0120231958831685,4.174937561885548,4.388022262645427,4.552175839553696,4.797710509321166,5.25919406585616
520,3.9395868646499075,3.9831478774734275,4.156445717635149,4.427066444900868,4.573704549912073,4.803858201330617,5.252536037872507
521,3.931332746114843,4.003868468986944,4.130827489360264,4.4225999726885705,4.638892114473875,4.87513119637481,5.346574130756951
522,3.9218370379897722,3.985202090053277,4.156641584291301,4.379513164488471,4.580264328901685,4.8236298582105075,5.302910764453167
523,3.9163463235506595,4.002781083234974,4.154797075158876,4.362937014504462,4.540522702172381,4.7780807858338825,5.239610214772593
524,3.9527291176030968,4.014089256097434,4.1460171256085285,4.378472292545832,4.549569951454357,4.800627766319765,5.225810776614662
525,3.9561144770807104,4.034562255511806,4.166943287472137,4.453424236037409,4.618338683537885,4.875979144401853,5.345876061600508
526,3.965661791420841,4.001102465967404,4.1183770732311435,4.342977576378473,4.493438803089436,4.710062417450528,5.16620409534599
527,3.93576864254583,4.004775802205277,4.157484303968249,4.386230672522442,4.596219899794681,4.783829082562516,5.234028196624965
528,3.9412300028210057,3.9649510953231895,4.105048402915333,4.341694661041955,4.521321943713183,4.775881965319579,5.1877976604007
529,3.9468363523870464,4.0039343151700475,4.144991854599065,4.43853264760991,4.6055751081227605,4.834512490341536,5.268778769713579
530,3.944714556450045,3.9966050261776997,4.151718745454132,4.418995565852058,4.597782669309594,4.838224286824568,5.298536598059226
531,3.926796819383884,3.997885768429833,4.125597247093771,4.369625511173732,4.555870182766629,4.786743075492421,5.245497467740325
532,3.9476730226810264,3.9810510281479665,4.141235027797018,4.3678489355325745,4.552974103038329,4.782529438278556,5.25268894162163
533,3.9260911159850704,3.9833423679703692,4.139783357863749,4.379698389851005,4.558776815781714,4.821086780293007,5.287216349428705
534,3.889324972111991,3.9581076188148563,4.09368351783523,4.337878575038737,4.546627277542426,4.789589313144472,5.266456736851574
535,3.9410824761028866,4.006338425467694,4.161444849086341,4.4150851607068935,4.6406216676288565,4.822626961146378,5.253642064287406
536,4.000606890477172,4.025683022909074,4.167532118730433,4.426197312598509,4.575580161663821,4.804667539363589,5.262662080217874
537,3.9337812431410346,3.99943679874132,4.126215888659475,4.397091786380047,4.5796208321018925,4.813934583765373,5.2738483330851835
538,3.9790596133100022,4.030678586180004,4.18373169069876,4.440459788464692,4.641374837786477,4.866102160506594,5.341823305558662
539,3.9373286677435786,4.008994886134417,4.12390816933892,4.349928881634687,4.522202497976158,4.765020727989506,5.239961334827353
540,3.9208278932680267,3.9654779749319666,4.118076182520903,4.389072948009509,4.540521597960749,4.797383195845021,5.236146937175347
541,3.953305022133307,4.020545131342762,4.178243935558541,4.427952535914586,4.553139918794248,4.750441925998673,5.228477470452895
542,3.920486151718822,3.9628253038038785,4.116105119467569,4.386793029559901,4.567806321859184,4.802139227008815,5.28561830384184
543,3.947728777247177,3.9965552285132615,4.166510525659651,4.467670583392643,4.642792038691956,4.859238108277895,5.3007307363759155
544,3.9420523312767743,4.042257903282348,4.166172762558301,4.399524431765866,4.601886185295521,4.8440298893076985,5.280924479126611
545,3.9472256227430993,4.002695279217711,4.137433715819074,4.3828812023366766,4.5803725792816685,4.809338876067562,5.268390889248001
546,3.9469528733388066,4.013569308451648,4.18325642333629,4.398045055297009,4.602347066741457,4.826638350223974,5.296481817765665
547,3.9533256754106336,3.994008044126369,4.152319864698961,4.40522305183145,4.5757131783835225,4.798163841894946,5.2585935053280615
548,4.0069212966179,4.035988445198152,4.183299687038744,4.401092637779859,4.606477045085364,4.8578431141815175,5.304064845410017
549,3.9386527612823423,4.003337544763252,4.138420329239147,4.373255667520742,4.55615532652154,4.7843345206278,5.220408019412006
550,3.912266035303343,3.938043733609963,4.130165196038761,4.380579056200792,4.501806523450134,4.708390775874694,5.172271702355604
551,3.9332499103774627,4.007036690259991,4.136437939880014,4.41479001495445,4.549750126595457,4.769389019937225,5.211086256888327
552,3.970780613235798,4.009237492906984,4.130504087793703,4.399447209974719,4.5793386498630735,4.788114773700337,5.25953397210172
553,3.973094380419017,4.039523862861528,4.212773805345501,4.44606343373052,4.631733336271407,4.861464672259026,5.328664656008355
554,3.954014039615125,4.009930492651076,4.152055526463035,4.453121910705869,4.627064118086963,4.835813825732792,5.281507344790802
555,3.937980637018403,4.001857605676118,4.191119692371595,4.429506171266801,4.614864234758647,4.8600945765074846,5.317571898382961
556,3.9530075884054066,4.023564803435879,4.151810931532812,4.4154717127784116,4.565260872388134,4.801257523889101,5.232662865051336
557,4.004140703436401,4.032453110726919,4.1942438358456045,4.458286779257447,4.670107577825305,4.918640378892793,5.32521825611056
558,3.954060700443967,4.001249023213094,4.10245932843342,4.369303304569953,4.570435524009671,4.786252954656632,5.258716318687876
559,3.984731296638596,3.990354287019283,4.192632395856482,4.467643740493359,4.647524254946442,4.865097513946263,5.294142596170017
560,3.9913399461677708,4.04599439916963,4.19882368398904,4.455128597742444,4.638102896555862,4.84306917781604,5.274628766281134
561,3.9328142150887833,3.9904608016414214,4.162928115613155,4.391221363655781,4.570966088835116,4.77923262472479,5.232804359530918
562,3.9831194991075054,4.01864267131011,4.183054410687036,4.46180241118374,4.647718896455921,4.842795053657279,5.290710240179315
563,3.9611840522201485,3.9934774891308042,4.152600537759089,4.357310544272016,4.543247067679493,4.793898685404351,5.255852502125915
564,3.966996812356281,4.016946998609873,4.188590557258406,4.402027141903801,4.561376972185741,4.822008359893028,5.265890271027691
565,3.9176730606024246,4.011831660690713,4.174690971312653,4.398482757812443,4.568370855529089,4.793537489843397,5.266571619788902
566,3.9960007740714514,4.0330682598257415,4.189657764187114,4.435330924699207,4.660403779226548,4.88872544068554,5.331977163919511
567,3.948487000251511,4.010637014033161,4.131083346006626,4.389851976273531,4.5523865446081695,4.786604813617248,5.218815140047462
568,3.9861909200854115,4.031535812390111,4.18514275081097,4.450199381311531,4.609016173707654,4.819253745475671,5.295808131818691
569,3.955336226882138,4.010556101715617,4.153012247663114,4.380718116589726,4.544178118308426,4.786822166116102,5.25497725395229
570,3.9753248033649977,4.004561633004636,4.180105580495688,4.454237831298343,4.630598821641012,4.862211410804848,5.290511346669079
571,3.9651573471384176,4.009038191753475,4.1462539182868,4.404766299026563,4.5708521194359415,4.772723724175741,5.232475061201667
572,3.9452590412581747,3.99777705157608,4.1671468176645075,4.416752753426128,4.60452066472328,4.785968286825199,5.257803045740567
573,3.936146801104349,3.986706044066389,4.143481033553418,4.345459964199515,4.520409073513495,4.744365513834852,5.186396453142333
574,3.964571141770091,3.991929738794654,4.1430326357447145,4.346134144002039,4.550711039294951,4.803190786346262,5.272169759340586
575,3.940611496263915,4.0278544706017625,4.1463433369055585,4.402195894635876,4.574889161071071,4.825488719461949,5.269279661330099
576,3.9729407053750334,4.032488668497278,4.161746072294006,4.43084948153097,4.599826486290426,4.839166802367865,5.298145559864584
577,3.9298559240881605,3.9678106717768995,4.135960199075212,4.3929949132077,4.53754323106068,4.770641570108404,5.248111006899754
578,3.9381939006089413,4.016911845043238,4.142479189848363,4.395891337842155,4.579527608481478,4.818456488208732,5.258317935046663
579,3.958664836285539,4.005173927180951,4.15964006607422,4.410608774341739,4.578970212505865,4.796647681158978,5.2623757238564695
580,3.945474543778682,3.9966384084385784,4.162571611099544,4.397956302845945,4.580605780879347,4.8270622433874815,5.300059673795442
581,3.9263968842223127,3.970905697387395,4.127962747737134,4.386028449670392,4.558302852011917,4.807067780766317,5.251738109083906
582,3.919227039581155,3.988285056667159,4.150415185488987,4.417110018593301,4.602804960396152,4.792136929512454,5.239571650160296
583,3.932945259833943,4.010530193989238,4.174369170025316,4.465882872438731,4.653584316470555,4.835995528277914,5.270753913395946
584,3.923897505497447,3.998913671641531,4.1417417057058925,4.3790712413601325,4.5202721750013035,4.770121448998048,5.223948005610962
585,3.966649184372679,4.026780830504046,4.131791184276089,4.369877248127311,4.5695632639290595,4.834087261390522,5.30859366717077
586,3.9610289894494346,4.017307091412261,4.175678836808364,4.423962833194998,4.632630380772758,4.885942710690235,5.347732773445364
587,3.9084857641451936,3.990171648328025,4.15022691059666,4.371412300171159,4.614536420695457,4.859212529580835,5.302285113060074
588,3.9518500271739576,3.996618170751103,4.127292405857468,4.390852339045783,4.556902345139597,4.808709897799586,5.27081024919228
589,3.9199745842695197,3.964661410281644,4.116131225473877,4.356412724582802,4.525712288280533,4.776387511033663,5.206325200422214
590,3.9220472202113696,3.9941969669157293,4.142953505346225,4.37571592403154,4.543077289106368,4.797590062310272,5.2551866966390115
591,3.9552720751562247,4.015472938202278,4.135535709873629,4.359235505597853,4.5402947632426365,4.75252126930215,5.20549037230913
592,3.981774834200976,3.990743600329626,4.1618510819748415,4.416171849213139,4.549277571999116,4.768787098527619,5.2577872118964715
593,3.9479879998325864,4.036535712209942,4.161816296877223,4.374371515465579,4.504421822722144,4.718591808148648,5.187542066354153
594,3.925743050158858,3.972121550083651,4.115300599028958,4.347602722419731,4.531167689219223,4.742163889378771,5.188952580150858
595,3.9227405742439045,3.974137545720911,4.10453806487981,4.38655493969369,4.536938039027816,4.757384188480491,5.206489582807511
596,3.955781065223242,3.994734680198729,4.168000436088109,4.405209173404673,4.5740708368337675,4.774402840510913,5.221072571680421
597,3.9495224449752206,3.994462013789389,4.159110840314248,4.42304499829859,4.564201578566027,4.802422462592915,5.22960481641922
598,3.9552645220272677,3.971641474011391,4.129158759391308,4.41834118346156,4.597362908078641,4.835234237780015,5.316230919948392
599,3.929816070003611,3.9943466790146185,4.178022763956887,4.387973208889209,4.554424384468685,4.7661564507766885,5.246238977287004
600,3.907993587822132,4.014898292849875,4.135514119342697,4.415868792049313,4.616287812159733,4.855824066990192,5.306754455569964
601,3.980869626387166,4.045326500089457,4.210650878146965,4.436745920401028,4.590635148390817,4.80500693373452,5.290378911430478
602,3.9215231739295255,3.967226646519083,4.1240071707899535,4.358168722022093,4.531704438365308,4.7747778667530625,5.233875641462923
603,3.946676120045501,3.986985023718457,4.130622410295726,4.3710126097912365,4.56313511240807,4.801465198662315,5.31116107511392
604,3.883466453103068,3.93177406736445,4.089831845491993,4.348802426270505,4.56310394808623,4.794899928719703,5.271011979850538
605,3.9514689070092337,4.0031681805712225,4.160091694927037,4.370386397961701,4.5943487732383,4.84405115659141,5.306947682230662
606,3.9469174330441454,3.988654719267563,4.136345831759733,4.378047235795968,4.5349051754995156,4.78163404602984,5.240055417722678
607,3.9731398100207302,4.018956372312749,4.179353926890132,4.4319447898871225,4.607733538207586,4.845752201975459,5.292739221065446
608,3.9244700215757025,4.00663067896247,4.127665355478382,4.34574530354544,4.524523456415975,4.739987008276399,5.183975126973679
609,3.971599936879068,4.002589704034351,4.161900229953151,4.414040666131973,4.621609487015243,4.896738470180309,5.357461593529148
610,3.9575850852618473,3.9828990864884593,4.145051299296584,4.380794294650134,4.542985716629362,4.7646161496037465,5.202720839247613
611,3.965991726087472,4.042509952488712,4.200205098505418,4.4342790808139565,4.617009678769948,4.834599483192485,5.315011155358453
612,3.9238081408892547,4.01828835831797,4.1796677613417,4.3953937266797345,4.588618637825579,4.823188290604327,5.2431631818155
613,3.9192440098096126,3.9703130493661387,4.128464501215508,4.395727315338094,4.587123451885282,4.84000566751707,5.285838724121782
614,3.9919151750535757,4.038971431920064,4.18309051970476,4.441075372720671,4.6177298178689705,4.866496325302054,5.327082868521565
615,3.9203932605702527,3.997211848715994,4.1329434879165925,4.3465036494190326,4.503318957780495,4.728324591175856,5.184042429944232
616,3.9654220181653423,4.027387884816877,4.145404474424552,4.3497175303194,4.557373354274301,4.827089712428563,5.268558981764438
617,3.944087893637392,3.996705986354634,4.1413729665903425,4.399699427972819,4.557832188884193,4.8036464928005325,5.262600157902981
618,3.950872955654501,3.979316882439503,4.0880762571877955,4.322128776977791,4.449964646841428,4.674279448735774,5.116590863237724
619,3.9604471255531135,3.97740666837519,4.095983111005919,4.365532776895089,4.531228539620616,4.747974915794737,5.233780290079476
620,3.916594282139263,3.9791400953749654,4.127797063773736,4.36436523621874,4.532805004563667,4.7663998052309475,5.212680431003107
621,3.945338488865722,4.0042631798183255,4.162988103763289,4.441923780786998,4.646391322294363,4.910372652842956,5.349930119624857
622,3.9617980581675485,4.028158810773092,4.176747463370786,4.448756324522118,4.648519202651516,4.920427993765711,5.35237205542679
623,3.987690140654811,4.01510885903701,4.183038357198929,4.410625271896132,4.613933374465922,4.851086773928973,5.29036686315494
624,3.9658814584135462,3.9781908264689836,4.129515870297544,4.405151679784039,4.566872215261661,4.7881530441414695,5.22589211130488
625,3.9211586349859986,3.9714363658458702,4.147978258237218,4.3906940681803786,4.600423900719904,4.820232046334361,5.246575366718695
626,3.991305116346044,4.036044243687312,4.212558527726558,4.4607417184038685,4.674953396304656,4.897255313375546,5.313563694152788
627,3.9702660767452516,4.00604533282266,4.150991665316743,4.38218676368349,4.537870786966825,4.793829997189079,5.227506239317203
628,3.956127576972457,4.00114866467623,4.097405162201562,4.331259947576458,4.500650714961246,4.746679971293193,5.197918817228213
629,3.9489161854923043,3.9969837920269096,4.139516174846922,4.416766073905934,4.576430202546669,4.80081517104256,5.2319390868413524
630,3.9623134493557304,3.991277330097042,4.118331610496427,4.344053756457495,4.485561409293351,4.751135404964019,5.200184997733196
631,3.9559250961546377,3.998236661259258,4.1107200275368365,4.344201992867366,4.516818005012408,4.738733006642269,5.202952227409452
632,3.9490272758618397,4.014342551268636,4.139600990289462,4.3746661920722785,4.530082095352178,4.788500689931791,5.276432851731216
633,3.952168849326631,4.008783610565107,4.12799827900136,4.422633052401104,4.609543147055349,4.854929668607491,5.306759778271932
634,3.9431046217137236,4.02132114757097,4.184276433547823,4.429918365375352,4.62615818164111,4.861092887362329,5.356655844016482
635,3.9930435475120705,4.02987644570855,4.152590234534171,4.451871021487723,4.633688102728247,4.8599577771843485,5.297266935926826
636,3.9351649786652096,4.0191742019012,4.169828735080875,4.4206799076057335,4.602864487685957,4.846737635155071,5.318485084657332
637,3.936101031863978,4.031645085595747,4.188422720096902,4.41447878814859,4.604904349647448,4.86308261976207,5.335065736430035
638,3.9323269845533746,3.9947883625927783,4.157986862638151,4.3701020889465445,4.562895773631004,4.7974512118382595,5.25498047165586
639,3.9963221612240942,4.02470860631178,4.132619987921189,4.369334679457984,4.563881842940901,4.798085072344022,5.280196548999868
640,3.959799835599032,4.004069294664803,4.150622467197083,4.36024552355461,4.535785459706432,4.764208586815786,5.2138108496647675
641,3.9515450359925803,4.009036622646241,4.141286137737711,4.378203055085278,4.567096225788021,4.782891429526109,5.259020000912198
642,3.9234519970114263,4.0232300170095785,4.174364221564814,4.420246592770214,4.601011344189193,4.853117231593772,5.3090753678180285
643,3.9775816685856897,4.005085490351936,4.138177116189335,4.4209039458629,4.561180719018629,4.789618185964648,5.20925507908915
644,3.987194098572257,3.9945937684936363,4.1478134841111345,4.379026882140418,4.51456024393832,4.749091453068536,5.204729300051598
645,3.9444686351504505,3.9972318554981343,4.148600449607122,4.427549908798926,4.602874564805985,4.836434925370611,5.311381356199839
646,3.9199405618382452,3.9963149022118163,4.110403128983425,4.352086760279436,4.536985010676961,4.776815878173287,5.218803055861355
647,3.9727181036900117,4.003469424002551,4.136537840169585,4.388596817410008,4.56638726447646,4.823601088345357,5.265474994392988
648,3.9087191099628757,3.993638946613332,4.130967228839664,4.322167583868341,4.506498716048666,4.752627188497575,5.214970848636011
649,3.9309427973569426,3.9920212702289226,4.172956785508037,4.440347373364059,4.595918488618523,4.843005168553818,5.29631057830696
650,3.9724336840814005,3.981379502069004,4.12882451557547,4.432953486216686,4.6073665474717425,4.856127250508147,5.298005112013131
651,3.950881775951895,3.9731080466334268,4.159867660348517,4.3803109710921735,4.535176818068215,4.743462727908729,5.21030071509066
652,3.9068334729275365,3.980765623860606,4.141701592038309,4.378765843680904,4.557554566967484,4.791175405160443,5.235631203235202
653,3.8995345675588906,3.964337474613004,4.150611869189635,4.414635844948217,4.572303815280718,4.770509740444339,5.213002840222457
654,3.9273475911266136,3.991471527613745,4.125063140077611,4.3494364099401475,4.47460960472466,4.742978847694295,5.203552212927522
655,3.931718118461549,3.9855684591976153,4.16441729370111,4.396923314378662,4.585266977305935,4.830559821677244,5.287153302095045
656,3.975399444084687,3.989110326654453,4.116608682543185,4.348518692947371,4.556296933323657,4.79589640503451,5.248963109700565
657,3.956230838880934,4.01280373777378,4.157949842551947,4.369982019416096,4.56064158870366,4.786777899754846,5.255348062116667
658,3.926496992734145,3.9682030684244,4.106843551299889,4.331837893131726,4.490077569622781,4.725325434540456,5.193583234464667
659,3.9272099668747815,3.9670921011152744,4.159127369338475,4.417700884120289,4.618800791144523,4.864741791902269,5.302465987657021
660,4.014836965841238,4.000466347199821,4.150942660320928,4.387533781664007,4.605895263521726,4.853548235628527,5.267785784528992
661,3.9578206013301656,4.003138436806522,4.180225922094765,4.4344784894319575,4.60108426292815,4.839442650251666,5.318657075752394
662,3.9448109949198433,4.0029268128985205,4.122548659361804,4.394896358632717,4.550854050093215,4.781192719704182,5.186411781396523
663,3.925184217919727,3.994384961306149,4.149171594159557,4.4311191399752685,4.602970956412683,4.766387751405618,5.1938315707106675
664,3.934835047221654,4.00024918798174,4.145312006892247,4.400376150980869,4.58865818599367,4.846467261828867,5.289412261533454
665,3.929190982541917,4.001162103433515,4.158912123563506,4.403137234374556,4.566494072738948,4.782771948752018,5.248085928147065
666,3.9609132598903782,4.030288718169624,4.143493549909305,4.409980986331957,4.5753918735722,4.80535901347802,5.244358551611366
667,3.9941878565009636,4.01456027502609,4.15878884432486,4.349209130082002,4.533794271446274,4.762166554893143,5.26351349936131
668,3.9863244522062624,4.0424728325789925,4.204890740626499,4.443571444172965,4.620084362893,4.803800125524641,5.257086940959337
669,3.9334395630914702,3.962248672561202,4.1233767132672865,4.398607235172788,4.55442916066827,4.788627596342452,5.246907685579507
670,3.9570871993374523,4.016199793862795,4.153192523720477,4.425596801411983,4.607727546444083,4.838845574547637,5.251639176078128
671,3.9474427009410205,3.9820048673816872,4.120040146589652,4.351214914214626,4.5303976510094035,4.7605829376912565,5.214223695179738
672,3.9181876889802343,4.007921900779643,4.130183697842548,4.385802452535861,4.567362446475657,4.810193540592477,5.2833022004069266
673,3.9425527740264514,3.987858741394239,4.127364272913648,4.352650645714536,4.542342043682305,4.784745666291321,5.23260901868932
674,3.9339303445247995,3.9646936449630563,4.144632657818721,4.41636881857864,4.591833502030262,4.830089861708069,5.292880073802338
675,3.909563064250212,3.9740600380980116,4.134486453831696,4.417992231248026,4.5857637944060565,4.785005585520232,5.217989694423391
676,3.9259481045277758,3.9905494165801625,4.139867974441081,4.375093389213897,4.53136032437717,4.751617768861212,5.195893009992097
677,3.9646092783914244,4.004616680101769,4.150505029016663,4.345318901076552,4.498948318704354,4.69130039800602,5.124061088456657
678,3.9517140682072913,4.006195124485689,4.150610953402777,4.398866448248916,4.575243599314762,4.80174330013752,5.255285168082275
679,3.9661992579011818,3.9871267719903,4.13864811289724,4.404239103330488,4.559993705845255,4.756464589114295,5.195669546433461
680,3.91827648259832,3.98917066376488,4.14317106159413,4.433574294258857,4.617858854349633,4.871379719515909,5.34455560390952
681,3.8967865358155884,3.9578858300076822,4.126835352713763,4.356968523039212,4.533871839034687,4.814436046097856,5.306841727879474
682,3.978109454950904,4.0438845535661585,4.147373763535917,4.343425171811214,4.529297955977865,4.762497110850963,5.195293517198992
683,3.9361836426333556,3.9809341932335816,4.130119072053109,4.406770252490738,4.586806964259065,4.824130431821276,5.261710871096753
684,3.9488084269266306,4.023002669332756,4.131006554420587,4.359861922933318,4.522700121020001,4.751064444557506,5.191976659836219
685,3.9285845705576157,3.940667340452907,4.076915659440896,4.357394871830367,4.5203518662413185,4.719153631719216,5.156646473116839
686,3.9639096609667783,4.0124187002461795,4.150434617495755,4.402071823405732,4.603402343459269,4.847844156141101,5.30407651683279
687,3.9414233866868074,3.969612570276736,4.118857544253233,4.408503635813995,4.564919248248832,4.804613856797618,5.273254492542762
688,3.9411685756782253,3.99592485661791,4.152779564039011,4.40771834466317,4.558776965939852,4.819530216773866,5.253167986425903
689,3.9554368828404156,3.989905281010872,4.098142268591304,4.33109401098759,4.505394768000183,4.722455362362978,5.176927556651906
690,3.9360233190714387,3.9804418151483576,4.154289418995155,4.411423324755491,4.5870314995992105,4.850107357871151,5.2766584481777326
691,3.9704475282615705,4.045693908403004,4.185903371657416,4.471431719984743,4.630716719982082,4.861191367276165,5.259536100899717
692,3.9314860404905265,4.0166153811299425,4.138717436822192,4.41032492230935,4.595188871879279,4.865684381984325,5.317844157102374
693,3.9402404262724695,4.003486058980059,4.1422613024869275,4.369444014203643,4.55814131151503,4.8199196053250075,5.279095582285384
694,3.891812808760721,3.963422685053832,4.11491546275569,4.4136585259391214,4.576562434070956,4.816233096433838,5.286446668592643
695,3.9303431084713325,3.9922538979317927,4.1746258239132255,4.433538949917384,4.595152402438557,4.81869010031785,5.266495116328582
696,3.936731818251252,4.029449214654949,4.1756721461988535,4.403960158696912,4.562391069130606,4.77812103679262,5.25432357680175
697,3.970512846128455,4.012229838775265,4.188190949065235,4.461013217893708,4.639864334287894,4.8414130960827615,5.291149470884244
698,3.974028140951011,4.017680922022376,4.169494992468475,4.428438608940474,4.614458589193597,4.853457859116445,5.292611072246938
699,3.9056557482909167,3.9879460601134977,4.126883076346299,4.381642771453029,4.540352973712318,4.801037765490247,5.28052688508116
700,3.966558035945699,4.013844100296174,4.184127362387488,4.434746002364242,4.5973321881556455,4.824248384268856,5.289943954078551
701,3.9716893564222673,4.000565015371517,4.191791440831003,4.456707571509334,4.6527937978234934,4.877372328446573,5.359191738647046
702,3.9703727404175093,4.007817651794434,4.166617095753718,4.436689738715923,4.604780178372951,4.8461808359245655,5.286561010307455
703,3.917193033182412,3.964375896756261,4.138409044862916,4.3758065549634475,4.533911818716448,4.75127908973691,5.191468507191459
704,3.939627057320957,3.9568485886343,4.128697554861556,4.386024037313555,4.552683675427792,4.76552948595262,5.210538156493185
705,3.9462529100785546,3.9559481766719,4.103876957418118,4.341179532389656,4.49603694919146,4.747524496094252,5.220619895101687
706,3.915729164845213,3.9982918196880766,4.169086614350466,4.422539750626038,4.606806268056374,4.8360360346582665,5.269861380134366
707,3.9504621161415927,4.011001250148269,4.187866166644055,4.412849833389627,4.572340145597707,4.793120628681194,5.275162701224189
708,3.911144139608335,3.973214284621312,4.12493793853062,4.341460317620804,4.561072055868244,4.7784499463599746,5.220192061415154
709,3.998714643241942,4.030142206205577,4.169946728486651,4.402974695359529,4.575930559310419,4.791751714611949,5.221271524385546
710,3.962937201002901,4.02421556617761,4.157394222486811,4.408567650663252,4.596974510490864,4.824641298313631,5.263268242758207
711,4.0065251687054335,4.02508338282927,4.1345205578098,4.4106672010543075,4.584818371036688,4.812267837853037,5.239721717858361
712,3.907661319747539,3.9894000170522586,4.117799358141419,4.37177221226797,4.557379244964764,4.7681623487037195,5.255413330633525
713,3.9547073303702165,4.010798864912621,4.174825539797202,4.425529528006867,4.613157652810989,4.882393672961804,5.32179689362731
714,3.947645254876732,4.00292141278812,4.1610598141135515,4.413052309681802,4.5795808553694695,4.7854791273943205,5.2578433652372825
715,3.960319013913237,4.011089424525212,4.159997386753724,4.399000055343036,4.577982714528681,4.798349173408383,5.234825001322487
716,4.001632463519158,4.032222104372326,4.194221803254392,4.459919187574591,4.629341840176579,4.86832432717147,5.2993097214791955
717,3.933944820327198,4.002362520070523,4.139062516391796,4.414879854669599,4.613235869781509,4.891261569078441,5.335058951147457
718,3.96821958037747,4.018098027994363,4.137947790045522,4.371140388716723,4.512415065889631,4.78445700410722,5.208608497494134
719,3.9870605621498587,3.9887934764750743,4.135847985671836,4.392694798069737,4.581476875653878,4.80468826933577,5.266187382154135
720,3.8962980166500145,3.996894121789483,4.13480736096906,4.406052815185182,4.570132289996927,4.813414539576964,5.261329882633957
721,3.9796648759008226,4.0101353118133005,4.14710786196027,4.381167628966403,4.590579088795856,4.816471415704321,5.22578999019879
722,3.970665942667012,4.012284806151434,4.176420498558476,4.410263759699749,4.5971085199426875,4.85588636333379,5.311297361138916
723,3.9474189159464954,3.996041352742222,4.145920654309772,4.401524182764147,4.56436703574118,4.808016654076676,5.250419894264032
724,3.953513398580782,4.01793305482893,4.1311770101144685,4.392245553325729,4.545359269591251,4.748179168555321,5.216186197595856
725,3.9330124971553313,3.977662639229822,4.140479889953728,4.412587801575375,4.599438884858853,4.821322838000309,5.313385638153173
726,3.9298199476618656,4.011154046266155,4.14455226952383,4.387355016823166,4.558711910409112,4.807580681950428,5.264606239161837
727,3.9447819567667706,4.0261564997115125,4.158701166630181,4.384469384510456,4.546600858935041,4.806974039574402,5.258041424959824
728,3.9494073795716127,3.9685953338781306,4.10035011657551,4.32703132663357,4.486630306271954,4.729578770097242,5.1731512632771866
729,3.900482854868836,3.93852068741504,4.0994537949348135,4.332755821782035,4.543183105483858,4.782950634067774,5.223458760673981
730,3.9276300410379315,4.004816509449405,4.158938615031009,4.400427165633562,4.583310084915187,4.801916072938343,5.260817011288064
731,3.9551162349121793,3.995717352064614,4.167929970016086,4.40290932430808,4.5758172888499145,4.79330513227759,5.277518430761124
732,3.9637025170954594,4.030554949251696,4.159254032810065,4.392796930582108,4.576722688284977,4.815902634814492,5.255916911437838
733,3.924269000090561,3.993088751113786,4.151591859305332,4.387124975311274,4.568314551645446,4.838087057987499,5.312040533375874
734,3.932718083424616,3.986973648399927,4.147259982669926,4.404726051954325,4.587507142406019,4.801329784195546,5.239754314659847
735,3.9661935063811846,3.9796194649298253,4.12903774490388,4.414735983028022,4.59517343392405,4.857522979850565,5.26322999126295
736,3.9110227428343753,3.9674067374560744,4.136822525056481,4.3663306705353095,4.57203606636034,4.823339524244612,5.256322680751546
737,3.9420756578543243,3.9822940118346075,4.121599338977832,4.368020679953151,4.559190985531829,4.827479256184888,5.270493158151424
738,3.9257373056355944,4.026448895248629,4.197897915896552,4.477031369254688,4.654341545322006,4.881996378609397,5.342648788124128
739,3.977775681022152,4.050982965203321,4.216726833058906,4.449858611743975,4.625985271680037,4.866592124299213,5.347921107231082
740,3.900385340255378,3.995157092778284,4.147471326404558,4.413064510625322,4.583085795557877,4.843044279472297,5.348031899157816
741,3.9261321714719446,4.028518432046271,4.193721274150364,4.39637600063387,4.593341320783196,4.824057207527864,5.294860214159328
742,3.9333955786962367,3.9866887182562816,4.1523470830129785,4.403230115197662,4.58048912865726,4.795254962768979,5.253806165573949
743,3.931876582286474,3.9734860496463313,4.097863235320264,4.34009005728596,4.516774924383262,4.758067071619559,5.2037465298794485
744,3.956932204873157,4.015077682111312,4.14398165086165,4.446030577758947,4.599785219477458,4.820642641526297,5.24504043403476
745,3.9695183132603455,4.037713854909002,4.1770989101893905,4.4102647091304705,4.588178228732708,4.806436758612171,5.262513221397904
746,3.9801736877281724,4.021344638583015,4.187145286776286,4.41431533203115,4.572231082515244,4.837458856649555,5.291534480055158
747,3.9444219287970426,3.9927506766398797,4.121629770879256,4.33619275636083,4.505407499531394,4.748302516349371,5.2204724072602815
748,3.922337351617036,3.9694046619883028,4.135469040584778,4.4284512419913735,4.585892613883314,4.807451351203808,5.278747268556045
749,3.9408298711814447,3.999591231019254,4.152023799007896,4.429619709367638,4.612810957334565,4.830151168389069,5.30009783651367
750,3.905353504916056,3.984610095527697,4.159814037912099,4.354502953368779,4.509865206975182,4.765519259512378,5.261559894769899
751,3.93843853930304,4.006855069878842,4.134021982900564,4.364235456552433,4.547464891468891,4.808592042313771,5.315304741348446
752,3.9851877779504217,4.030286359166579,4.198023671280752,4.4435180269978956,4.621605687750774,4.834810066945974,5.300101531876679
753,3.9516640452734166,3.993532736263257,4.140866092279615,4.451074419813481,4.63292633128066,4.834882965107445,5.280566154046229
754,3.9590328676551265,4.010077549778117,4.131602035063694,4.353391781480887,4.526758301285952,4.7703449628214285,5.1928552102058845
755,3.8930222752483203,3.967506994275324,4.1404755774097115,4.389505298085785,4.598863497873876,4.840015678597965,5.283869437905839
756,3.949279258826327,3.993973575834435,4.1729099439888175,4.410995605878981,4.548746465744311,4.768609829039844,5.235012867924164
757,3.893985938212717,3.976183756488657,4.1235390873588615,4.343830857030626,4.547984815256149,4.80611511121692,5.2834356120364125
758,3.947890709633831,3.9879028469364894,4.175186932612207,4.389749580071384,4.570033977389904,4.76067161475688,5.235643075114681
759,3.960658252406992,4.032140177100876,4.147657253571115,4.372176603194827,4.555592848173432,4.797389450366694,5.262478549138171
760,3.9587068939823595,4.021741320493757,4.144873350691073,4.399735017406669,4.559283047062708,4.795956502605384,5.292918845212096
761,3.9720220429232778,3.994533850041603,4.160718362100174,4.38482329491408,4.5716878498138085,4.755304097793376,5.197130673360046
762,3.953851461539064,4.004105099869686,4.157969677082417,4.397944985708518,4.60529890109173,4.831768203109054,5.312026650917027
763,3.9674155820154895,4.004161581530025,4.162334456102978,4.357088201193731,4.519895751237229,4.747333168990805,5.20950960396787
764,3.910817796862245,3.9956563413488513,4.13658196600219,4.405435757244919,4.589068996655923,4.782641926089966,5.2329789893182745
765,3.9356578264155053,3.9935440610533526,4.140125639185821,4.394117539936327,4.548484517133823,4.770317624905599,5.240912765618993
766,3.974880671272564,4.021732509849287,4.153762926873502,4.392610882100068,4.5433604112226185,4.750178056130943,5.19271729421241
767,3.932363724779353,3.9866655787128895,4.156557313856525,4.319824009666799,4.486839486858897,4.72179441505747,5.1792397494018205
768,3.9280560556690736,3.9774230937133326,4.107779853802395,4.321308403923725,4.501197836436678,4.735006941935823,5.194306420061583
769,3.9436219887828035,4.005808977378566,4.161309651241694,4.410338667421519,4.559594444045772,4.790876755830573,5.265244921223484
770,3.9445477717196504,3.986910165766252,4.098592993464262,4.358890484167204,4.541877789999962,4.80926550996818,5.2679200001696085
771,3.9466852173538998,3.9817729008586373,4.1414426511238585,4.38050992971416,4.529424762217945,4.718780565908946,5.152320094016127
772,3.9879757070994124,4.0268226694568465,4.140125981644374,4.376039250533572,4.514468961985722,4.735094669527716,5.201859627269258
773,3.9025680610814306,3.973721238127332,4.134189323998698,4.379894476182343,4.579222026716755,4.802222061781795,5.24292442780905
774,3.9479157404768714,4.014691631942336,4.151313403322649,4.330608241701673,4.518665054353145,4.749408228096466,5.203486892160687
775,3.993468302919505,4.024116770132585,4.153645941544679,4.403507237145959,4.585786646211873,4.808483108954664,5.255163738431549
776,3.960528843260685,4.0203427873537505,4.169391078712875,4.434486958156315,4.584906947781429,4.800060599496786,5.299558317173335
777,3.9287606657137943,3.9923028505502236,4.144670476019976,4.422346051165275,4.6245767300596,4.859310048915739,5.302397013236455
778,3.9224695908199623,3.9806871948260287,4.160502003643699,4.389916179430075,4.555182972002437,4.78368678158362,5.224740813314151
779,3.975510578240311,4.037726075104912,4.165678004766439,4.421169412578323,4.634097775553056,4.8634841113093685,5.342302874779813
780,3.9977320231266993,4.0051505661050655,4.1579148451571974,4.431670887114926,4.618785426953346,4.838090982544731,5.294749943721348
781,3.931303744744395,3.9915776282937645,4.144649376087793,4.380380907466174,4.56647083285791,4.778707493474643,5.216014475702518
782,3.948250466286964,3.9850766916508835,4.118352064390864,4.332375516578421,4.501298016328711,4.754869519913608,5.204127979457094
783,3.946072843781401,4.0120209087482746,4.160878077185112,4.412832555694161,4.5675110688020695,4.76559535047738,5.236176191979968
784,3.97430071282629,4.001038484222289,4.17757001400405,4.389060344653879,4.570623652529999,4.832179490519368,5.29799586045105
785,3.9805189045596814,4.014407190352655,4.144277309941833,4.438466806834713,4.6281943105185075,4.842097004973937,5.275730120814589
786,3.953199132345183,4.021716471856703,4.156502590842815,4.387722213137151,4.5350335749715995,4.798534283346403,5.237122383746699
787,3.971377618345293,4.0320022194620835,4.1566542114923095,4.4377188386813025,4.619773278197552,4.845655824485179,5.289238754724628
788,3.948313093984822,3.990594207649024,4.116383196264285,4.380424330004037,4.555328712599135,4.79958968343539,5.234192179718158
789,3.9487750447039196,3.97200724629662,4.1206129060916865,4.372748253587652,4.5517473075190935,4.82078646885589,5.27860418038829
790,3.9207180387862843,3.9864026763595364,4.143726336538289,4.387717583701835,4.544671012790754,4.758169845685609,5.2111715520143065
791,3.938577768857806,4.006898701115553,4.146210068750057,4.418664517446047,4.586973088706306,4.837712466408134,5.3006052634300636
792,3.9374048451121584,4.00050530432638,4.1851236259428,4.4702695645164985,4.657577046134031,4.903447416685554,5.346397614293042
793,3.937723837420735,4.001724391777822,4.125961337849684,4.357194763689122,4.550685690042907,4.813429328749334,5.311832108938654
794,3.9340619806391532,3.9865187053819024,4.143898184783754,4.397400514468728,4.583350627011938,4.810478496740404,5.266988893736271
795,3.974969370589932,4.057604913836215,4.192498867744976,4.411479058102217,4.5644543069786065,4.810226049863853,5.297445765158049
796,3.909336753655727,3.9589832952950816,4.129221089498946,4.3762569542527165,4.5536105691336015,4.793173503907841,5.241788496049842
797,3.965739041271745,4.017720983800072,4.159205461959062,4.427615275323321,4.613082294928631,4.8796016779018,5.344842570057805
798,3.9250385243848283,4.00673090439113,4.137735228449148,4.344435735882159,4.520266428276804,4.76374474334814,5.228649212686157
799,3.946233245707396,3.9884529664680457,4.136295033911196,4.402005224075901,4.6017379464225545,4.831940797431767,5.28732500624997
800,3.9428584193788256,3.9941596440874343,4.135129164125313,4.369279924429668,4.550285468200161,4.7997827194607225,5.244599882741319
801,3.917370705663627,3.9811185933500455,4.097075958099467,4.325930157280279,4.487022422646015,4.742308402813953,5.216306881927502
802,3.9399309836814984,4.01498734726214,4.146292453645941,4.372870341853255,4.5683530202385905,4.793663440700887,5.266748490887728
803,3.951995514810768,3.9943509844285927,4.14186158357359,4.3643777270643,4.559386423385469,4.754628174438708,5.222700345341297
804,3.9180969852286216,3.962211992370433,4.142101192780932,4.4244908742149605,4.541515179776692,4.815234032156892,5.2392097776406965
805,3.8639262318084806,3.969365366884184,4.136503350451546,4.350257668064484,4.557139909107799,4.799866243078303,5.226508825618479
806,3.9707696501726963,4.0288313443654395,4.180517493224963,4.456117291899418,4.6356523686730595,4.914485524601991,5.377106249847254
807,3.939775165245854,3.983579481399901,4.083620927847073,4.347174729341995,4.526226326319148,4.8161670871796325,5.243457722495668
808,3.9144525166442246,3.9884264454743303,4.15032958771024,4.408719198114105,4.5716288453852565,4.793076961477195,5.256984911224012
809,3.967586879811224,4.022913673197947,4.188203281150276,4.456337907678057,4.645483252702779,4.882241292653292,5.337584986977275
810,3.9239760557882,3.991107708316488,4.1284200731189955,4.373498946588726,4.557555919103705,4.794902399445216,5.262345013138821
811,3.945178797164716,4.0056898925284425,4.146374002319835,4.413039751019295,4.580032539185579,4.841230199585553,5.28167207207676
812,3.9639795862257476,3.9883178866778084,4.13105879980968,4.387447456716434,4.53529292822524,4.785662452277583,5.261669774787336
813,3.995326932336863,4.058143263607335,4.193057496942132,4.420859613411251,4.606045185061209,4.814064225784314,5.3071029550451225
814,3.9792526498968157,4.0066795553893835,4.165829612459088,4.401571332816269,4.560093324604889,4.807209416034336,5.298893814443359
815,3.970568518756536,4.032862960761516,4.198895435957065,4.43985349646425,4.588825307507124,4.810217335236978,5.263560016251864
816,3.933487504189756,3.985625788256158,4.140457759536434,4.373936554996469,4.534093674720649,4.828375313826756,5.2552450082117055
817,3.8829191377237504,3.9521646711296805,4.102325179295943,4.368974333875423,4.566342176821975,4.798286920297046,5.265058035381893
818,3.966066801925571,3.978893907534036,4.14035136453742,4.385469923332111,4.534575280931738,4.76644664718043,5.267898747831914
819,3.9903497947685302,4.043061073452071,4.1640412235942295,4.422262496352817,4.6518611017085245,4.88589555725081,5.315363710362888
820,3.9199025745056697,4.003645659979126,4.147929132023441,4.423558325902333,4.586313118515037,4.775454409225882,5.246674054457744
821,3.931542464626729,3.9738758775534055,4.134792295912348,4.355830120657912,4.513996730295017,4.78965349683485,5.2489473654001655
822,3.9706095717979877,4.018038913565994,4.194230361349668,4.438643734699826,4.640435549380735,4.853586064508977,5.313269469530264
823,3.9316988083045916,4.024899329859047,4.132333995487047,4.4342768507071915,4.623007500298365,4.814979713739823,5.30329062178714
824,3.985860312479875,4.02003563983235,4.135446998925903,4.358307444857503,4.543849393841464,4.7704598445413415,5.24793017701179
825,3.9645784897260223,4.004724376168851,4.1575697757741645,4.3634934391077795,4.5802098653304935,4.800404387439728,5.281257859940725
826,3.9323756432395363,4.009090406281084,4.155163717393419,4.381017094470881,4.540115041217886,4.798394361018728,5.249511301270262
827,3.9481280879992737,4.032430201669077,4.188747013809675,4.440016292746894,4.604061081130022,4.840450579357414,5.313812868715344
828,3.9261017828762097,3.96948849108615,4.0992863158790644,4.350431664968857,4.509720450205642,4.74449684631762,5.224161337019029
829,3.9095708568702636,3.984407064712568,4.1049067717447985,4.332561830849749,4.4866226489673835,4.700193263751959,5.162343267885102
830,3.9454732430052917,3.9912452418046533,4.1223748412344365,4.376880657104039,4.524778426892093,4.760781519110511,5.196811514541229
831,3.931011620664396,3.9815525806048244,4.117907434712394,4.328347749372383,4.482176347179476,4.718489475021004,5.202009632302341
832,3.947130977313653,4.005723686487753,4.1422589368260105,4.385933959371564,4.580239356661609,4.8311295973897685,5.2679767329469405
833,3.94286476925595,4.039518286045197,4.194294945991677,4.42964519355082,4.61823977260997,4.888753804787341,5.364359884634655
834,3.9286853043648726,3.9942009621376053,4.1482554280962844,4.382332326668028,4.569928044684725,4.813981150665431,5.227861811931214
835,3.9678295803858608,4.012914266421965,4.169299238630006,4.41012378682276,4.592266353690815,4.785304566773656,5.234217711890488
836,3.94832738317113,3.9862485863233696,4.132938478676515,4.333298735301532,4.5312628292212,4.7805449901482335,5.257373114768433
837,3.960822182253852,4.002932702492227,4.1566479330749075,4.401373737237364,4.561713048685781,4.750518565180604,5.208210182882976
838,3.945409674362367,3.9754381721774883,4.094724234671503,4.342211015064465,4.492183987626625,4.770167627474567,5.227190596440934
839,3.9272829819583723,3.9785678566693634,4.173005148104519,4.364992974077491,4.568986762289672,4.826133522086108,5.2998303793849395
840,3.992109693626201,4.019640217546292,4.166137343299242,4.381552908396075,4.576974070391083,4.798367336123132,5.242685862622108
841,3.9541065686103893,3.976854696444415,4.146319876770633,4.3609403739487105,4.527902994436908,4.750055535176287,5.206861783100864
842,3.922974616341325,3.944006647311337,4.128239817703065,4.321397512237969,4.4915962812068075,4.712256222415466,5.198251610603181
843,3.949541942406794,4.010082070841577,4.171924553067255,4.3839000603881395,4.557113859936188,4.794571540364195,5.270522379843084
844,3.9400223442368327,4.016954779972086,4.17575498948264,4.400332349881279,4.5698157719246275,4.816620970993537,5.277206220117119
845,3.9457780137203446,3.9851959142448505,4.115782377132082,4.3391755829766385,4.523114603414968,4.78236892519657,5.268861776241552
846,3.943065978368768,4.004592887650392,4.143936492316841,4.373027766142947,4.566223503426471,4.781169103425922,5.251606482752771
847,3.941686585437642,3.9695069595350136,4.120303522794365,4.337441881354389,4.484291893038676,4.677945419641587,5.109028528959376
848,3.924876861852721,3.997402762729727,4.1270007002867795,4.4028341120248635,4.557180648554119,4.801379662271931,5.251869096972808
849,3.9318268095027347,4.030286246718543,4.149580727355991,4.406515757111657,4.6159213235076235,4.859715344372109,5.314940102065091
850,3.9153116932136798,4.002099400718223,4.191933019896935,4.457315293783587,4.716725032185292,4.9133516099644705,5.376686011860519
851,3.9211946054457876,4.003654057521852,4.184707969919588,4.474313620139662,4.66687564285511,4.90492024249669,5.344810109404095
852,3.988540126362285,4.017372453846267,4.160253040561312,4.358488286252262,4.539584741520452,4.777492650052058,5.202732885797263
853,3.9099489057865324,3.9448926716094124,4.112261249174729,4.324815711307398,4.500653082486758,4.732270439953975,5.185183754378839
854,3.9375486936004984,4.01082176161364,4.160805833452984,4.391440301976207,4.553585843095824,4.791363198008686,5.254616162405343
855,3.9514134766558575,4.02333644328813,4.2023376845346005,4.435823927375486,4.5806790469609835,4.824136885341019,5.255427839351171
856,3.9310822880379876,4.014588887085551,4.128566878221624,4.386497038028352,4.555444848312336,4.767700756915913,5.232172652181703
857,3.955430551744537,3.9749018922191595,4.146279287561989,4.398448557756975,4.577606154359621,4.794883932746456,5.224427287835885
858,3.9396260850231184,4.035739609493137,4.155595735707367,4.444591637252779,4.619129468056225,4.844972640460637,5.335188260704772
859,3.9691001801093324,4.037658156320487,4.192674842916431,4.424350343604234,4.625797013155016,4.839842946052735,5.270645004603832
860,3.937190980056618,4.01176023313063,4.180068954708771,4.397403092879991,4.579601547206055,4.800779685840426,5.228319330737992
861,3.9666193167037935,4.032847034252824,4.183862442051668,4.405200189649559,4.582960461875653,4.799627226395497,5.231259728188666
862,3.9134992734312655,3.9596556088503694,4.165635416678529,4.428657714616628,4.609814306545271,4.8213674209002075,5.2850846192913075
863,3.9526924118799234,4.013715494925139,4.171696672223749,4.394704044343779,4.602685993826432,4.803289257922394,5.259298961769514
864,3.946486265690379,4.007850801395646,4.186375454307551,4.421787333073605,4.582204177877673,4.793291349900725,5.230049319483084
865,3.9397094872593,3.979350723017716,4.148179292578583,4.364816633726585,4.550078679867726,4.780036661680751,5.1998839033598285
866,3.9408355612436314,3.9896567150927402,4.143260918027338,4.405696509630827,4.544646600208138,4.765404168091225,5.218788176484128
867,3.964527459977497,3.9964604214114274,4.146376026809125,4.368256249695658,4.5368138839192245,4.809611426369726,5.276607259078898
868,3.945871659996314,4.017039632320267,4.193737562391991,4.459244113245776,4.600674944455469,4.840521583384595,5.271882111585036
869,3.982373629085847,4.022986903089325,4.092287415377773,4.326955130233229,4.479433761835061,4.717559937755888,5.172458571673529
870,3.9540294889941094,4.0025944610609425,4.206298458224005,4.450586528091872,4.621285598844277,4.838128110074872,5.279368774987347
871,3.97252164449951,4.0016817110220835,4.164762526641331,4.401065088071027,4.576531725991002,4.778464985532692,5.227438819103604
872,3.936875852064281,4.0034625437455365,4.138307229197778,4.399697990953682,4.615538811123387,4.841900047441783,5.305422664836352
873,3.921732080612427,4.002400011382269,4.164576505326586,4.39037423613513,4.541992659871191,4.7733442362073255,5.267769763973961
874,3.9338551306712666,3.9987181330755677,4.148784985982375,4.423949721008255,4.567380611748895,4.803143320965325,5.274810760084282
875,3.9825818720946624,4.028275887709707,4.168457951163001,4.394397527668083,4.563744410940414,4.817778148736,5.30301982217446
876,3.941224708599347,4.017742996708266,4.17243640410634,4.416708356473458,4.617722515619234,4.868441493320004,5.341009889978016
877,3.96745818019233,4.040808029952205,4.138272429118133,4.379095507325165,4.531211326133901,4.757044390517675,5.205570723043737
878,3.903166646648851,3.9669587562368043,4.130095025158989,4.319220133699902,4.493205510166711,4.756191882015955,5.231675998542284
879,3.9163871246527324,4.016639005217319,4.179560119597235,4.441243510558875,4.597313683830594,4.816398088533754,5.253314713234563
880,3.96223473154084,3.996747780014416,4.09614740887843,4.35841989059031,4.567170433238034,4.833803655281885,5.304551206709609
881,3.9695183005391663,3.9912268850585457,4.15181360379684,4.396918591814581,4.561536783258213,4.7754691347833225,5.245390588614521
882,3.9795248817060616,4.065953505269629,4.200120833393393,4.440414938670898,4.650687407645465,4.935076674420536,5.383511734748342
883,3.9090895867943742,3.9989175261500356,4.110681525723403,4.338543169504378,4.512920356872041,4.743859307787285,5.1693783424777315
884,3.9561178649278137,4.029155769251698,4.175095838245407,4.382296851350186,4.546042088748784,4.75569837023574,5.188353001927267
885,3.925613524718141,3.999068540765551,4.1325178875733295,4.340119723399765,4.499690660480852,4.735687177915803,5.177791839530158
886,3.9544827587037137,3.9784882279153155,4.140984218342031,4.381042470785122,4.566184699111229,4.829235448056276,5.272998462944856
887,3.9662472552960466,3.991521514261548,4.1255807186485,4.404258415886074,4.572811196698445,4.784485571082688,5.252396448458332
888,3.9755324270663994,4.02317362749116,4.181586035591046,4.40086917524772,4.580407956601075,4.827170832650354,5.2916664368246735
889,3.982591912518681,4.0071739982954195,4.147287882100086,4.40264490462469,4.561789280814816,4.79312130143205,5.264263182268308
890,3.939807414089841,3.9898511529901075,4.132457628078452,4.383014861491444,4.5367266385687595,4.763841620323926,5.230593595562328
891,3.9166657441645722,3.999467368682128,4.154698390726005,4.380136557229269,4.558853479476692,4.8048050907326365,5.277998019637117
892,3.9561311182696612,4.035594541235454,4.192913519255899,4.443959308492014,4.6338698337424304,4.8363760244307885,5.303244604097905
893,3.915851531437698,3.9447585555224793,4.105617105037613,4.355283785272211,4.50488257967149,4.738367029393902,5.209924778475723
894,3.916679654672088,3.9791590713545557,4.118876530860002,4.377373196092122,4.536774790089273,4.769766033229429,5.24629011700572
895,3.9566250427860377,4.031965176081165,4.181611419677011,4.4434904257106815,4.620746424785024,4.838475726039,5.28807570566802
896,3.9658770284216684,4.012967444901372,4.162142997432342,4.414864120474318,4.591530786828568,4.873250631445612,5.316910753217272
897,3.9017631919488696,3.932962065813151,4.106457911374073,4.337056689941416,4.54628599806369,4.802055527244541,5.279595787973491
898,3.9830286324757695,4.042927476611258,4.179161950431957,4.416174043393343,4.624776875006137,4.920772427670017,5.374459736180015
899,3.966551294969325,3.9901590781673177,4.1430791853305164,4.359182603996346,4.529960672235243,4.753746846656573,5.182776493524261
900,3.956302274051006,3.994689005911648,4.171064806586701,4.4467722587888385,4.613507004970295,4.821068819844492,5.2383261099508385
901,3.9635782559340313,3.964657418662867,4.139609569135558,4.364559447971668,4.5019734635993105,4.743688927306081,5.1723194113914746
902,3.9088716145494162,3.9705574580486136,4.146048601974026,4.408982580531543,4.589636646647003,4.811619940627802,5.287818197432715
903,3.907386007793531,3.9497009481988985,4.09525285708342,4.317395591733504,4.489325660035683,4.7638098709209045,5.1976712682716135
904,3.946923879619672,3.9844705570582044,4.156285607871751,4.422002407009263,4.571117656098865,4.798147222173239,5.282182040581581
905,3.9505684675910606,4.0134546187003854,4.116944460962905,4.3567303850667445,4.501417686036713,4.772060579587798,5.233499437181386
906,3.922937597410724,4.012270225608746,4.1878886669936595,4.460229026913888,4.642390530519084,4.879161167844081,5.333339640394367
907,3.9338653096191236,4.004074797514365,4.162976388808105,4.392756388986692,4.5537057869396484,4.75625095847618,5.221887776903543
908,3.9156411966186493,3.9909588925770434,4.1782556466365035,4.382746931474322,4.5692879940518525,4.805468745000319,5.259063466349913
909,3.9642056595891515,3.9656774903848313,4.1279585508905825,4.34932873931458,4.525352960060134,4.782384808505133,5.242980742157146
910,3.9322330210578045,4.028034290067999,4.166055545103907,4.389310229203103,4.579071667031707,4.784853811245662,5.25448707048043
911,3.8991692581111947,3.964132417857914,4.113460900125269,4.3585117931788675,4.530460936142769,4.807837729095687,5.25029104236794
912,3.939373860979223,3.9866411685909044,4.13479019317638,4.367594941976255,4.5382303547721445,4.792855714641452,5.222068701085086
913,3.9451685552282343,3.9704486947804654,4.094562151626478,4.337058273805257,4.53704601636997,4.814941253041625,5.267402000139921
914,3.937632519568698,4.011651025277908,4.195730917310782,4.423387650811534,4.610488594688149,4.870997904331179,5.325941649140579
915,3.96343658632947,4.015816276764955,4.13248053023364,4.4128123528972525,4.599588156112134,4.856954996379201,5.319645448275198
916,3.9586291521064934,3.981739734740077,4.141548603175241,4.367788555602634,4.548580689506048,4.776508252638842,5.2006928679190265
917,3.950327625529182,3.9924878398464316,4.1588350985170255,4.448904096539488,4.6373530233925235,4.822101921675453,5.287138272625095
918,3.982658556960959,3.9943344457815293,4.1183288501652235,4.392207309477,4.588107435815855,4.809292601315146,5.2575300895362505
919,3.9783972076219634,4.019283786720738,4.145044884454048,4.358812102651139,4.526093620055587,4.765391843125664,5.206266444625696
920,3.9352697898973172,3.973521916629997,4.133730045250004,4.336234023157517,4.50873216155802,4.726167613507039,5.212924989803946
921,3.967150957160278,3.9883472971500122,4.143796342750547,4.345236692305494,4.547836481005533,4.779285079212781,5.245718536841981
922,3.9714002570487756,4.023154753374445,4.1586267350019765,4.38145232931405,4.556311256031712,4.796952532952524,5.274050120052771
923,3.961392049601457,4.0089129085818795,4.165880941952818,4.3878344157053455,4.581751747511311,4.795993021162646,5.250585606168287
924,3.954918445143582,4.003584567372922,4.140400209113853,4.348103825933927,4.53017809913534,4.771265336370293,5.212626907719456
925,3.9123609635096073,3.965778263864243,4.083033075146318,4.303919506694469,4.438854568202114,4.713432438796309,5.178255902117445
926,3.9263802400499417,3.995541529599373,4.16020452544236,4.447961063636142,4.620587077759867,4.839774585138596,5.268688757835846
927,3.9364214499688566,3.982994594323931,4.122776699716706,4.3806826201171045,4.568842797043831,4.841507900331993,5.298117344399012
928,3.9389785720517048,3.985162699499658,4.1380777821874775,4.419897846898648,4.591288968398128,4.8588898836755545,5.290391108048456
929,3.933452683670156,3.985288713195145,4.1688748875699115,4.362485052674642,4.573600433605554,4.786652874819172,5.297938696925753
930,3.958464314112521,3.9999857832351577,4.121335002806445,4.3614069500582735,4.5336739448044865,4.773222377708036,5.2380306930015825
931,3.9595640243840324,4.043250387759544,4.155955758322435,4.416058102999476,4.590569218063364,4.841398292676263,5.268724934010648
932,3.9483915948032444,3.998525244603145,4.17544871136708,4.406243600705991,4.600998452421763,4.8361312738739946,5.312150789364142
933,3.9368958716974904,4.002084617763709,4.116542137239203,4.382147892611536,4.538672243632601,4.792349487120196,5.288413023696822
934,3.967695221211643,3.992648857589833,4.111851548310848,4.393385503919926,4.556030361971278,4.830615867511851,5.303671479427007
935,3.9319770312945135,3.986895120842977,4.175266018673923,4.421163055312218,4.586875333476769,4.804409087594986,5.253097116972307
936,3.9936729557326043,4.006760749157528,4.115760559980181,4.3822500239071225,4.562945314090467,4.832811589377276,5.252503832713648
937,3.943127899707013,3.9987049004969895,4.155600257167849,4.416499769436517,4.580001454253998,4.808798036479788,5.264931674335817
938,3.92267752502854,3.985419445024829,4.167889374210968,4.406576836924143,4.596520245263963,4.806371261898414,5.246228827054245
939,3.9640009981719686,3.989727108223694,4.138391166682593,4.362437402394278,4.547984126830572,4.74851763062248,5.180366981624861
940,3.947101434965025,4.045703292672338,4.16694602595099,4.4267021332846195,4.62208171821869,4.849518896749033,5.296274917708071
941,3.966761442576928,4.03529999219442,4.186501995809782,4.450317244535746,4.652153677646075,4.876194732208886,5.339053224398891
942,3.9635267734966355,3.992943485861441,4.162725170482142,4.3923276941185305,4.5624272828147605,4.769193783788477,5.250719839439688
943,3.959682581710686,4.009481728221243,4.172040038596884,4.4053602923883135,4.60936957057838,4.829739925296062,5.265997793130748
944,3.932409393791338,4.0100215750510255,4.1500966067783205,4.383565552550054,4.57843334227439,4.828455022597815,5.278035505824366
945,3.9272395634535333,3.9799758216580545,4.139358092870169,4.406806151166531,4.584110010502876,4.758796975453761,5.196025146156114
946,3.930564881495636,4.00331408344635,4.1501350680154925,4.374143340024846,4.5354367456117055,4.784820161878034,5.235388049150393
947,3.923657948641695,3.973261253310871,4.119775440187726,4.361916420171559,4.5116882005203385,4.743991765628651,5.1995925152176365
948,3.941301551128254,4.006163203908783,4.1498372538842245,4.40694414132814,4.602443485915705,4.844278395727878,5.275763729930906
949,3.953597263872609,4.008886590567315,4.156307469228231,4.396562139624343,4.566385138091738,4.817579406673808,5.288439467624829
950,3.968276183447865,4.023198777918788,4.15965712486211,4.44465701233902,4.6027194087603975,4.851276505236783,5.289469226950552
951,3.9525870422786697,3.9742322725069514,4.142312085485158,4.385388801991875,4.54704987229087,4.7695987421920165,5.20200582329978
952,3.8896199457512504,3.9894427942053503,4.144428538291865,4.429854457999165,4.570259782486737,4.7858952317378565,5.2965737332172385
953,3.9414813334532677,4.020920166440499,4.167097459238114,4.4243328972661535,4.59736492293565,4.826319833821964,5.286202453358803
954,3.9205418985073353,4.014622575545465,4.18126823389827,4.4035977073880135,4.5576224744785,4.764887024725426,5.210864461373454
955,3.9309551560871885,3.9790830608207006,4.09375056255633,4.349551804770075,4.544443990129635,4.81205487758078,5.249245073067667
956,3.924111398504381,3.9972344807377373,4.1817309173691335,4.453208311098679,4.636624610973263,4.859610811901144,5.351993753675706
957,3.9455491149872706,4.00165554094211,4.145200942129476,4.433330423235254,4.623443628048468,4.8655600260559835,5.306557274905222
958,3.9940218051024576,4.006646802470871,4.120434125698584,4.371936666644105,4.517389134901617,4.753794037505747,5.2293842873407765
959,3.9599409454170904,4.020095670477709,4.173760933156047,4.406186901111622,4.574417618408842,4.808600790371307,5.298482569147808
960,3.9514527756351607,4.025910811809572,4.159044897475687,4.4525973327589865,4.611711800564909,4.819041630010596,5.2697363798364325
961,3.918100765391387,3.973580785537407,4.077363694815065,4.355353360361958,4.518351265047963,4.736365762544883,5.207410714480304
962,3.8847594969236328,3.9715149139535657,4.138575702412093,4.402851024261342,4.57343489812998,4.826593620916871,5.278667678969146
963,3.9458316309468824,4.0145873001389765,4.131094789791801,4.351168498230167,4.514622105813225,4.794655693834972,5.261574779224865
964,3.9695307938233415,4.010856745083129,4.1364791256899744,4.340692155341199,4.5009093412692005,4.730718253839092,5.206812458310444
965,3.9651403954217876,4.0115001374975865,4.154940154434925,4.383297434342925,4.568594455041121,4.810916770943908,5.253296739493271
966,3.9280973714000273,3.984870762301272,4.176221779601994,4.3998284997356345,4.548293329237569,4.763578203058383,5.235980371000839
967,3.93536293708779,3.9682124158671903,4.126657474471719,4.3964212794754625,4.589187154693335,4.807304340003522,5.298074563711373
968,3.9762338286885703,4.035418461953696,4.150228498013561,4.403965356947033,4.6129829812992105,4.86588413113503,5.3472536455664175
969,3.9272256743432847,4.001286625833412,4.18322881444272,4.438675698995178,4.593279536514553,4.824548688207117,5.2908205747756964
970,3.9351461750702508,3.988473086713059,4.102172189150372,4.375477823073117,4.520538780209879,4.741601740933704,5.166923473710254
971,3.966622819442376,3.982449065461497,4.147441010868137,4.366785795266494,4.540348792615384,4.779680628619858,5.216655737614631
972,4.001470553877666,4.023004297793763,4.155502382761079,4.38773492949805,4.548528115803892,4.769999619691139,5.240320976069684
973,3.975502579203742,4.003315615600208,4.131229114698635,4.37310490466155,4.536839215958107,4.769490598738326,5.236603475410321
974,3.9312501059068947,4.002282037414141,4.156285240915728,4.421182642584792,4.594724045507115,4.817521551260157,5.270741390830398
975,3.975381368435883,3.979767147643008,4.152985536702189,4.408607390468349,4.56704519821083,4.782410682398201,5.2498239687894985
976,3.9326856045505068,4.006283437765183,4.155855198195055,4.4043817591021135,4.557315522193914,4.737082425758074,5.147324242301234
977,3.967088043091209,4.013001768725869,4.144608215453144,4.3732366194650325,4.54036842764805,4.744621844798031,5.213709395924728
978,3.901693301234499,3.9778438541784613,4.131967299066468,4.3819402815999915,4.575926669248205,4.81372219199796,5.285249797733401
979,3.9476830435527495,4.002672431193194,4.224916873304745,4.463153060521467,4.609804937641255,4.776527982724644,5.2143226885467175
980,3.9851631587888456,3.988433632565788,4.180258273397528,4.43662637134434,4.627997816113011,4.851597752937646,5.307003117962115
981,3.992056304462593,4.029545267445946,4.168637146499074,4.388784019825431,4.557730733727853,4.804043294910067,5.2520687803167165
982,3.9912451340304806,4.021927164032094,4.16271516936261,4.40133879306094,4.554201640943601,4.781587259037998,5.249309022622241
983,3.9345808192649567,3.9926626768006273,4.1559891833000036,4.438539754753445,4.613222436665719,4.870032092214707,5.3051308701145485
984,3.932878405828262,3.9879532885407594,4.139531795888657,4.4019472712199965,4.572217253646106,4.823988817513962,5.273531720497452
985,3.9180580012384087,3.9791553725099753,4.139051331704956,4.384576053981507,4.58309678021952,4.823553334573377,5.250609623691876
986,3.9358787366598857,4.012779655508053,4.142020830866596,4.425190254857661,4.630338183628326,4.838728639570173,5.2739775923340355
987,3.9237825944811555,4.005821058229651,4.16323472352508,4.410935481930818,4.605194639188172,4.839352543914059,5.285237469006887
988,3.9100677894174236,3.965242938623328,4.102085600423269,4.345729109004634,4.4609777059302544,4.6924067080268,5.182921516524836
989,3.96302473936649,4.002856391667824,4.135504253267536,4.428152729783797,4.580346318560168,4.801638793481021,5.263680880897468
990,3.9355082839106945,3.9840937429674357,4.113870579555974,4.379384486753843,4.542079788885217,4.7588756021373335,5.198020859530862
991,3.9480385730130103,4.000193797123924,4.159652058249394,4.436972579328489,4.6111898498608275,4.862980774847633,5.338957825180241
992,3.952326459611549,4.022266328134116,4.145520543644772,4.404489731565748,4.604111150354336,4.836955915350235,5.262705142338428
993,3.959037075142659,3.9870559049140515,4.138622051932118,4.348503424381715,4.549174024705029,4.7954739231224615,5.302038758995826
994,3.9319951234425043,3.9755980755175133,4.099227154255074,4.3191330135444375,4.490542084718969,4.732239329386879,5.201335043826714
995,3.9087764919962846,4.000376539427759,4.187897069581371,4.430010932506246,4.624060249716356,4.81302813015227,5.2727162527930505
996,3.890094710780301,3.9716732563665436,4.152977437930149,4.375307345953169,4.560891327601228,4.776190353403127,5.275627820556201
997,4.002579743218198,4.012588922234095,4.150009793926489,4.412585549377872,4.625238122934233,4.848900479249634,5.312801035128033
998,3.92107801057886,4.004966212291043,4.138348849568268,4.425779629327829,4.639668135637831,4.886396545362705,5.334913677372826
999,3.94306846311035,3.9922172780830802,4.14609941790933,4.4255490245426365,4.622379574552127,4.865014147070211,5.297650047070859
1000,3.9525054711062304,4.003793156511404,4.132184061416416,4.364470702365996,4.564368743667758,4.816874326865633,5.269539534580158
