model,date,actual_change,predicted_change,actual_direction,predicted_direction,mae_bp,error_bp,actual_label,predicted_label
persistence_zero_change,2021-03-25,0.009999999999999787,0.0,1,1,0.9999999999999787,-0.9999999999999787,flat,flat
persistence_zero_change,2021-03-26,0.040000000000000036,0.0,2,1,4.0000000000000036,-4.0000000000000036,rise,flat
persistence_zero_change,2021-03-29,0.06000000000000005,0.0,2,1,6.000000000000005,-6.000000000000005,rise,flat
persistence_zero_change,2021-03-30,0.0,0.0,1,1,0.0,0.0,flat,flat
persistence_zero_change,2021-03-31,0.010000000000000009,0.0,2,1,1.0000000000000009,-1.0000000000000009,rise,flat
persistence_zero_change,2021-04-01,-0.050000000000000044,0.0,0,1,5.000000000000004,5.000000000000004,fall,flat
persistence_zero_change,2021-04-02,0.030000000000000027,0.0,2,1,3.0000000000000027,-3.0000000000000027,rise,flat
persistence_zero_change,2021-04-05,0.010000000000000009,0.0,2,1,1.0000000000000009,-1.0000000000000009,rise,flat
persistence_zero_change,2021-04-06,-0.06000000000000005,0.0,0,1,6.000000000000005,6.000000000000005,fall,flat
persistence_zero_change,2021-04-07,0.010000000000000009,0.0,2,1,1.0000000000000009,-1.0000000000000009,rise,flat
persistence_zero_change,2021-04-08,-0.040000000000000036,0.0,0,1,4.0000000000000036,4.0000000000000036,fall,flat
persistence_zero_change,2021-04-09,0.030000000000000027,0.0,2,1,3.0000000000000027,-3.0000000000000027,rise,flat
persistence_zero_change,2021-04-12,0.020000000000000018,0.0,2,1,2.0000000000000018,-2.0000000000000018,rise,flat
persistence_zero_change,2021-04-13,-0.050000000000000044,0.0,0,1,5.000000000000004,5.000000000000004,fall,flat
persistence_zero_change,2021-04-14,0.0,0.0,1,1,0.0,0.0,flat,flat
persistence_zero_change,2021-04-15,-0.07999999999999985,0.0,0,1,7.999999999999985,7.999999999999985,fall,flat
persistence_zero_change,2021-04-16,0.030000000000000027,0.0,2,1,3.0000000000000027,-3.0000000000000027,rise,flat
persistence_zero_change,2021-04-19,0.020000000000000018,0.0,2,1,2.0000000000000018,-2.0000000000000018,rise,flat
persistence_zero_change,2021-04-20,-0.030000000000000027,0.0,0,1,3.0000000000000027,3.0000000000000027,fall,flat
persistence_zero_change,2021-04-21,-0.010000000000000009,0.0,0,1,1.0000000000000009,1.0000000000000009,fall,flat
persistence_zero_change,2021-04-22,0.0,0.0,1,1,0.0,0.0,flat,flat
persistence_zero_change,2021-04-23,0.010000000000000009,0.0,2,1,1.0000000000000009,-1.0000000000000009,rise,flat
persistence_zero_change,2021-04-26,0.0,0.0,1,1,0.0,0.0,flat,flat
persistence_zero_change,2021-04-27,0.04999999999999982,0.0,2,1,4.999999999999982,-4.999999999999982,rise,flat
persistence_zero_change,2021-04-28,0.0,0.0,1,1,0.0,0.0,flat,flat
persistence_zero_change,2021-04-29,0.020000000000000018,0.0,2,1,2.0000000000000018,-2.0000000000000018,rise,flat
persistence_zero_change,2021-04-30,0.0,0.0,1,1,0.0,0.0,flat,flat
persistence_zero_change,2021-05-03,-0.020000000000000018,0.0,0,1,2.0000000000000018,2.0000000000000018,fall,flat
persistence_zero_change,2021-05-04,-0.019999999999999796,0.0,0,1,1.9999999999999796,1.9999999999999796,fall,flat
persistence_zero_change,2021-05-05,-0.020000000000000018,0.0,0,1,2.0000000000000018,2.0000000000000018,fall,flat
persistence_zero_change,2021-05-06,-0.010000000000000009,0.0,0,1,1.0000000000000009,1.0000000000000009,fall,flat
persistence_zero_change,2021-05-07,0.020000000000000018,0.0,2,1,2.0000000000000018,-2.0000000000000018,rise,flat
persistence_zero_change,2021-05-10,0.029999999999999805,0.0,2,1,2.9999999999999805,-2.9999999999999805,rise,flat
persistence_zero_change,2021-05-11,0.010000000000000009,0.0,2,1,1.0000000000000009,-1.0000000000000009,rise,flat
persistence_zero_change,2021-05-12,0.050000000000000044,0.0,2,1,5.000000000000004,-5.000000000000004,rise,flat
persistence_zero_change,2021-05-13,-0.030000000000000027,0.0,0,1,3.0000000000000027,3.0000000000000027,fall,flat
persistence_zero_change,2021-05-14,-0.030000000000000027,0.0,0,1,3.0000000000000027,3.0000000000000027,fall,flat
persistence_zero_change,2021-05-17,0.010000000000000009,0.0,2,1,1.0000000000000009,-1.0000000000000009,rise,flat
persistence_zero_change,2021-05-18,0.0,0.0,1,1,0.0,0.0,flat,flat
persistence_zero_change,2021-05-19,0.040000000000000036,0.0,2,1,4.0000000000000036,-4.0000000000000036,rise,flat
persistence_zero_change,2021-05-20,-0.050000000000000044,0.0,0,1,5.000000000000004,5.000000000000004,fall,flat
persistence_zero_change,2021-05-21,0.0,0.0,1,1,0.0,0.0,flat,flat
persistence_zero_change,2021-05-24,-0.019999999999999796,0.0,0,1,1.9999999999999796,1.9999999999999796,fall,flat
persistence_zero_change,2021-05-25,-0.050000000000000044,0.0,0,1,5.000000000000004,5.000000000000004,fall,flat
persistence_zero_change,2021-05-26,0.020000000000000018,0.0,2,1,2.0000000000000018,-2.0000000000000018,rise,flat
persistence_zero_change,2021-05-27,0.030000000000000027,0.0,2,1,3.0000000000000027,-3.0000000000000027,rise,flat
persistence_zero_change,2021-05-28,-0.030000000000000027,0.0,0,1,3.0000000000000027,3.0000000000000027,fall,flat
persistence_zero_change,2021-06-01,0.040000000000000036,0.0,2,1,4.0000000000000036,-4.0000000000000036,rise,flat
persistence_zero_change,2021-06-02,-0.030000000000000027,0.0,0,1,3.0000000000000027,3.0000000000000027,fall,flat
persistence_zero_change,2021-06-03,0.039999999999999813,0.0,2,1,3.9999999999999813,-3.9999999999999813,rise,flat
persistence_zero_change,2021-06-04,-0.06999999999999984,0.0,0,1,6.999999999999984,6.999999999999984,fall,flat
persistence_zero_change,2021-06-07,0.010000000000000009,0.0,2,1,1.0000000000000009,-1.0000000000000009,rise,flat
persistence_zero_change,2021-06-08,-0.040000000000000036,0.0,0,1,4.0000000000000036,4.0000000000000036,fall,flat
persistence_zero_change,2021-06-09,-0.030000000000000027,0.0,0,1,3.0000000000000027,3.0000000000000027,fall,flat
persistence_zero_change,2021-06-10,-0.050000000000000044,0.0,0,1,5.000000000000004,5.000000000000004,fall,flat
persistence_zero_change,2021-06-11,0.020000000000000018,0.0,2,1,2.0000000000000018,-2.0000000000000018,rise,flat
persistence_zero_change,2021-06-14,0.040000000000000036,0.0,2,1,4.0000000000000036,-4.0000000000000036,rise,flat
persistence_zero_change,2021-06-15,0.0,0.0,1,1,0.0,0.0,flat,flat
persistence_zero_change,2021-06-16,0.06000000000000005,0.0,2,1,6.000000000000005,-6.000000000000005,rise,flat
persistence_zero_change,2021-06-17,-0.050000000000000044,0.0,0,1,5.000000000000004,5.000000000000004,fall,flat
persistence_zero_change,2021-06-18,-0.07000000000000006,0.0,0,1,7.000000000000006,7.000000000000006,fall,flat
persistence_zero_change,2021-06-21,0.050000000000000044,0.0,2,1,5.000000000000004,-5.000000000000004,rise,flat
persistence_zero_change,2021-06-22,-0.020000000000000018,0.0,0,1,2.0000000000000018,2.0000000000000018,fall,flat
persistence_zero_change,2021-06-23,0.020000000000000018,0.0,2,1,2.0000000000000018,-2.0000000000000018,rise,flat
persistence_zero_change,2021-06-24,-0.010000000000000009,0.0,0,1,1.0000000000000009,1.0000000000000009,fall,flat
persistence_zero_change,2021-06-25,0.050000000000000044,0.0,2,1,5.000000000000004,-5.000000000000004,rise,flat
persistence_zero_change,2021-06-28,-0.050000000000000044,0.0,0,1,5.000000000000004,5.000000000000004,fall,flat
persistence_zero_change,2021-06-29,0.0,0.0,1,1,0.0,0.0,flat,flat
persistence_zero_change,2021-06-30,-0.040000000000000036,0.0,0,1,4.0000000000000036,4.0000000000000036,fall,flat
persistence_zero_change,2021-07-01,0.030000000000000027,0.0,2,1,3.0000000000000027,-3.0000000000000027,rise,flat
persistence_zero_change,2021-07-02,-0.040000000000000036,0.0,0,1,4.0000000000000036,4.0000000000000036,fall,flat
persistence_zero_change,2021-07-06,-0.06999999999999984,0.0,0,1,6.999999999999984,6.999999999999984,fall,flat
persistence_zero_change,2021-07-07,-0.040000000000000036,0.0,0,1,4.0000000000000036,4.0000000000000036,fall,flat
persistence_zero_change,2021-07-08,-0.030000000000000027,0.0,0,1,3.0000000000000027,3.0000000000000027,fall,flat
persistence_zero_change,2021-07-09,0.07000000000000006,0.0,2,1,7.000000000000006,-7.000000000000006,rise,flat
persistence_zero_change,2021-07-12,0.009999999999999787,0.0,1,1,0.9999999999999787,-0.9999999999999787,flat,flat
persistence_zero_change,2021-07-13,0.040000000000000036,0.0,2,1,4.0000000000000036,-4.0000000000000036,rise,flat
persistence_zero_change,2021-07-14,-0.04999999999999982,0.0,0,1,4.999999999999982,4.999999999999982,fall,flat
persistence_zero_change,2021-07-15,-0.06000000000000005,0.0,0,1,6.000000000000005,6.000000000000005,fall,flat
persistence_zero_change,2021-07-16,0.0,0.0,1,1,0.0,0.0,flat,flat
persistence_zero_change,2021-07-19,-0.1200000000000001,0.0,0,1,12.00000000000001,12.00000000000001,fall,flat
persistence_zero_change,2021-07-20,0.040000000000000036,0.0,2,1,4.0000000000000036,-4.0000000000000036,rise,flat
persistence_zero_change,2021-07-21,0.07000000000000006,0.0,2,1,7.000000000000006,-7.000000000000006,rise,flat
persistence_zero_change,2021-07-22,-0.030000000000000027,0.0,0,1,3.0000000000000027,3.0000000000000027,fall,flat
persistence_zero_change,2021-07-23,0.030000000000000027,0.0,2,1,3.0000000000000027,-3.0000000000000027,rise,flat
persistence_zero_change,2021-07-26,-0.010000000000000009,0.0,0,1,1.0000000000000009,1.0000000000000009,fall,flat
persistence_zero_change,2021-07-27,-0.040000000000000036,0.0,0,1,4.0000000000000036,4.0000000000000036,fall,flat
persistence_zero_change,2021-07-28,0.010000000000000009,0.0,2,1,1.0000000000000009,-1.0000000000000009,rise,flat
persistence_zero_change,2021-07-29,0.020000000000000018,0.0,2,1,2.0000000000000018,-2.0000000000000018,rise,flat
persistence_zero_change,2021-07-30,-0.040000000000000036,0.0,0,1,4.0000000000000036,4.0000000000000036,fall,flat
persistence_zero_change,2021-08-02,-0.040000000000000036,0.0,0,1,4.0000000000000036,4.0000000000000036,fall,flat
persistence_zero_change,2021-08-03,-0.010000000000000009,0.0,0,1,1.0000000000000009,1.0000000000000009,fall,flat
persistence_zero_change,2021-08-04,0.0,0.0,1,1,0.0,0.0,flat,flat
persistence_zero_change,2021-08-05,0.040000000000000036,0.0,2,1,4.0000000000000036,-4.0000000000000036,rise,flat
persistence_zero_change,2021-08-06,0.08000000000000007,0.0,2,1,8.000000000000007,-8.000000000000007,rise,flat
persistence_zero_change,2021-08-09,0.020000000000000018,0.0,2,1,2.0000000000000018,-2.0000000000000018,rise,flat
persistence_zero_change,2021-08-10,0.030000000000000027,0.0,2,1,3.0000000000000027,-3.0000000000000027,rise,flat
persistence_zero_change,2021-08-11,-0.010000000000000009,0.0,0,1,1.0000000000000009,1.0000000000000009,fall,flat
persistence_zero_change,2021-08-12,0.010000000000000009,0.0,2,1,1.0000000000000009,-1.0000000000000009,rise,flat
persistence_zero_change,2021-08-13,-0.07000000000000006,0.0,0,1,7.000000000000006,7.000000000000006,fall,flat
persistence_zero_change,2021-08-16,-0.030000000000000027,0.0,0,1,3.0000000000000027,3.0000000000000027,fall,flat
persistence_zero_change,2021-08-17,0.0,0.0,1,1,0.0,0.0,flat,flat
persistence_zero_change,2021-08-18,0.010000000000000009,0.0,2,1,1.0000000000000009,-1.0000000000000009,rise,flat
persistence_zero_change,2021-08-19,-0.030000000000000027,0.0,0,1,3.0000000000000027,3.0000000000000027,fall,flat
persistence_zero_change,2021-08-20,0.020000000000000018,0.0,2,1,2.0000000000000018,-2.0000000000000018,rise,flat
persistence_zero_change,2021-08-23,-0.010000000000000009,0.0,0,1,1.0000000000000009,1.0000000000000009,fall,flat
persistence_zero_change,2021-08-24,0.040000000000000036,0.0,2,1,4.0000000000000036,-4.0000000000000036,rise,flat
persistence_zero_change,2021-08-25,0.06000000000000005,0.0,2,1,6.000000000000005,-6.000000000000005,rise,flat
persistence_zero_change,2021-08-26,-0.010000000000000009,0.0,0,1,1.0000000000000009,1.0000000000000009,fall,flat
persistence_zero_change,2021-08-27,-0.030000000000000027,0.0,0,1,3.0000000000000027,3.0000000000000027,fall,flat
persistence_zero_change,2021-08-30,-0.020000000000000018,0.0,0,1,2.0000000000000018,2.0000000000000018,fall,flat
persistence_zero_change,2021-08-31,0.010000000000000009,0.0,2,1,1.0000000000000009,-1.0000000000000009,rise,flat
persistence_zero_change,2021-09-01,0.010000000000000009,0.0,2,1,1.0000000000000009,-1.0000000000000009,rise,flat
persistence_zero_change,2021-09-02,-0.020000000000000018,0.0,0,1,2.0000000000000018,2.0000000000000018,fall,flat
persistence_zero_change,2021-09-03,0.040000000000000036,0.0,2,1,4.0000000000000036,-4.0000000000000036,rise,flat
persistence_zero_change,2021-09-07,0.04999999999999982,0.0,2,1,4.999999999999982,-4.999999999999982,rise,flat
persistence_zero_change,2021-09-08,-0.029999999999999805,0.0,0,1,2.9999999999999805,2.9999999999999805,fall,flat
persistence_zero_change,2021-09-09,-0.050000000000000044,0.0,0,1,5.000000000000004,5.000000000000004,fall,flat
persistence_zero_change,2021-09-10,0.050000000000000044,0.0,2,1,5.000000000000004,-5.000000000000004,rise,flat
persistence_zero_change,2021-09-13,-0.020000000000000018,0.0,0,1,2.0000000000000018,2.0000000000000018,fall,flat
persistence_zero_change,2021-09-14,-0.050000000000000044,0.0,0,1,5.000000000000004,5.000000000000004,fall,flat
persistence_zero_change,2021-09-15,0.030000000000000027,0.0,2,1,3.0000000000000027,-3.0000000000000027,rise,flat
persistence_zero_change,2021-09-16,0.030000000000000027,0.0,2,1,3.0000000000000027,-3.0000000000000027,rise,flat
persistence_zero_change,2021-09-17,0.030000000000000027,0.0,2,1,3.0000000000000027,-3.0000000000000027,rise,flat
persistence_zero_change,2021-09-20,-0.06000000000000005,0.0,0,1,6.000000000000005,6.000000000000005,fall,flat
persistence_zero_change,2021-09-21,0.020000000000000018,0.0,2,1,2.0000000000000018,-2.0000000000000018,rise,flat
persistence_zero_change,2021-09-22,-0.010000000000000009,0.0,0,1,1.0000000000000009,1.0000000000000009,fall,flat
persistence_zero_change,2021-09-23,0.08999999999999986,0.0,2,1,8.999999999999986,-8.999999999999986,rise,flat
persistence_zero_change,2021-09-24,0.06000000000000005,0.0,2,1,6.000000000000005,-6.000000000000005,rise,flat
persistence_zero_change,2021-09-27,0.010000000000000009,0.0,2,1,1.0000000000000009,-1.0000000000000009,rise,flat
persistence_zero_change,2021-09-28,0.06000000000000005,0.0,2,1,6.000000000000005,-6.000000000000005,rise,flat
persistence_zero_change,2021-09-29,0.010000000000000009,0.0,2,1,1.0000000000000009,-1.0000000000000009,rise,flat
persistence_zero_change,2021-09-30,-0.030000000000000027,0.0,0,1,3.0000000000000027,3.0000000000000027,fall,flat
persistence_zero_change,2021-10-01,-0.040000000000000036,0.0,0,1,4.0000000000000036,4.0000000000000036,fall,flat
persistence_zero_change,2021-10-04,0.010000000000000009,0.0,2,1,1.0000000000000009,-1.0000000000000009,rise,flat
persistence_zero_change,2021-10-05,0.050000000000000044,0.0,2,1,5.000000000000004,-5.000000000000004,rise,flat
persistence_zero_change,2021-10-06,-0.010000000000000009,0.0,0,1,1.0000000000000009,1.0000000000000009,fall,flat
persistence_zero_change,2021-10-07,0.050000000000000044,0.0,2,1,5.000000000000004,-5.000000000000004,rise,flat
persistence_zero_change,2021-10-08,0.030000000000000027,0.0,2,1,3.0000000000000027,-3.0000000000000027,rise,flat
persistence_zero_change,2021-10-12,-0.020000000000000018,0.0,0,1,2.0000000000000018,2.0000000000000018,fall,flat
persistence_zero_change,2021-10-13,-0.030000000000000027,0.0,0,1,3.0000000000000027,3.0000000000000027,fall,flat
persistence_zero_change,2021-10-14,-0.040000000000000036,0.0,0,1,4.0000000000000036,4.0000000000000036,fall,flat
persistence_zero_change,2021-10-15,0.07000000000000006,0.0,2,1,7.000000000000006,-7.000000000000006,rise,flat
persistence_zero_change,2021-10-18,0.0,0.0,1,1,0.0,0.0,flat,flat
persistence_zero_change,2021-10-19,0.05999999999999983,0.0,2,1,5.999999999999983,-5.999999999999983,rise,flat
persistence_zero_change,2021-10-20,0.0,0.0,1,1,0.0,0.0,flat,flat
persistence_zero_change,2021-10-21,0.030000000000000027,0.0,2,1,3.0000000000000027,-3.0000000000000027,rise,flat
persistence_zero_change,2021-10-22,-0.020000000000000018,0.0,0,1,2.0000000000000018,2.0000000000000018,fall,flat
persistence_zero_change,2021-10-25,-0.020000000000000018,0.0,0,1,2.0000000000000018,2.0000000000000018,fall,flat
persistence_zero_change,2021-10-26,-0.010000000000000009,0.0,0,1,1.0000000000000009,1.0000000000000009,fall,flat
persistence_zero_change,2021-10-27,-0.08999999999999986,0.0,0,1,8.999999999999986,8.999999999999986,fall,flat
persistence_zero_change,2021-10-28,0.030000000000000027,0.0,2,1,3.0000000000000027,-3.0000000000000027,rise,flat
persistence_zero_change,2021-10-29,-0.020000000000000018,0.0,0,1,2.0000000000000018,2.0000000000000018,fall,flat
persistence_zero_change,2021-11-01,0.030000000000000027,0.0,2,1,3.0000000000000027,-3.0000000000000027,rise,flat
persistence_zero_change,2021-11-02,-0.020000000000000018,0.0,0,1,2.0000000000000018,2.0000000000000018,fall,flat
persistence_zero_change,2021-11-03,0.040000000000000036,0.0,2,1,4.0000000000000036,-4.0000000000000036,rise,flat
persistence_zero_change,2021-11-04,-0.07000000000000006,0.0,0,1,7.000000000000006,7.000000000000006,fall,flat
persistence_zero_change,2021-11-05,-0.08000000000000007,0.0,0,1,8.000000000000007,8.000000000000007,fall,flat
persistence_zero_change,2021-11-08,0.06000000000000005,0.0,2,1,6.000000000000005,-6.000000000000005,rise,flat
persistence_zero_change,2021-11-09,-0.050000000000000044,0.0,0,1,5.000000000000004,5.000000000000004,fall,flat
persistence_zero_change,2021-11-10,0.10000000000000009,0.0,2,1,10.000000000000009,-10.000000000000009,rise,flat
persistence_zero_change,2021-11-12,0.020000000000000018,0.0,2,1,2.0000000000000018,-2.0000000000000018,rise,flat
persistence_zero_change,2021-11-15,0.04999999999999982,0.0,2,1,4.999999999999982,-4.999999999999982,rise,flat
persistence_zero_change,2021-11-16,0.0,0.0,1,1,0.0,0.0,flat,flat
persistence_zero_change,2021-11-17,-0.029999999999999805,0.0,0,1,2.9999999999999805,2.9999999999999805,fall,flat
persistence_zero_change,2021-11-18,-0.010000000000000009,0.0,0,1,1.0000000000000009,1.0000000000000009,fall,flat
persistence_zero_change,2021-11-19,-0.050000000000000044,0.0,0,1,5.000000000000004,5.000000000000004,fall,flat
persistence_zero_change,2021-11-22,0.08999999999999986,0.0,2,1,8.999999999999986,-8.999999999999986,rise,flat
persistence_zero_change,2021-11-23,0.040000000000000036,0.0,2,1,4.0000000000000036,-4.0000000000000036,rise,flat
persistence_zero_change,2021-11-24,-0.030000000000000027,0.0,0,1,3.0000000000000027,3.0000000000000027,fall,flat
persistence_zero_change,2021-11-26,-0.15999999999999992,0.0,0,1,15.999999999999993,15.999999999999993,fall,flat
persistence_zero_change,2021-11-29,0.040000000000000036,0.0,2,1,4.0000000000000036,-4.0000000000000036,rise,flat
persistence_zero_change,2021-11-30,-0.09000000000000008,0.0,0,1,9.000000000000007,9.000000000000007,fall,flat
persistence_zero_change,2021-12-01,0.0,0.0,1,1,0.0,0.0,flat,flat
persistence_zero_change,2021-12-02,0.010000000000000009,0.0,2,1,1.0000000000000009,-1.0000000000000009,rise,flat
persistence_zero_change,2021-12-03,-0.08999999999999986,0.0,0,1,8.999999999999986,8.999999999999986,fall,flat
persistence_zero_change,2021-12-06,0.07999999999999985,0.0,2,1,7.999999999999985,-7.999999999999985,rise,flat
persistence_zero_change,2021-12-07,0.050000000000000044,0.0,2,1,5.000000000000004,-5.000000000000004,rise,flat
persistence_zero_change,2021-12-08,0.040000000000000036,0.0,2,1,4.0000000000000036,-4.0000000000000036,rise,flat
persistence_zero_change,2021-12-09,-0.030000000000000027,0.0,0,1,3.0000000000000027,3.0000000000000027,fall,flat
persistence_zero_change,2021-12-10,-0.010000000000000009,0.0,0,1,1.0000000000000009,1.0000000000000009,fall,flat
persistence_zero_change,2021-12-13,-0.06000000000000005,0.0,0,1,6.000000000000005,6.000000000000005,fall,flat
persistence_zero_change,2021-12-14,0.020000000000000018,0.0,2,1,2.0000000000000018,-2.0000000000000018,rise,flat
persistence_zero_change,2021-12-15,0.030000000000000027,0.0,2,1,3.0000000000000027,-3.0000000000000027,rise,flat
persistence_zero_change,2021-12-16,-0.030000000000000027,0.0,0,1,3.0000000000000027,3.0000000000000027,fall,flat
persistence_zero_change,2021-12-17,-0.030000000000000027,0.0,0,1,3.0000000000000027,3.0000000000000027,fall,flat
persistence_zero_change,2021-12-20,0.020000000000000018,0.0,2,1,2.0000000000000018,-2.0000000000000018,rise,flat
persistence_zero_change,2021-12-21,0.050000000000000044,0.0,2,1,5.000000000000004,-5.000000000000004,rise,flat
persistence_zero_change,2021-12-22,-0.020000000000000018,0.0,0,1,2.0000000000000018,2.0000000000000018,fall,flat
persistence_zero_change,2021-12-23,0.040000000000000036,0.0,2,1,4.0000000000000036,-4.0000000000000036,rise,flat
persistence_zero_change,2021-12-27,-0.020000000000000018,0.0,0,1,2.0000000000000018,2.0000000000000018,fall,flat
persistence_zero_change,2021-12-28,0.010000000000000009,0.0,2,1,1.0000000000000009,-1.0000000000000009,rise,flat
persistence_zero_change,2021-12-29,0.06000000000000005,0.0,2,1,6.000000000000005,-6.000000000000005,rise,flat
persistence_zero_change,2021-12-30,-0.030000000000000027,0.0,0,1,3.0000000000000027,3.0000000000000027,fall,flat
persistence_zero_change,2021-12-31,0.0,0.0,1,1,0.0,0.0,flat,flat
persistence_zero_change,2022-01-03,0.10999999999999988,0.0,2,1,10.999999999999988,-10.999999999999988,rise,flat
persistence_zero_change,2022-01-04,0.030000000000000027,0.0,2,1,3.0000000000000027,-3.0000000000000027,rise,flat
persistence_zero_change,2022-01-05,0.050000000000000044,0.0,2,1,5.000000000000004,-5.000000000000004,rise,flat
persistence_zero_change,2022-01-06,0.020000000000000018,0.0,2,1,2.0000000000000018,-2.0000000000000018,rise,flat
persistence_zero_change,2022-01-07,0.030000000000000027,0.0,2,1,3.0000000000000027,-3.0000000000000027,rise,flat
persistence_zero_change,2022-01-10,0.020000000000000018,0.0,2,1,2.0000000000000018,-2.0000000000000018,rise,flat
persistence_zero_change,2022-01-11,-0.030000000000000027,0.0,0,1,3.0000000000000027,3.0000000000000027,fall,flat
persistence_zero_change,2022-01-12,-0.010000000000000009,0.0,0,1,1.0000000000000009,1.0000000000000009,fall,flat
persistence_zero_change,2022-01-13,-0.040000000000000036,0.0,0,1,4.0000000000000036,4.0000000000000036,fall,flat
persistence_zero_change,2022-01-14,0.08000000000000007,0.0,2,1,8.000000000000007,-8.000000000000007,rise,flat
persistence_zero_change,2022-01-18,0.09000000000000008,0.0,2,1,9.000000000000007,-9.000000000000007,rise,flat
persistence_zero_change,2022-01-19,-0.040000000000000036,0.0,0,1,4.0000000000000036,4.0000000000000036,fall,flat
persistence_zero_change,2022-01-20,0.0,0.0,1,1,0.0,0.0,flat,flat
persistence_zero_change,2022-01-21,-0.08000000000000007,0.0,0,1,8.000000000000007,8.000000000000007,fall,flat
persistence_zero_change,2022-01-24,0.0,0.0,1,1,0.0,0.0,flat,flat
persistence_zero_change,2022-01-25,0.030000000000000027,0.0,2,1,3.0000000000000027,-3.0000000000000027,rise,flat
persistence_zero_change,2022-01-26,0.07000000000000006,0.0,2,1,7.000000000000006,-7.000000000000006,rise,flat
persistence_zero_change,2022-01-27,-0.040000000000000036,0.0,0,1,4.0000000000000036,4.0000000000000036,fall,flat
persistence_zero_change,2022-01-28,-0.030000000000000027,0.0,0,1,3.0000000000000027,3.0000000000000027,fall,flat
persistence_zero_change,2022-01-31,0.010000000000000009,0.0,2,1,1.0000000000000009,-1.0000000000000009,rise,flat
persistence_zero_change,2022-02-01,0.020000000000000018,0.0,2,1,2.0000000000000018,-2.0000000000000018,rise,flat
persistence_zero_change,2022-02-02,-0.030000000000000027,0.0,0,1,3.0000000000000027,3.0000000000000027,fall,flat
persistence_zero_change,2022-02-03,0.040000000000000036,0.0,2,1,4.0000000000000036,-4.0000000000000036,rise,flat
persistence_zero_change,2022-02-04,0.10999999999999988,0.0,2,1,10.999999999999988,-10.999999999999988,rise,flat
persistence_zero_change,2022-02-07,-0.010000000000000009,0.0,0,1,1.0000000000000009,1.0000000000000009,fall,flat
persistence_zero_change,2022-02-08,0.040000000000000036,0.0,2,1,4.0000000000000036,-4.0000000000000036,rise,flat
persistence_zero_change,2022-02-09,-0.020000000000000018,0.0,0,1,2.0000000000000018,2.0000000000000018,fall,flat
persistence_zero_change,2022-02-10,0.08999999999999986,0.0,2,1,8.999999999999986,-8.999999999999986,rise,flat
persistence_zero_change,2022-02-11,-0.10999999999999988,0.0,0,1,10.999999999999988,10.999999999999988,fall,flat
persistence_zero_change,2022-02-14,0.06000000000000005,0.0,2,1,6.000000000000005,-6.000000000000005,rise,flat
persistence_zero_change,2022-02-15,0.06999999999999984,0.0,2,1,6.999999999999984,-6.999999999999984,rise,flat
persistence_zero_change,2022-02-16,-0.020000000000000018,0.0,0,1,2.0000000000000018,2.0000000000000018,fall,flat
persistence_zero_change,2022-02-17,-0.05999999999999983,0.0,0,1,5.999999999999983,5.999999999999983,fall,flat
persistence_zero_change,2022-02-18,-0.050000000000000044,0.0,0,1,5.000000000000004,5.000000000000004,fall,flat
persistence_zero_change,2022-02-22,0.020000000000000018,0.0,2,1,2.0000000000000018,-2.0000000000000018,rise,flat
persistence_zero_change,2022-02-23,0.050000000000000044,0.0,2,1,5.000000000000004,-5.000000000000004,rise,flat
persistence_zero_change,2022-02-24,-0.030000000000000027,0.0,0,1,3.0000000000000027,3.0000000000000027,fall,flat
persistence_zero_change,2022-02-25,0.010000000000000009,0.0,2,1,1.0000000000000009,-1.0000000000000009,rise,flat
persistence_zero_change,2022-02-28,-0.1399999999999999,0.0,0,1,13.99999999999999,13.99999999999999,fall,flat
persistence_zero_change,2022-03-01,-0.1100000000000001,0.0,0,1,11.00000000000001,11.00000000000001,fall,flat
persistence_zero_change,2022-03-02,0.14000000000000012,0.0,2,1,14.000000000000012,-14.000000000000012,rise,flat
persistence_zero_change,2022-03-03,0.0,0.0,1,1,0.0,0.0,flat,flat
persistence_zero_change,2022-03-04,-0.1200000000000001,0.0,0,1,12.00000000000001,12.00000000000001,fall,flat
persistence_zero_change,2022-03-07,0.040000000000000036,0.0,2,1,4.0000000000000036,-4.0000000000000036,rise,flat
persistence_zero_change,2022-03-08,0.08000000000000007,0.0,2,1,8.000000000000007,-8.000000000000007,rise,flat
persistence_zero_change,2022-03-09,0.07999999999999985,0.0,2,1,7.999999999999985,-7.999999999999985,rise,flat
persistence_zero_change,2022-03-10,0.040000000000000036,0.0,2,1,4.0000000000000036,-4.0000000000000036,rise,flat
persistence_zero_change,2022-03-11,0.020000000000000018,0.0,2,1,2.0000000000000018,-2.0000000000000018,rise,flat
persistence_zero_change,2022-03-14,0.14000000000000012,0.0,2,1,14.000000000000012,-14.000000000000012,rise,flat
persistence_zero_change,2022-03-15,0.009999999999999787,0.0,1,1,0.9999999999999787,-0.9999999999999787,flat,flat
persistence_zero_change,2022-03-16,0.040000000000000036,0.0,2,1,4.0000000000000036,-4.0000000000000036,rise,flat
persistence_zero_change,2022-03-17,0.010000000000000231,0.0,2,1,1.000000000000023,-1.000000000000023,rise,flat
persistence_zero_change,2022-03-18,-0.06000000000000005,0.0,0,1,6.000000000000005,6.000000000000005,fall,flat
persistence_zero_change,2022-03-21,0.17999999999999972,0.0,2,1,17.99999999999997,-17.99999999999997,rise,flat
persistence_zero_change,2022-03-22,0.06000000000000005,0.0,2,1,6.000000000000005,-6.000000000000005,rise,flat
persistence_zero_change,2022-03-23,-0.06000000000000005,0.0,0,1,6.000000000000005,6.000000000000005,fall,flat
persistence_zero_change,2022-03-24,0.020000000000000018,0.0,2,1,2.0000000000000018,-2.0000000000000018,rise,flat
persistence_zero_change,2022-03-25,0.14000000000000012,0.0,2,1,14.000000000000012,-14.000000000000012,rise,flat
persistence_zero_change,2022-03-28,-0.020000000000000018,0.0,0,1,2.0000000000000018,2.0000000000000018,fall,flat
persistence_zero_change,2022-03-29,-0.04999999999999982,0.0,0,1,4.999999999999982,4.999999999999982,fall,flat
persistence_zero_change,2022-03-30,-0.06000000000000005,0.0,0,1,6.000000000000005,6.000000000000005,fall,flat
persistence_zero_change,2022-03-31,-0.03000000000000025,0.0,0,1,3.000000000000025,3.000000000000025,fall,flat
persistence_zero_change,2022-04-01,0.07000000000000028,0.0,2,1,7.000000000000028,-7.000000000000028,rise,flat
persistence_zero_change,2022-04-04,0.029999999999999805,0.0,2,1,2.9999999999999805,-2.9999999999999805,rise,flat
persistence_zero_change,2022-04-05,0.1200000000000001,0.0,2,1,12.00000000000001,-12.00000000000001,rise,flat
persistence_zero_change,2022-04-06,0.06999999999999984,0.0,2,1,6.999999999999984,-6.999999999999984,rise,flat
persistence_zero_change,2022-04-07,0.050000000000000266,0.0,2,1,5.000000000000027,-5.000000000000027,rise,flat
persistence_zero_change,2022-04-08,0.06000000000000005,0.0,2,1,6.000000000000005,-6.000000000000005,rise,flat
persistence_zero_change,2022-04-11,0.06999999999999984,0.0,2,1,6.999999999999984,-6.999999999999984,rise,flat
persistence_zero_change,2022-04-12,-0.06999999999999984,0.0,0,1,6.999999999999984,6.999999999999984,fall,flat
persistence_zero_change,2022-04-13,-0.020000000000000018,0.0,0,1,2.0000000000000018,2.0000000000000018,fall,flat
persistence_zero_change,2022-04-14,0.1299999999999999,0.0,2,1,12.99999999999999,-12.99999999999999,rise,flat
persistence_zero_change,2022-04-18,0.020000000000000018,0.0,2,1,2.0000000000000018,-2.0000000000000018,rise,flat
persistence_zero_change,2022-04-19,0.08000000000000007,0.0,2,1,8.000000000000007,-8.000000000000007,rise,flat
persistence_zero_change,2022-04-20,-0.08000000000000007,0.0,0,1,8.000000000000007,8.000000000000007,fall,flat
persistence_zero_change,2022-04-21,0.04999999999999982,0.0,2,1,4.999999999999982,-4.999999999999982,rise,flat
persistence_zero_change,2022-04-22,0.0,0.0,1,1,0.0,0.0,flat,flat
persistence_zero_change,2022-04-25,-0.08999999999999986,0.0,0,1,8.999999999999986,8.999999999999986,fall,flat
persistence_zero_change,2022-04-26,-0.040000000000000036,0.0,0,1,4.0000000000000036,4.0000000000000036,fall,flat
persistence_zero_change,2022-04-27,0.04999999999999982,0.0,2,1,4.999999999999982,-4.999999999999982,rise,flat
persistence_zero_change,2022-04-28,0.03000000000000025,0.0,2,1,3.000000000000025,-3.000000000000025,rise,flat
persistence_zero_change,2022-04-29,0.040000000000000036,0.0,2,1,4.0000000000000036,-4.0000000000000036,rise,flat
persistence_zero_change,2022-05-02,0.10000000000000009,0.0,2,1,10.000000000000009,-10.000000000000009,rise,flat
persistence_zero_change,2022-05-03,-0.020000000000000018,0.0,0,1,2.0000000000000018,2.0000000000000018,fall,flat
persistence_zero_change,2022-05-04,-0.040000000000000036,0.0,0,1,4.0000000000000036,4.0000000000000036,fall,flat
persistence_zero_change,2022-05-05,0.11999999999999966,0.0,2,1,11.999999999999966,-11.999999999999966,rise,flat
persistence_zero_change,2022-05-06,0.07000000000000028,0.0,2,1,7.000000000000028,-7.000000000000028,rise,flat
persistence_zero_change,2022-05-09,-0.07000000000000028,0.0,0,1,7.000000000000028,7.000000000000028,fall,flat
persistence_zero_change,2022-05-10,-0.05999999999999961,0.0,0,1,5.999999999999961,5.999999999999961,fall,flat
persistence_zero_change,2022-05-11,-0.08000000000000007,0.0,0,1,8.000000000000007,8.000000000000007,fall,flat
persistence_zero_change,2022-05-12,-0.07000000000000028,0.0,0,1,7.000000000000028,7.000000000000028,fall,flat
persistence_zero_change,2022-05-13,0.0900000000000003,0.0,2,1,9.00000000000003,-9.00000000000003,rise,flat
persistence_zero_change,2022-05-16,-0.050000000000000266,0.0,0,1,5.000000000000027,5.000000000000027,fall,flat
persistence_zero_change,2022-05-17,0.10000000000000009,0.0,2,1,10.000000000000009,-10.000000000000009,rise,flat
persistence_zero_change,2022-05-18,-0.08999999999999986,0.0,0,1,8.999999999999986,8.999999999999986,fall,flat
persistence_zero_change,2022-05-19,-0.050000000000000266,0.0,0,1,5.000000000000027,5.000000000000027,fall,flat
persistence_zero_change,2022-05-20,-0.06000000000000005,0.0,0,1,6.000000000000005,6.000000000000005,fall,flat
persistence_zero_change,2022-05-23,0.08000000000000007,0.0,2,1,8.000000000000007,-8.000000000000007,rise,flat
persistence_zero_change,2022-05-24,-0.10000000000000009,0.0,0,1,10.000000000000009,10.000000000000009,fall,flat
persistence_zero_change,2022-05-25,-0.009999999999999787,0.0,1,1,0.9999999999999787,0.9999999999999787,flat,flat
persistence_zero_change,2022-05-26,0.0,0.0,1,1,0.0,0.0,flat,flat
persistence_zero_change,2022-05-27,-0.009999999999999787,0.0,1,1,0.9999999999999787,0.9999999999999787,flat,flat
persistence_zero_change,2022-05-31,0.10999999999999988,0.0,2,1,10.999999999999988,-10.999999999999988,rise,flat
persistence_zero_change,2022-06-01,0.08999999999999986,0.0,2,1,8.999999999999986,-8.999999999999986,rise,flat
persistence_zero_change,2022-06-02,-0.020000000000000018,0.0,0,1,2.0000000000000018,2.0000000000000018,fall,flat
persistence_zero_change,2022-06-03,0.040000000000000036,0.0,2,1,4.0000000000000036,-4.0000000000000036,rise,flat
persistence_zero_change,2022-06-06,0.08000000000000007,0.0,2,1,8.000000000000007,-8.000000000000007,rise,flat
persistence_zero_change,2022-06-07,-0.06000000000000005,0.0,0,1,6.000000000000005,6.000000000000005,fall,flat
persistence_zero_change,2022-06-08,0.04999999999999982,0.0,2,1,4.999999999999982,-4.999999999999982,rise,flat
persistence_zero_change,2022-06-09,0.010000000000000231,0.0,2,1,1.000000000000023,-1.000000000000023,rise,flat
persistence_zero_change,2022-06-10,0.10999999999999988,0.0,2,1,10.999999999999988,-10.999999999999988,rise,flat
persistence_zero_change,2022-06-13,0.28000000000000025,0.0,2,1,28.000000000000025,-28.000000000000025,rise,flat
persistence_zero_change,2022-06-14,0.06000000000000005,0.0,2,1,6.000000000000005,-6.000000000000005,rise,flat
persistence_zero_change,2022-06-15,-0.16000000000000014,0.0,0,1,16.000000000000014,16.000000000000014,fall,flat
persistence_zero_change,2022-06-16,-0.050000000000000266,0.0,0,1,5.000000000000027,5.000000000000027,fall,flat
persistence_zero_change,2022-06-17,-0.029999999999999805,0.0,0,1,2.9999999999999805,2.9999999999999805,fall,flat
persistence_zero_change,2022-06-21,0.06000000000000005,0.0,2,1,6.000000000000005,-6.000000000000005,rise,flat
persistence_zero_change,2022-06-22,-0.1499999999999999,0.0,0,1,14.999999999999991,14.999999999999991,fall,flat
persistence_zero_change,2022-06-23,-0.07000000000000028,0.0,0,1,7.000000000000028,7.000000000000028,fall,flat
persistence_zero_change,2022-06-24,0.040000000000000036,0.0,2,1,4.0000000000000036,-4.0000000000000036,rise,flat
persistence_zero_change,2022-06-27,0.07000000000000028,0.0,2,1,7.000000000000028,-7.000000000000028,rise,flat
persistence_zero_change,2022-06-28,0.0,0.0,1,1,0.0,0.0,flat,flat
persistence_zero_change,2022-06-29,-0.10000000000000009,0.0,0,1,10.000000000000009,10.000000000000009,fall,flat
persistence_zero_change,2022-06-30,-0.1200000000000001,0.0,0,1,12.00000000000001,12.00000000000001,fall,flat
persistence_zero_change,2022-07-01,-0.10000000000000009,0.0,0,1,10.000000000000009,10.000000000000009,fall,flat
persistence_zero_change,2022-07-05,-0.06000000000000005,0.0,0,1,6.000000000000005,6.000000000000005,fall,flat
persistence_zero_change,2022-07-06,0.11000000000000032,0.0,2,1,11.000000000000032,-11.000000000000032,rise,flat
persistence_zero_change,2022-07-07,0.07999999999999963,0.0,2,1,7.999999999999963,-7.999999999999963,rise,flat
persistence_zero_change,2022-07-08,0.08000000000000007,0.0,2,1,8.000000000000007,-8.000000000000007,rise,flat
persistence_zero_change,2022-07-11,-0.09999999999999964,0.0,0,1,9.999999999999964,9.999999999999964,fall,flat
persistence_zero_change,2022-07-12,-0.03000000000000025,0.0,0,1,3.000000000000025,3.000000000000025,fall,flat
persistence_zero_change,2022-07-13,-0.04999999999999982,0.0,0,1,4.999999999999982,4.999999999999982,fall,flat
persistence_zero_change,2022-07-14,0.04999999999999982,0.0,2,1,4.999999999999982,-4.999999999999982,rise,flat
persistence_zero_change,2022-07-15,-0.029999999999999805,0.0,0,1,2.9999999999999805,2.9999999999999805,fall,flat
persistence_zero_change,2022-07-18,0.029999999999999805,0.0,2,1,2.9999999999999805,-2.9999999999999805,rise,flat
persistence_zero_change,2022-07-19,0.04999999999999982,0.0,2,1,4.999999999999982,-4.999999999999982,rise,flat
persistence_zero_change,2022-07-20,0.03000000000000025,0.0,2,1,3.000000000000025,-3.000000000000025,rise,flat
persistence_zero_change,2022-07-21,-0.1299999999999999,0.0,0,1,12.99999999999999,12.99999999999999,fall,flat
persistence_zero_change,2022-07-22,-0.14000000000000012,0.0,0,1,14.000000000000012,14.000000000000012,fall,flat
persistence_zero_change,2022-07-25,0.040000000000000036,0.0,2,1,4.0000000000000036,-4.0000000000000036,rise,flat
persistence_zero_change,2022-07-26,0.0,0.0,1,1,0.0,0.0,flat,flat
persistence_zero_change,2022-07-27,-0.03000000000000025,0.0,0,1,3.000000000000025,3.000000000000025,fall,flat
persistence_zero_change,2022-07-28,-0.09999999999999964,0.0,0,1,9.999999999999964,9.999999999999964,fall,flat
persistence_zero_change,2022-07-29,-0.010000000000000231,0.0,0,1,1.000000000000023,1.000000000000023,fall,flat
persistence_zero_change,2022-08-01,-0.06999999999999984,0.0,0,1,6.999999999999984,6.999999999999984,fall,flat
persistence_zero_change,2022-08-02,0.1499999999999999,0.0,2,1,14.999999999999991,-14.999999999999991,rise,flat
persistence_zero_change,2022-08-03,-0.020000000000000018,0.0,0,1,2.0000000000000018,2.0000000000000018,fall,flat
persistence_zero_change,2022-08-04,-0.04999999999999982,0.0,0,1,4.999999999999982,4.999999999999982,fall,flat
persistence_zero_change,2022-08-05,0.1499999999999999,0.0,2,1,14.999999999999991,-14.999999999999991,rise,flat
persistence_zero_change,2022-08-08,-0.06000000000000005,0.0,0,1,6.000000000000005,6.000000000000005,fall,flat
persistence_zero_change,2022-08-09,0.029999999999999805,0.0,2,1,2.9999999999999805,-2.9999999999999805,rise,flat
persistence_zero_change,2022-08-10,-0.020000000000000018,0.0,0,1,2.0000000000000018,2.0000000000000018,fall,flat
persistence_zero_change,2022-08-11,0.0900000000000003,0.0,2,1,9.00000000000003,-9.00000000000003,rise,flat
persistence_zero_change,2022-08-12,-0.03000000000000025,0.0,0,1,3.000000000000025,3.000000000000025,fall,flat
persistence_zero_change,2022-08-15,-0.04999999999999982,0.0,0,1,4.999999999999982,4.999999999999982,fall,flat
persistence_zero_change,2022-08-16,0.029999999999999805,0.0,2,1,2.9999999999999805,-2.9999999999999805,rise,flat
persistence_zero_change,2022-08-17,0.07000000000000028,0.0,2,1,7.000000000000028,-7.000000000000028,rise,flat
persistence_zero_change,2022-08-18,-0.010000000000000231,0.0,0,1,1.000000000000023,1.000000000000023,fall,flat
persistence_zero_change,2022-08-19,0.10000000000000009,0.0,2,1,10.000000000000009,-10.000000000000009,rise,flat
persistence_zero_change,2022-08-22,0.04999999999999982,0.0,2,1,4.999999999999982,-4.999999999999982,rise,flat
persistence_zero_change,2022-08-23,0.020000000000000018,0.0,2,1,2.0000000000000018,-2.0000000000000018,rise,flat
persistence_zero_change,2022-08-24,0.06000000000000005,0.0,2,1,6.000000000000005,-6.000000000000005,rise,flat
persistence_zero_change,2022-08-25,-0.08000000000000007,0.0,0,1,8.000000000000007,8.000000000000007,fall,flat
persistence_zero_change,2022-08-26,0.010000000000000231,0.0,2,1,1.000000000000023,-1.000000000000023,rise,flat
persistence_zero_change,2022-08-29,0.08000000000000007,0.0,2,1,8.000000000000007,-8.000000000000007,rise,flat
persistence_zero_change,2022-08-30,-0.010000000000000231,0.0,0,1,1.000000000000023,1.000000000000023,fall,flat
persistence_zero_change,2022-08-31,0.040000000000000036,0.0,2,1,4.0000000000000036,-4.0000000000000036,rise,flat
persistence_zero_change,2022-09-01,0.10999999999999988,0.0,2,1,10.999999999999988,-10.999999999999988,rise,flat
persistence_zero_change,2022-09-02,-0.05999999999999961,0.0,0,1,5.999999999999961,5.999999999999961,fall,flat
persistence_zero_change,2022-09-06,0.1299999999999999,0.0,2,1,12.99999999999999,-12.99999999999999,rise,flat
persistence_zero_change,2022-09-07,-0.06000000000000005,0.0,0,1,6.000000000000005,6.000000000000005,fall,flat
persistence_zero_change,2022-09-08,0.020000000000000018,0.0,2,1,2.0000000000000018,-2.0000000000000018,rise,flat
persistence_zero_change,2022-09-09,0.040000000000000036,0.0,2,1,4.0000000000000036,-4.0000000000000036,rise,flat
persistence_zero_change,2022-09-12,0.040000000000000036,0.0,2,1,4.0000000000000036,-4.0000000000000036,rise,flat
persistence_zero_change,2022-09-13,0.04999999999999982,0.0,2,1,4.999999999999982,-4.999999999999982,rise,flat
persistence_zero_change,2022-09-14,-0.009999999999999787,0.0,1,1,0.9999999999999787,0.9999999999999787,flat,flat
persistence_zero_change,2022-09-15,0.040000000000000036,0.0,2,1,4.0000000000000036,-4.0000000000000036,rise,flat
persistence_zero_change,2022-09-16,0.0,0.0,1,1,0.0,0.0,flat,flat
persistence_zero_change,2022-09-19,0.040000000000000036,0.0,2,1,4.0000000000000036,-4.0000000000000036,rise,flat
persistence_zero_change,2022-09-20,0.07999999999999963,0.0,2,1,7.999999999999963,-7.999999999999963,rise,flat
persistence_zero_change,2022-09-21,-0.06000000000000005,0.0,0,1,6.000000000000005,6.000000000000005,fall,flat
persistence_zero_change,2022-09-22,0.1900000000000004,0.0,2,1,19.00000000000004,-19.00000000000004,rise,flat
persistence_zero_change,2022-09-23,-0.010000000000000231,0.0,0,1,1.000000000000023,1.000000000000023,fall,flat
persistence_zero_change,2022-09-26,0.18999999999999995,0.0,2,1,18.999999999999993,-18.999999999999993,rise,flat
persistence_zero_change,2022-09-27,0.0900000000000003,0.0,2,1,9.00000000000003,-9.00000000000003,rise,flat
persistence_zero_change,2022-09-28,-0.25,0.0,0,1,25.0,25.0,fall,flat
persistence_zero_change,2022-09-29,0.03999999999999959,0.0,2,1,3.999999999999959,-3.999999999999959,rise,flat
persistence_zero_change,2022-09-30,0.07000000000000028,0.0,2,1,7.000000000000028,-7.000000000000028,rise,flat
persistence_zero_change,2022-10-03,-0.16000000000000014,0.0,0,1,16.000000000000014,16.000000000000014,fall,flat
persistence_zero_change,2022-10-04,-0.04999999999999982,0.0,0,1,4.999999999999982,4.999999999999982,fall,flat
persistence_zero_change,2022-10-05,0.13999999999999968,0.0,2,1,13.999999999999968,-13.999999999999968,rise,flat
persistence_zero_change,2022-10-06,0.07000000000000028,0.0,2,1,7.000000000000028,-7.000000000000028,rise,flat
persistence_zero_change,2022-10-07,0.06000000000000005,0.0,2,1,6.000000000000005,-6.000000000000005,rise,flat
persistence_zero_change,2022-10-11,0.040000000000000036,0.0,2,1,4.0000000000000036,-4.0000000000000036,rise,flat
persistence_zero_change,2022-10-12,-0.020000000000000018,0.0,0,1,2.0000000000000018,2.0000000000000018,fall,flat
persistence_zero_change,2022-10-13,0.06000000000000005,0.0,2,1,6.000000000000005,-6.000000000000005,rise,flat
persistence_zero_change,2022-10-14,0.029999999999999805,0.0,2,1,2.9999999999999805,-2.9999999999999805,rise,flat
persistence_zero_change,2022-10-17,0.019999999999999574,0.0,2,1,1.9999999999999574,-1.9999999999999574,rise,flat
persistence_zero_change,2022-10-18,-0.009999999999999787,0.0,1,1,0.9999999999999787,0.9999999999999787,flat,flat
persistence_zero_change,2022-10-19,0.1299999999999999,0.0,2,1,12.99999999999999,-12.99999999999999,rise,flat
persistence_zero_change,2022-10-20,0.10000000000000053,0.0,2,1,10.000000000000053,-10.000000000000053,rise,flat
persistence_zero_change,2022-10-21,-0.03000000000000025,0.0,0,1,3.000000000000025,3.000000000000025,fall,flat
persistence_zero_change,2022-10-24,0.040000000000000036,0.0,2,1,4.0000000000000036,-4.0000000000000036,rise,flat
persistence_zero_change,2022-10-25,-0.15000000000000036,0.0,0,1,15.000000000000036,15.000000000000036,fall,flat
persistence_zero_change,2022-10-26,-0.05999999999999961,0.0,0,1,5.999999999999961,5.999999999999961,fall,flat
persistence_zero_change,2022-10-27,-0.08000000000000007,0.0,0,1,8.000000000000007,8.000000000000007,fall,flat
persistence_zero_change,2022-10-28,0.05999999999999961,0.0,2,1,5.999999999999961,-5.999999999999961,rise,flat
persistence_zero_change,2022-10-31,0.08000000000000007,0.0,2,1,8.000000000000007,-8.000000000000007,rise,flat
persistence_zero_change,2022-11-01,-0.02999999999999936,0.0,0,1,2.999999999999936,2.999999999999936,fall,flat
persistence_zero_change,2022-11-02,0.02999999999999936,0.0,2,1,2.999999999999936,-2.999999999999936,rise,flat
persistence_zero_change,2022-11-03,0.040000000000000036,0.0,2,1,4.0000000000000036,-4.0000000000000036,rise,flat
persistence_zero_change,2022-11-04,0.03000000000000025,0.0,2,1,3.000000000000025,-3.000000000000025,rise,flat
persistence_zero_change,2022-11-07,0.04999999999999982,0.0,2,1,4.999999999999982,-4.999999999999982,rise,flat
persistence_zero_change,2022-11-08,-0.08000000000000007,0.0,0,1,8.000000000000007,8.000000000000007,fall,flat
persistence_zero_change,2022-11-09,-0.019999999999999574,0.0,0,1,1.9999999999999574,1.9999999999999574,fall,flat
persistence_zero_change,2022-11-10,-0.30000000000000027,0.0,0,1,30.00000000000003,30.00000000000003,fall,flat
persistence_zero_change,2022-11-14,0.06000000000000005,0.0,2,1,6.000000000000005,-6.000000000000005,rise,flat
persistence_zero_change,2022-11-15,-0.08000000000000007,0.0,0,1,8.000000000000007,8.000000000000007,fall,flat
persistence_zero_change,2022-11-16,-0.1299999999999999,0.0,0,1,12.99999999999999,12.99999999999999,fall,flat
persistence_zero_change,2022-11-17,0.10000000000000009,0.0,2,1,10.000000000000009,-10.000000000000009,rise,flat
persistence_zero_change,2022-11-18,0.04999999999999982,0.0,2,1,4.999999999999982,-4.999999999999982,rise,flat
persistence_zero_change,2022-11-21,0.010000000000000231,0.0,2,1,1.000000000000023,-1.000000000000023,rise,flat
persistence_zero_change,2022-11-22,-0.07000000000000028,0.0,0,1,7.000000000000028,7.000000000000028,fall,flat
persistence_zero_change,2022-11-23,-0.04999999999999982,0.0,0,1,4.999999999999982,4.999999999999982,fall,flat
persistence_zero_change,2022-11-25,-0.029999999999999805,0.0,0,1,2.9999999999999805,2.9999999999999805,fall,flat
persistence_zero_change,2022-11-28,0.009999999999999787,0.0,1,1,0.9999999999999787,-0.9999999999999787,flat,flat
persistence_zero_change,2022-11-29,0.06000000000000005,0.0,2,1,6.000000000000005,-6.000000000000005,rise,flat
persistence_zero_change,2022-11-30,-0.06999999999999984,0.0,0,1,6.999999999999984,6.999999999999984,fall,flat
persistence_zero_change,2022-12-01,-0.15000000000000036,0.0,0,1,15.000000000000036,15.000000000000036,fall,flat
persistence_zero_change,2022-12-02,-0.020000000000000018,0.0,0,1,2.0000000000000018,2.0000000000000018,fall,flat
persistence_zero_change,2022-12-05,0.0900000000000003,0.0,2,1,9.00000000000003,-9.00000000000003,rise,flat
persistence_zero_change,2022-12-06,-0.0900000000000003,0.0,0,1,9.00000000000003,9.00000000000003,fall,flat
persistence_zero_change,2022-12-07,-0.08999999999999986,0.0,0,1,8.999999999999986,8.999999999999986,fall,flat
persistence_zero_change,2022-12-08,0.06000000000000005,0.0,2,1,6.000000000000005,-6.000000000000005,rise,flat
persistence_zero_change,2022-12-09,0.08999999999999986,0.0,2,1,8.999999999999986,-8.999999999999986,rise,flat
persistence_zero_change,2022-12-12,0.040000000000000036,0.0,2,1,4.0000000000000036,-4.0000000000000036,rise,flat
persistence_zero_change,2022-12-13,-0.10000000000000009,0.0,0,1,10.000000000000009,10.000000000000009,fall,flat
persistence_zero_change,2022-12-14,-0.019999999999999574,0.0,0,1,1.9999999999999574,1.9999999999999574,fall,flat
persistence_zero_change,2022-12-15,-0.050000000000000266,0.0,0,1,5.000000000000027,5.000000000000027,fall,flat
persistence_zero_change,2022-12-16,0.040000000000000036,0.0,2,1,4.0000000000000036,-4.0000000000000036,rise,flat
persistence_zero_change,2022-12-19,0.08999999999999986,0.0,2,1,8.999999999999986,-8.999999999999986,rise,flat
persistence_zero_change,2022-12-20,0.1200000000000001,0.0,2,1,12.00000000000001,-12.00000000000001,rise,flat
persistence_zero_change,2022-12-21,-0.009999999999999787,0.0,1,1,0.9999999999999787,0.9999999999999787,flat,flat
persistence_zero_change,2022-12-22,-0.010000000000000231,0.0,0,1,1.000000000000023,1.000000000000023,fall,flat
persistence_zero_change,2022-12-23,0.08000000000000007,0.0,2,1,8.000000000000007,-8.000000000000007,rise,flat
persistence_zero_change,2022-12-27,0.08999999999999986,0.0,2,1,8.999999999999986,-8.999999999999986,rise,flat
persistence_zero_change,2022-12-28,0.040000000000000036,0.0,2,1,4.0000000000000036,-4.0000000000000036,rise,flat
persistence_zero_change,2022-12-29,-0.04999999999999982,0.0,0,1,4.999999999999982,4.999999999999982,fall,flat
persistence_zero_change,2022-12-30,0.04999999999999982,0.0,2,1,4.999999999999982,-4.999999999999982,rise,flat
persistence_zero_change,2023-01-03,-0.08999999999999986,0.0,0,1,8.999999999999986,8.999999999999986,fall,flat
persistence_zero_change,2023-01-04,-0.10000000000000009,0.0,0,1,10.000000000000009,10.000000000000009,fall,flat
persistence_zero_change,2023-01-05,0.020000000000000018,0.0,2,1,2.0000000000000018,-2.0000000000000018,rise,flat
persistence_zero_change,2023-01-06,-0.16000000000000014,0.0,0,1,16.000000000000014,16.000000000000014,fall,flat
persistence_zero_change,2023-01-09,-0.020000000000000018,0.0,0,1,2.0000000000000018,2.0000000000000018,fall,flat
persistence_zero_change,2023-01-10,0.08000000000000007,0.0,2,1,8.000000000000007,-8.000000000000007,rise,flat
persistence_zero_change,2023-01-11,-0.06999999999999984,0.0,0,1,6.999999999999984,6.999999999999984,fall,flat
persistence_zero_change,2023-01-12,-0.10999999999999988,0.0,0,1,10.999999999999988,10.999999999999988,fall,flat
persistence_zero_change,2023-01-13,0.06000000000000005,0.0,2,1,6.000000000000005,-6.000000000000005,rise,flat
persistence_zero_change,2023-01-17,0.03999999999999959,0.0,2,1,3.999999999999959,-3.999999999999959,rise,flat
persistence_zero_change,2023-01-18,-0.1599999999999997,0.0,0,1,15.99999999999997,15.99999999999997,fall,flat
persistence_zero_change,2023-01-19,0.020000000000000018,0.0,2,1,2.0000000000000018,-2.0000000000000018,rise,flat
persistence_zero_change,2023-01-20,0.08999999999999986,0.0,2,1,8.999999999999986,-8.999999999999986,rise,flat
persistence_zero_change,2023-01-23,0.040000000000000036,0.0,2,1,4.0000000000000036,-4.0000000000000036,rise,flat
persistence_zero_change,2023-01-24,-0.06000000000000005,0.0,0,1,6.000000000000005,6.000000000000005,fall,flat
persistence_zero_change,2023-01-25,0.0,0.0,1,1,0.0,0.0,flat,flat
persistence_zero_change,2023-01-26,0.03000000000000025,0.0,2,1,3.000000000000025,-3.000000000000025,rise,flat
persistence_zero_change,2023-01-27,0.029999999999999805,0.0,2,1,2.9999999999999805,-2.9999999999999805,rise,flat
persistence_zero_change,2023-01-30,0.029999999999999805,0.0,2,1,2.9999999999999805,-2.9999999999999805,rise,flat
persistence_zero_change,2023-01-31,-0.029999999999999805,0.0,0,1,2.9999999999999805,2.9999999999999805,fall,flat
persistence_zero_change,2023-02-01,-0.1299999999999999,0.0,0,1,12.99999999999999,12.99999999999999,fall,flat
persistence_zero_change,2023-02-02,0.009999999999999787,0.0,1,1,0.9999999999999787,-0.9999999999999787,flat,flat
persistence_zero_change,2023-02-03,0.1299999999999999,0.0,2,1,12.99999999999999,-12.99999999999999,rise,flat
persistence_zero_change,2023-02-06,0.10000000000000009,0.0,2,1,10.000000000000009,-10.000000000000009,rise,flat
persistence_zero_change,2023-02-07,0.040000000000000036,0.0,2,1,4.0000000000000036,-4.0000000000000036,rise,flat
persistence_zero_change,2023-02-08,-0.040000000000000036,0.0,0,1,4.0000000000000036,4.0000000000000036,fall,flat
persistence_zero_change,2023-02-09,0.040000000000000036,0.0,2,1,4.0000000000000036,-4.0000000000000036,rise,flat
persistence_zero_change,2023-02-10,0.07000000000000028,0.0,2,1,7.000000000000028,-7.000000000000028,rise,flat
persistence_zero_change,2023-02-13,-0.020000000000000018,0.0,0,1,2.0000000000000018,2.0000000000000018,fall,flat
persistence_zero_change,2023-02-14,0.04999999999999982,0.0,2,1,4.999999999999982,-4.999999999999982,rise,flat
persistence_zero_change,2023-02-15,0.040000000000000036,0.0,2,1,4.0000000000000036,-4.0000000000000036,rise,flat
persistence_zero_change,2023-02-16,0.04999999999999982,0.0,2,1,4.999999999999982,-4.999999999999982,rise,flat
persistence_zero_change,2023-02-17,-0.040000000000000036,0.0,0,1,4.0000000000000036,4.0000000000000036,fall,flat
persistence_zero_change,2023-02-21,0.13000000000000034,0.0,2,1,13.000000000000034,-13.000000000000034,rise,flat
persistence_zero_change,2023-02-22,-0.020000000000000018,0.0,0,1,2.0000000000000018,2.0000000000000018,fall,flat
persistence_zero_change,2023-02-23,-0.050000000000000266,0.0,0,1,5.000000000000027,5.000000000000027,fall,flat
persistence_zero_change,2023-02-24,0.07000000000000028,0.0,2,1,7.000000000000028,-7.000000000000028,rise,flat
persistence_zero_change,2023-02-27,-0.03000000000000025,0.0,0,1,3.000000000000025,3.000000000000025,fall,flat
persistence_zero_change,2023-02-28,0.0,0.0,1,1,0.0,0.0,flat,flat
persistence_zero_change,2023-03-01,0.08999999999999986,0.0,2,1,8.999999999999986,-8.999999999999986,rise,flat
persistence_zero_change,2023-03-02,0.07000000000000028,0.0,2,1,7.000000000000028,-7.000000000000028,rise,flat
persistence_zero_change,2023-03-03,-0.10999999999999988,0.0,0,1,10.999999999999988,10.999999999999988,fall,flat
persistence_zero_change,2023-03-06,0.009999999999999787,0.0,1,1,0.9999999999999787,-0.9999999999999787,flat,flat
persistence_zero_change,2023-03-07,-0.009999999999999787,0.0,1,1,0.9999999999999787,0.9999999999999787,flat,flat
persistence_zero_change,2023-03-08,0.009999999999999787,0.0,1,1,0.9999999999999787,-0.9999999999999787,flat,flat
persistence_zero_change,2023-03-09,-0.04999999999999982,0.0,0,1,4.999999999999982,4.999999999999982,fall,flat
persistence_zero_change,2023-03-10,-0.22999999999999998,0.0,0,1,23.0,23.0,fall,flat
persistence_zero_change,2023-03-13,-0.15000000000000036,0.0,0,1,15.000000000000036,15.000000000000036,fall,flat
persistence_zero_change,2023-03-14,0.0900000000000003,0.0,2,1,9.00000000000003,-9.00000000000003,rise,flat
persistence_zero_change,2023-03-15,-0.13000000000000034,0.0,0,1,13.000000000000034,13.000000000000034,fall,flat
persistence_zero_change,2023-03-16,0.050000000000000266,0.0,2,1,5.000000000000027,-5.000000000000027,rise,flat
persistence_zero_change,2023-03-17,-0.16999999999999993,0.0,0,1,16.999999999999993,16.999999999999993,fall,flat
persistence_zero_change,2023-03-20,0.08000000000000007,0.0,2,1,8.000000000000007,-8.000000000000007,rise,flat
persistence_zero_change,2023-03-21,0.11999999999999966,0.0,2,1,11.999999999999966,-11.999999999999966,rise,flat
persistence_zero_change,2023-03-22,-0.10999999999999988,0.0,0,1,10.999999999999988,10.999999999999988,fall,flat
persistence_zero_change,2023-03-23,-0.10000000000000009,0.0,0,1,10.000000000000009,10.000000000000009,fall,flat
persistence_zero_change,2023-03-24,0.0,0.0,1,1,0.0,0.0,flat,flat
persistence_zero_change,2023-03-27,0.1499999999999999,0.0,2,1,14.999999999999991,-14.999999999999991,rise,flat
persistence_zero_change,2023-03-28,0.020000000000000018,0.0,2,1,2.0000000000000018,-2.0000000000000018,rise,flat
persistence_zero_change,2023-03-29,0.020000000000000018,0.0,2,1,2.0000000000000018,-2.0000000000000018,rise,flat
persistence_zero_change,2023-03-30,-0.020000000000000018,0.0,0,1,2.0000000000000018,2.0000000000000018,fall,flat
persistence_zero_change,2023-03-31,-0.06999999999999984,0.0,0,1,6.999999999999984,6.999999999999984,fall,flat
persistence_zero_change,2023-04-03,-0.04999999999999982,0.0,0,1,4.999999999999982,4.999999999999982,fall,flat
persistence_zero_change,2023-04-04,-0.08000000000000007,0.0,0,1,8.000000000000007,8.000000000000007,fall,flat
persistence_zero_change,2023-04-05,-0.050000000000000266,0.0,0,1,5.000000000000027,5.000000000000027,fall,flat
persistence_zero_change,2023-04-06,0.0,0.0,1,1,0.0,0.0,flat,flat
persistence_zero_change,2023-04-07,0.0900000000000003,0.0,2,1,9.00000000000003,-9.00000000000003,rise,flat
persistence_zero_change,2023-04-10,0.020000000000000018,0.0,2,1,2.0000000000000018,-2.0000000000000018,rise,flat
persistence_zero_change,2023-04-11,0.020000000000000018,0.0,2,1,2.0000000000000018,-2.0000000000000018,rise,flat
persistence_zero_change,2023-04-12,-0.020000000000000018,0.0,0,1,2.0000000000000018,2.0000000000000018,fall,flat
persistence_zero_change,2023-04-13,0.040000000000000036,0.0,2,1,4.0000000000000036,-4.0000000000000036,rise,flat
persistence_zero_change,2023-04-14,0.06999999999999984,0.0,2,1,6.999999999999984,-6.999999999999984,rise,flat
persistence_zero_change,2023-04-17,0.08000000000000007,0.0,2,1,8.000000000000007,-8.000000000000007,rise,flat
persistence_zero_change,2023-04-18,-0.020000000000000018,0.0,0,1,2.0000000000000018,2.0000000000000018,fall,flat
persistence_zero_change,2023-04-19,0.020000000000000018,0.0,2,1,2.0000000000000018,-2.0000000000000018,rise,flat
persistence_zero_change,2023-04-20,-0.06000000000000005,0.0,0,1,6.000000000000005,6.000000000000005,fall,flat
persistence_zero_change,2023-04-21,0.029999999999999805,0.0,2,1,2.9999999999999805,-2.9999999999999805,rise,flat
persistence_zero_change,2023-04-24,-0.04999999999999982,0.0,0,1,4.999999999999982,4.999999999999982,fall,flat
persistence_zero_change,2023-04-25,-0.1200000000000001,0.0,0,1,12.00000000000001,12.00000000000001,fall,flat
persistence_zero_change,2023-04-26,0.03000000000000025,0.0,2,1,3.000000000000025,-3.000000000000025,rise,flat
persistence_zero_change,2023-04-27,0.09999999999999964,0.0,2,1,9.999999999999964,-9.999999999999964,rise,flat
persistence_zero_change,2023-04-28,-0.08999999999999986,0.0,0,1,8.999999999999986,8.999999999999986,fall,flat
persistence_zero_change,2023-05-01,0.1499999999999999,0.0,2,1,14.999999999999991,-14.999999999999991,rise,flat
persistence_zero_change,2023-05-02,-0.1499999999999999,0.0,0,1,14.999999999999991,14.999999999999991,fall,flat
persistence_zero_change,2023-05-03,-0.06000000000000005,0.0,0,1,6.000000000000005,6.000000000000005,fall,flat
persistence_zero_change,2023-05-04,-0.009999999999999787,0.0,1,1,0.9999999999999787,0.9999999999999787,flat,flat
persistence_zero_change,2023-05-05,0.06999999999999984,0.0,2,1,6.999999999999984,-6.999999999999984,rise,flat
persistence_zero_change,2023-05-08,0.08000000000000007,0.0,2,1,8.000000000000007,-8.000000000000007,rise,flat
persistence_zero_change,2023-05-09,0.009999999999999787,0.0,1,1,0.9999999999999787,-0.9999999999999787,flat,flat
persistence_zero_change,2023-05-10,-0.09999999999999964,0.0,0,1,9.999999999999964,9.999999999999964,fall,flat
persistence_zero_change,2023-05-11,-0.040000000000000036,0.0,0,1,4.0000000000000036,4.0000000000000036,fall,flat
persistence_zero_change,2023-05-12,0.06999999999999984,0.0,2,1,6.999999999999984,-6.999999999999984,rise,flat
persistence_zero_change,2023-05-15,0.040000000000000036,0.0,2,1,4.0000000000000036,-4.0000000000000036,rise,flat
persistence_zero_change,2023-05-16,0.040000000000000036,0.0,2,1,4.0000000000000036,-4.0000000000000036,rise,flat
persistence_zero_change,2023-05-17,0.029999999999999805,0.0,2,1,2.9999999999999805,-2.9999999999999805,rise,flat
persistence_zero_change,2023-05-18,0.08000000000000007,0.0,2,1,8.000000000000007,-8.000000000000007,rise,flat
persistence_zero_change,2023-05-19,0.050000000000000266,0.0,2,1,5.000000000000027,-5.000000000000027,rise,flat
persistence_zero_change,2023-05-22,0.020000000000000018,0.0,2,1,2.0000000000000018,-2.0000000000000018,rise,flat
persistence_zero_change,2023-05-23,-0.020000000000000018,0.0,0,1,2.0000000000000018,2.0000000000000018,fall,flat
persistence_zero_change,2023-05-24,0.029999999999999805,0.0,2,1,2.9999999999999805,-2.9999999999999805,rise,flat
persistence_zero_change,2023-05-25,0.10000000000000009,0.0,2,1,10.000000000000009,-10.000000000000009,rise,flat
persistence_zero_change,2023-05-26,-0.03000000000000025,0.0,0,1,3.000000000000025,3.000000000000025,fall,flat
persistence_zero_change,2023-05-30,-0.10999999999999988,0.0,0,1,10.999999999999988,10.999999999999988,fall,flat
persistence_zero_change,2023-05-31,-0.04999999999999982,0.0,0,1,4.999999999999982,4.999999999999982,fall,flat
persistence_zero_change,2023-06-01,-0.03000000000000025,0.0,0,1,3.000000000000025,3.000000000000025,fall,flat
persistence_zero_change,2023-06-02,0.08000000000000007,0.0,2,1,8.000000000000007,-8.000000000000007,rise,flat
persistence_zero_change,2023-06-05,0.0,0.0,1,1,0.0,0.0,flat,flat
persistence_zero_change,2023-06-06,0.010000000000000231,0.0,2,1,1.000000000000023,-1.000000000000023,rise,flat
persistence_zero_change,2023-06-07,0.08999999999999986,0.0,2,1,8.999999999999986,-8.999999999999986,rise,flat
persistence_zero_change,2023-06-08,-0.06000000000000005,0.0,0,1,6.000000000000005,6.000000000000005,fall,flat
persistence_zero_change,2023-06-09,0.020000000000000018,0.0,2,1,2.0000000000000018,-2.0000000000000018,rise,flat
persistence_zero_change,2023-06-12,-0.020000000000000018,0.0,0,1,2.0000000000000018,2.0000000000000018,fall,flat
persistence_zero_change,2023-06-13,0.10999999999999988,0.0,2,1,10.999999999999988,-10.999999999999988,rise,flat
persistence_zero_change,2023-06-14,-0.009999999999999787,0.0,1,1,0.9999999999999787,0.9999999999999787,flat,flat
persistence_zero_change,2023-06-15,-0.10999999999999988,0.0,0,1,10.999999999999988,10.999999999999988,fall,flat
persistence_zero_change,2023-06-16,0.04999999999999982,0.0,2,1,4.999999999999982,-4.999999999999982,rise,flat
persistence_zero_change,2023-06-20,-0.029999999999999805,0.0,0,1,2.9999999999999805,2.9999999999999805,fall,flat
persistence_zero_change,2023-06-21,-0.020000000000000018,0.0,0,1,2.0000000000000018,2.0000000000000018,fall,flat
persistence_zero_change,2023-06-22,0.07999999999999963,0.0,2,1,7.999999999999963,-7.999999999999963,rise,flat
persistence_zero_change,2023-06-23,-0.05999999999999961,0.0,0,1,5.999999999999961,5.999999999999961,fall,flat
persistence_zero_change,2023-06-26,-0.020000000000000018,0.0,0,1,2.0000000000000018,2.0000000000000018,fall,flat
persistence_zero_change,2023-06-27,0.04999999999999982,0.0,2,1,4.999999999999982,-4.999999999999982,rise,flat
persistence_zero_change,2023-06-28,-0.06000000000000005,0.0,0,1,6.000000000000005,6.000000000000005,fall,flat
persistence_zero_change,2023-06-29,0.14000000000000012,0.0,2,1,14.000000000000012,-14.000000000000012,rise,flat
persistence_zero_change,2023-06-30,-0.040000000000000036,0.0,0,1,4.0000000000000036,4.0000000000000036,fall,flat
persistence_zero_change,2023-07-03,0.04999999999999982,0.0,2,1,4.999999999999982,-4.999999999999982,rise,flat
persistence_zero_change,2023-07-05,0.0900000000000003,0.0,2,1,9.00000000000003,-9.00000000000003,rise,flat
persistence_zero_change,2023-07-06,0.09999999999999964,0.0,2,1,9.999999999999964,-9.999999999999964,rise,flat
persistence_zero_change,2023-07-07,0.009999999999999787,0.0,1,1,0.9999999999999787,-0.9999999999999787,flat,flat
persistence_zero_change,2023-07-10,-0.04999999999999982,0.0,0,1,4.999999999999982,4.999999999999982,fall,flat
persistence_zero_change,2023-07-11,-0.019999999999999574,0.0,0,1,1.9999999999999574,1.9999999999999574,fall,flat
persistence_zero_change,2023-07-12,-0.13000000000000034,0.0,0,1,13.000000000000034,13.000000000000034,fall,flat
persistence_zero_change,2023-07-13,-0.10000000000000009,0.0,0,1,10.000000000000009,10.000000000000009,fall,flat
persistence_zero_change,2023-07-14,0.07000000000000028,0.0,2,1,7.000000000000028,-7.000000000000028,rise,flat
persistence_zero_change,2023-07-17,-0.020000000000000018,0.0,0,1,2.0000000000000018,2.0000000000000018,fall,flat
persistence_zero_change,2023-07-18,-0.010000000000000231,0.0,0,1,1.000000000000023,1.000000000000023,fall,flat
persistence_zero_change,2023-07-19,-0.04999999999999982,0.0,0,1,4.999999999999982,4.999999999999982,fall,flat
persistence_zero_change,2023-07-20,0.10000000000000009,0.0,2,1,10.000000000000009,-10.000000000000009,rise,flat
persistence_zero_change,2023-07-21,-0.010000000000000231,0.0,0,1,1.000000000000023,1.000000000000023,fall,flat
persistence_zero_change,2023-07-24,0.020000000000000018,0.0,2,1,2.0000000000000018,-2.0000000000000018,rise,flat
persistence_zero_change,2023-07-25,0.050000000000000266,0.0,2,1,5.000000000000027,-5.000000000000027,rise,flat
persistence_zero_change,2023-07-26,-0.050000000000000266,0.0,0,1,5.000000000000027,5.000000000000027,fall,flat
persistence_zero_change,2023-07-27,0.1499999999999999,0.0,2,1,14.999999999999991,-14.999999999999991,rise,flat
persistence_zero_change,2023-07-28,-0.04999999999999982,0.0,0,1,4.999999999999982,4.999999999999982,fall,flat
persistence_zero_change,2023-07-31,0.010000000000000231,0.0,2,1,1.000000000000023,-1.000000000000023,rise,flat
persistence_zero_change,2023-08-01,0.07999999999999963,0.0,2,1,7.999999999999963,-7.999999999999963,rise,flat
persistence_zero_change,2023-08-02,0.03000000000000025,0.0,2,1,3.000000000000025,-3.000000000000025,rise,flat
persistence_zero_change,2023-08-03,0.1200000000000001,0.0,2,1,12.00000000000001,-12.00000000000001,rise,flat
persistence_zero_change,2023-08-04,-0.15000000000000036,0.0,0,1,15.000000000000036,15.000000000000036,fall,flat
persistence_zero_change,2023-08-07,0.040000000000000036,0.0,2,1,4.0000000000000036,-4.0000000000000036,rise,flat
persistence_zero_change,2023-08-08,-0.07000000000000028,0.0,0,1,7.000000000000028,7.000000000000028,fall,flat
persistence_zero_change,2023-08-09,-0.019999999999999574,0.0,0,1,1.9999999999999574,1.9999999999999574,fall,flat
persistence_zero_change,2023-08-10,0.08999999999999986,0.0,2,1,8.999999999999986,-8.999999999999986,rise,flat
persistence_zero_change,2023-08-11,0.07000000000000028,0.0,2,1,7.000000000000028,-7.000000000000028,rise,flat
persistence_zero_change,2023-08-14,0.03000000000000025,0.0,2,1,3.000000000000025,-3.000000000000025,rise,flat
persistence_zero_change,2023-08-15,0.019999999999999574,0.0,2,1,1.9999999999999574,-1.9999999999999574,rise,flat
persistence_zero_change,2023-08-16,0.07000000000000028,0.0,2,1,7.000000000000028,-7.000000000000028,rise,flat
persistence_zero_change,2023-08-17,0.019999999999999574,0.0,2,1,1.9999999999999574,-1.9999999999999574,rise,flat
persistence_zero_change,2023-08-18,-0.040000000000000036,0.0,0,1,4.0000000000000036,4.0000000000000036,fall,flat
persistence_zero_change,2023-08-21,0.08000000000000007,0.0,2,1,8.000000000000007,-8.000000000000007,rise,flat
persistence_zero_change,2023-08-22,0.0,0.0,1,1,0.0,0.0,flat,flat
persistence_zero_change,2023-08-23,-0.14999999999999947,0.0,0,1,14.999999999999947,14.999999999999947,fall,flat
persistence_zero_change,2023-08-24,0.040000000000000036,0.0,2,1,4.0000000000000036,-4.0000000000000036,rise,flat
persistence_zero_change,2023-08-25,0.019999999999999574,0.0,2,1,1.9999999999999574,-1.9999999999999574,rise,flat
persistence_zero_change,2023-08-28,-0.04999999999999982,0.0,0,1,4.999999999999982,4.999999999999982,fall,flat
persistence_zero_change,2023-08-29,-0.08000000000000007,0.0,0,1,8.000000000000007,8.000000000000007,fall,flat
persistence_zero_change,2023-08-30,0.0,0.0,1,1,0.0,0.0,flat,flat
persistence_zero_change,2023-08-31,-0.03000000000000025,0.0,0,1,3.000000000000025,3.000000000000025,fall,flat
persistence_zero_change,2023-09-01,0.08999999999999986,0.0,2,1,8.999999999999986,-8.999999999999986,rise,flat
persistence_zero_change,2023-09-05,0.08999999999999986,0.0,2,1,8.999999999999986,-8.999999999999986,rise,flat
persistence_zero_change,2023-09-06,0.03000000000000025,0.0,2,1,3.000000000000025,-3.000000000000025,rise,flat
persistence_zero_change,2023-09-07,-0.03000000000000025,0.0,0,1,3.000000000000025,3.000000000000025,fall,flat
persistence_zero_change,2023-09-08,-0.009999999999999787,0.0,1,1,0.9999999999999787,0.9999999999999787,flat,flat
persistence_zero_change,2023-09-11,0.03000000000000025,0.0,2,1,3.000000000000025,-3.000000000000025,rise,flat
persistence_zero_change,2023-09-12,-0.020000000000000462,0.0,0,1,2.000000000000046,2.000000000000046,fall,flat
persistence_zero_change,2023-09-13,-0.019999999999999574,0.0,0,1,1.9999999999999574,1.9999999999999574,fall,flat
persistence_zero_change,2023-09-14,0.040000000000000036,0.0,2,1,4.0000000000000036,-4.0000000000000036,rise,flat
persistence_zero_change,2023-09-15,0.040000000000000036,0.0,2,1,4.0000000000000036,-4.0000000000000036,rise,flat
persistence_zero_change,2023-09-18,-0.009999999999999787,0.0,1,1,0.9999999999999787,0.9999999999999787,flat,flat
persistence_zero_change,2023-09-19,0.04999999999999982,0.0,2,1,4.999999999999982,-4.999999999999982,rise,flat
persistence_zero_change,2023-09-20,-0.020000000000000462,0.0,0,1,2.000000000000046,2.000000000000046,fall,flat
persistence_zero_change,2023-09-21,0.14000000000000057,0.0,2,1,14.000000000000057,-14.000000000000057,rise,flat
persistence_zero_change,2023-09-22,-0.04999999999999982,0.0,0,1,4.999999999999982,4.999999999999982,fall,flat
persistence_zero_change,2023-09-25,0.10999999999999943,0.0,2,1,10.999999999999943,-10.999999999999943,rise,flat
persistence_zero_change,2023-09-26,0.009999999999999787,0.0,1,1,0.9999999999999787,-0.9999999999999787,flat,flat
persistence_zero_change,2023-09-27,0.05000000000000071,0.0,2,1,5.000000000000071,-5.000000000000071,rise,flat
persistence_zero_change,2023-09-28,-0.020000000000000462,0.0,0,1,2.000000000000046,2.000000000000046,fall,flat
persistence_zero_change,2023-09-29,0.0,0.0,1,1,0.0,0.0,flat,flat
persistence_zero_change,2023-10-02,0.10000000000000053,0.0,2,1,10.000000000000053,-10.000000000000053,rise,flat
persistence_zero_change,2023-10-03,0.11999999999999922,0.0,2,1,11.999999999999922,-11.999999999999922,rise,flat
persistence_zero_change,2023-10-04,-0.07999999999999918,0.0,0,1,7.999999999999918,7.999999999999918,fall,flat
persistence_zero_change,2023-10-05,-0.010000000000000675,0.0,0,1,1.0000000000000675,1.0000000000000675,fall,flat
persistence_zero_change,2023-10-06,0.0600000000000005,0.0,2,1,6.00000000000005,-6.00000000000005,rise,flat
persistence_zero_change,2023-10-10,-0.1200000000000001,0.0,0,1,12.00000000000001,12.00000000000001,fall,flat
persistence_zero_change,2023-10-11,-0.08000000000000007,0.0,0,1,8.000000000000007,8.000000000000007,fall,flat
persistence_zero_change,2023-10-12,0.1200000000000001,0.0,2,1,12.00000000000001,-12.00000000000001,rise,flat
persistence_zero_change,2023-10-13,-0.07000000000000028,0.0,0,1,7.000000000000028,7.000000000000028,fall,flat
persistence_zero_change,2023-10-16,0.08000000000000007,0.0,2,1,8.000000000000007,-8.000000000000007,rise,flat
persistence_zero_change,2023-10-17,0.1200000000000001,0.0,2,1,12.00000000000001,-12.00000000000001,rise,flat
persistence_zero_change,2023-10-18,0.08000000000000007,0.0,2,1,8.000000000000007,-8.000000000000007,rise,flat
persistence_zero_change,2023-10-19,0.07000000000000028,0.0,2,1,7.000000000000028,-7.000000000000028,rise,flat
persistence_zero_change,2023-10-20,-0.05000000000000071,0.0,0,1,5.000000000000071,5.000000000000071,fall,flat
persistence_zero_change,2023-10-23,-0.0699999999999994,0.0,0,1,6.99999999999994,6.99999999999994,fall,flat
persistence_zero_change,2023-10-24,-0.03000000000000025,0.0,0,1,3.000000000000025,3.000000000000025,fall,flat
persistence_zero_change,2023-10-25,0.1200000000000001,0.0,2,1,12.00000000000001,-12.00000000000001,rise,flat
persistence_zero_change,2023-10-26,-0.08999999999999986,0.0,0,1,8.999999999999986,8.999999999999986,fall,flat
persistence_zero_change,2023-10-27,-0.020000000000000462,0.0,0,1,2.000000000000046,2.000000000000046,fall,flat
persistence_zero_change,2023-10-30,0.040000000000000036,0.0,2,1,4.0000000000000036,-4.0000000000000036,rise,flat
persistence_zero_change,2023-10-31,0.0,0.0,1,1,0.0,0.0,flat,flat
persistence_zero_change,2023-11-01,-0.11000000000000032,0.0,0,1,11.000000000000032,11.000000000000032,fall,flat
persistence_zero_change,2023-11-02,-0.09999999999999964,0.0,0,1,9.999999999999964,9.999999999999964,fall,flat
persistence_zero_change,2023-11-03,-0.09999999999999964,0.0,0,1,9.999999999999964,9.999999999999964,fall,flat
persistence_zero_change,2023-11-06,0.09999999999999964,0.0,2,1,9.999999999999964,-9.999999999999964,rise,flat
persistence_zero_change,2023-11-07,-0.08999999999999986,0.0,0,1,8.999999999999986,8.999999999999986,fall,flat
persistence_zero_change,2023-11-08,-0.08999999999999986,0.0,0,1,8.999999999999986,8.999999999999986,fall,flat
persistence_zero_change,2023-11-09,0.1299999999999999,0.0,2,1,12.99999999999999,-12.99999999999999,rise,flat
persistence_zero_change,2023-11-10,-0.009999999999999787,0.0,1,1,0.9999999999999787,0.9999999999999787,flat,flat
persistence_zero_change,2023-11-13,0.019999999999999574,0.0,2,1,1.9999999999999574,-1.9999999999999574,rise,flat
persistence_zero_change,2023-11-14,-0.1899999999999995,0.0,0,1,18.99999999999995,18.99999999999995,fall,flat
persistence_zero_change,2023-11-15,0.08999999999999986,0.0,2,1,8.999999999999986,-8.999999999999986,rise,flat
persistence_zero_change,2023-11-16,-0.08000000000000007,0.0,0,1,8.000000000000007,8.000000000000007,fall,flat
persistence_zero_change,2023-11-17,-0.009999999999999787,0.0,1,1,0.9999999999999787,0.9999999999999787,flat,flat
persistence_zero_change,2023-11-20,-0.020000000000000462,0.0,0,1,2.000000000000046,2.000000000000046,fall,flat
persistence_zero_change,2023-11-21,-0.009999999999999787,0.0,1,1,0.9999999999999787,0.9999999999999787,flat,flat
persistence_zero_change,2023-11-22,0.009999999999999787,0.0,1,1,0.9999999999999787,-0.9999999999999787,flat,flat
persistence_zero_change,2023-11-24,0.04999999999999982,0.0,2,1,4.999999999999982,-4.999999999999982,rise,flat
persistence_zero_change,2023-11-27,-0.08000000000000007,0.0,0,1,8.000000000000007,8.000000000000007,fall,flat
persistence_zero_change,2023-11-28,-0.04999999999999982,0.0,0,1,4.999999999999982,4.999999999999982,fall,flat
persistence_zero_change,2023-11-29,-0.07000000000000028,0.0,0,1,7.000000000000028,7.000000000000028,fall,flat
persistence_zero_change,2023-11-30,0.10000000000000053,0.0,2,1,10.000000000000053,-10.000000000000053,rise,flat
persistence_zero_change,2023-12-01,-0.15000000000000036,0.0,0,1,15.000000000000036,15.000000000000036,fall,flat
persistence_zero_change,2023-12-04,0.0600000000000005,0.0,2,1,6.00000000000005,-6.00000000000005,rise,flat
persistence_zero_change,2023-12-05,-0.10000000000000053,0.0,0,1,10.000000000000053,10.000000000000053,fall,flat
persistence_zero_change,2023-12-06,-0.05999999999999961,0.0,0,1,5.999999999999961,5.999999999999961,fall,flat
persistence_zero_change,2023-12-07,0.019999999999999574,0.0,2,1,1.9999999999999574,-1.9999999999999574,rise,flat
persistence_zero_change,2023-12-08,0.09000000000000075,0.0,2,1,9.000000000000075,-9.000000000000075,rise,flat
persistence_zero_change,2023-12-11,0.0,0.0,1,1,0.0,0.0,flat,flat
persistence_zero_change,2023-12-12,-0.03000000000000025,0.0,0,1,3.000000000000025,3.000000000000025,fall,flat
persistence_zero_change,2023-12-13,-0.16000000000000014,0.0,0,1,16.000000000000014,16.000000000000014,fall,flat
persistence_zero_change,2023-12-14,-0.1200000000000001,0.0,0,1,12.00000000000001,12.00000000000001,fall,flat
persistence_zero_change,2023-12-15,-0.009999999999999787,0.0,1,1,0.9999999999999787,0.9999999999999787,flat,flat
persistence_zero_change,2023-12-18,0.040000000000000036,0.0,2,1,4.0000000000000036,-4.0000000000000036,rise,flat
persistence_zero_change,2023-12-19,-0.020000000000000018,0.0,0,1,2.0000000000000018,2.0000000000000018,fall,flat
persistence_zero_change,2023-12-20,-0.07000000000000028,0.0,0,1,7.000000000000028,7.000000000000028,fall,flat
persistence_zero_change,2023-12-21,0.03000000000000025,0.0,2,1,3.000000000000025,-3.000000000000025,rise,flat
persistence_zero_change,2023-12-22,0.009999999999999787,0.0,1,1,0.9999999999999787,-0.9999999999999787,flat,flat
persistence_zero_change,2023-12-26,-0.009999999999999787,0.0,1,1,0.9999999999999787,0.9999999999999787,flat,flat
persistence_zero_change,2023-12-27,-0.10000000000000009,0.0,0,1,10.000000000000009,10.000000000000009,fall,flat
persistence_zero_change,2023-12-28,0.04999999999999982,0.0,2,1,4.999999999999982,-4.999999999999982,rise,flat
persistence_zero_change,2023-12-29,0.040000000000000036,0.0,2,1,4.0000000000000036,-4.0000000000000036,rise,flat
persistence_zero_change,2024-01-02,0.07000000000000028,0.0,2,1,7.000000000000028,-7.000000000000028,rise,flat
persistence_zero_change,2024-01-03,-0.040000000000000036,0.0,0,1,4.0000000000000036,4.0000000000000036,fall,flat
persistence_zero_change,2024-01-04,0.08000000000000007,0.0,2,1,8.000000000000007,-8.000000000000007,rise,flat
persistence_zero_change,2024-01-05,0.05999999999999961,0.0,2,1,5.999999999999961,-5.999999999999961,rise,flat
persistence_zero_change,2024-01-08,-0.040000000000000036,0.0,0,1,4.0000000000000036,4.0000000000000036,fall,flat
persistence_zero_change,2024-01-09,0.009999999999999787,0.0,1,1,0.9999999999999787,-0.9999999999999787,flat,flat
persistence_zero_change,2024-01-10,0.020000000000000462,0.0,2,1,2.000000000000046,-2.000000000000046,rise,flat
persistence_zero_change,2024-01-11,-0.06000000000000005,0.0,0,1,6.000000000000005,6.000000000000005,fall,flat
persistence_zero_change,2024-01-12,-0.020000000000000018,0.0,0,1,2.0000000000000018,2.0000000000000018,fall,flat
persistence_zero_change,2024-01-16,0.11000000000000032,0.0,2,1,11.000000000000032,-11.000000000000032,rise,flat
persistence_zero_change,2024-01-17,0.02999999999999936,0.0,2,1,2.999999999999936,-2.999999999999936,rise,flat
persistence_zero_change,2024-01-18,0.040000000000000036,0.0,2,1,4.0000000000000036,-4.0000000000000036,rise,flat
persistence_zero_change,2024-01-19,0.010000000000000675,0.0,2,1,1.0000000000000675,-1.0000000000000675,rise,flat
persistence_zero_change,2024-01-22,-0.040000000000000036,0.0,0,1,4.0000000000000036,4.0000000000000036,fall,flat
persistence_zero_change,2024-01-23,0.02999999999999936,0.0,2,1,2.999999999999936,-2.999999999999936,rise,flat
persistence_zero_change,2024-01-24,0.040000000000000036,0.0,2,1,4.0000000000000036,-4.0000000000000036,rise,flat
persistence_zero_change,2024-01-25,-0.040000000000000036,0.0,0,1,4.0000000000000036,4.0000000000000036,fall,flat
persistence_zero_change,2024-01-26,0.010000000000000675,0.0,2,1,1.0000000000000675,-1.0000000000000675,rise,flat
persistence_zero_change,2024-01-29,-0.07000000000000028,0.0,0,1,7.000000000000028,7.000000000000028,fall,flat
persistence_zero_change,2024-01-30,-0.020000000000000462,0.0,0,1,2.000000000000046,2.000000000000046,fall,flat
persistence_zero_change,2024-01-31,-0.0699999999999994,0.0,0,1,6.99999999999994,6.99999999999994,fall,flat
persistence_zero_change,2024-02-01,-0.1200000000000001,0.0,0,1,12.00000000000001,12.00000000000001,fall,flat
persistence_zero_change,2024-02-02,0.16000000000000014,0.0,2,1,16.000000000000014,-16.000000000000014,rise,flat
persistence_zero_change,2024-02-05,0.13999999999999968,0.0,2,1,13.999999999999968,-13.999999999999968,rise,flat
persistence_zero_change,2024-02-06,-0.08000000000000007,0.0,0,1,8.000000000000007,8.000000000000007,fall,flat
persistence_zero_change,2024-02-07,0.0,0.0,1,1,0.0,0.0,flat,flat
persistence_zero_change,2024-02-08,0.0600000000000005,0.0,2,1,6.00000000000005,-6.00000000000005,rise,flat
persistence_zero_change,2024-02-09,0.019999999999999574,0.0,2,1,1.9999999999999574,-1.9999999999999574,rise,flat
persistence_zero_change,2024-02-12,0.0,0.0,1,1,0.0,0.0,flat,flat
persistence_zero_change,2024-02-13,0.13999999999999968,0.0,2,1,13.999999999999968,-13.999999999999968,rise,flat
persistence_zero_change,2024-02-14,-0.040000000000000036,0.0,0,1,4.0000000000000036,4.0000000000000036,fall,flat
persistence_zero_change,2024-02-15,-0.02999999999999936,0.0,0,1,2.999999999999936,2.999999999999936,fall,flat
persistence_zero_change,2024-02-16,0.05999999999999961,0.0,2,1,5.999999999999961,-5.999999999999961,rise,flat
persistence_zero_change,2024-02-20,-0.03000000000000025,0.0,0,1,3.000000000000025,3.000000000000025,fall,flat
persistence_zero_change,2024-02-21,0.05000000000000071,0.0,2,1,5.000000000000071,-5.000000000000071,rise,flat
persistence_zero_change,2024-02-22,0.009999999999999787,0.0,1,1,0.9999999999999787,-0.9999999999999787,flat,flat
persistence_zero_change,2024-02-23,-0.07000000000000028,0.0,0,1,7.000000000000028,7.000000000000028,fall,flat
persistence_zero_change,2024-02-26,0.020000000000000462,0.0,2,1,2.000000000000046,-2.000000000000046,rise,flat
persistence_zero_change,2024-02-27,0.02999999999999936,0.0,2,1,2.999999999999936,-2.999999999999936,rise,flat
persistence_zero_change,2024-02-28,-0.040000000000000036,0.0,0,1,4.0000000000000036,4.0000000000000036,fall,flat
persistence_zero_change,2024-02-29,-0.019999999999999574,0.0,0,1,1.9999999999999574,1.9999999999999574,fall,flat
persistence_zero_change,2024-03-01,-0.05999999999999961,0.0,0,1,5.999999999999961,5.999999999999961,fall,flat
persistence_zero_change,2024-03-04,0.02999999999999936,0.0,2,1,2.999999999999936,-2.999999999999936,rise,flat
persistence_zero_change,2024-03-05,-0.08999999999999986,0.0,0,1,8.999999999999986,8.999999999999986,fall,flat
persistence_zero_change,2024-03-06,-0.019999999999999574,0.0,0,1,1.9999999999999574,1.9999999999999574,fall,flat
persistence_zero_change,2024-03-07,-0.020000000000000462,0.0,0,1,2.000000000000046,2.000000000000046,fall,flat
persistence_zero_change,2024-03-08,0.0,0.0,1,1,0.0,0.0,flat,flat
persistence_zero_change,2024-03-11,0.009999999999999787,0.0,1,1,0.9999999999999787,-0.9999999999999787,flat,flat
persistence_zero_change,2024-03-12,0.0600000000000005,0.0,2,1,6.00000000000005,-6.00000000000005,rise,flat
persistence_zero_change,2024-03-13,0.03000000000000025,0.0,2,1,3.000000000000025,-3.000000000000025,rise,flat
persistence_zero_change,2024-03-14,0.09999999999999964,0.0,2,1,9.999999999999964,-9.999999999999964,rise,flat
persistence_zero_change,2024-03-15,0.019999999999999574,0.0,2,1,1.9999999999999574,-1.9999999999999574,rise,flat
persistence_zero_change,2024-03-18,0.03000000000000025,0.0,2,1,3.000000000000025,-3.000000000000025,rise,flat
persistence_zero_change,2024-03-19,-0.040000000000000036,0.0,0,1,4.0000000000000036,4.0000000000000036,fall,flat
persistence_zero_change,2024-03-20,-0.03000000000000025,0.0,0,1,3.000000000000025,3.000000000000025,fall,flat
persistence_zero_change,2024-03-21,0.0,0.0,1,1,0.0,0.0,flat,flat
persistence_zero_change,2024-03-22,-0.04999999999999982,0.0,0,1,4.999999999999982,4.999999999999982,fall,flat
persistence_zero_change,2024-03-25,0.03000000000000025,0.0,2,1,3.000000000000025,-3.000000000000025,rise,flat
persistence_zero_change,2024-03-26,-0.009999999999999787,0.0,1,1,0.9999999999999787,0.9999999999999787,flat,flat
persistence_zero_change,2024-03-27,-0.040000000000000036,0.0,0,1,4.0000000000000036,4.0000000000000036,fall,flat
persistence_zero_change,2024-03-28,0.0,0.0,1,1,0.0,0.0,flat,flat
persistence_zero_change,2024-04-01,0.1299999999999999,0.0,2,1,12.99999999999999,-12.99999999999999,rise,flat
persistence_zero_change,2024-04-02,0.03000000000000025,0.0,2,1,3.000000000000025,-3.000000000000025,rise,flat
persistence_zero_change,2024-04-03,0.0,0.0,1,1,0.0,0.0,flat,flat
persistence_zero_change,2024-04-04,-0.05000000000000071,0.0,0,1,5.000000000000071,5.000000000000071,fall,flat
persistence_zero_change,2024-04-05,0.08000000000000007,0.0,2,1,8.000000000000007,-8.000000000000007,rise,flat
persistence_zero_change,2024-04-08,0.03000000000000025,0.0,2,1,3.000000000000025,-3.000000000000025,rise,flat
persistence_zero_change,2024-04-09,-0.05999999999999961,0.0,0,1,5.999999999999961,5.999999999999961,fall,flat
persistence_zero_change,2024-04-10,0.1899999999999995,0.0,2,1,18.99999999999995,-18.99999999999995,rise,flat
persistence_zero_change,2024-04-11,0.009999999999999787,0.0,1,1,0.9999999999999787,-0.9999999999999787,flat,flat
persistence_zero_change,2024-04-12,-0.05999999999999961,0.0,0,1,5.999999999999961,5.999999999999961,fall,flat
persistence_zero_change,2024-04-15,0.1299999999999999,0.0,2,1,12.99999999999999,-12.99999999999999,rise,flat
persistence_zero_change,2024-04-16,0.040000000000000036,0.0,2,1,4.0000000000000036,-4.0000000000000036,rise,flat
persistence_zero_change,2024-04-17,-0.08000000000000007,0.0,0,1,8.000000000000007,8.000000000000007,fall,flat
persistence_zero_change,2024-04-18,0.04999999999999982,0.0,2,1,4.999999999999982,-4.999999999999982,rise,flat
persistence_zero_change,2024-04-19,-0.019999999999999574,0.0,0,1,1.9999999999999574,1.9999999999999574,fall,flat
persistence_zero_change,2024-04-22,0.0,0.0,1,1,0.0,0.0,flat,flat
persistence_zero_change,2024-04-23,-0.009999999999999787,0.0,1,1,0.9999999999999787,0.9999999999999787,flat,flat
persistence_zero_change,2024-04-24,0.040000000000000036,0.0,2,1,4.0000000000000036,-4.0000000000000036,rise,flat
persistence_zero_change,2024-04-25,0.04999999999999982,0.0,2,1,4.999999999999982,-4.999999999999982,rise,flat
persistence_zero_change,2024-04-26,-0.03000000000000025,0.0,0,1,3.000000000000025,3.000000000000025,fall,flat
persistence_zero_change,2024-04-29,-0.040000000000000036,0.0,0,1,4.0000000000000036,4.0000000000000036,fall,flat
persistence_zero_change,2024-04-30,0.0600000000000005,0.0,2,1,6.00000000000005,-6.00000000000005,rise,flat
persistence_zero_change,2024-05-01,-0.0600000000000005,0.0,0,1,6.00000000000005,6.00000000000005,fall,flat
persistence_zero_change,2024-05-02,-0.04999999999999982,0.0,0,1,4.999999999999982,4.999999999999982,fall,flat
persistence_zero_change,2024-05-03,-0.08000000000000007,0.0,0,1,8.000000000000007,8.000000000000007,fall,flat
persistence_zero_change,2024-05-06,-0.009999999999999787,0.0,1,1,0.9999999999999787,0.9999999999999787,flat,flat
persistence_zero_change,2024-05-07,-0.020000000000000462,0.0,0,1,2.000000000000046,2.000000000000046,fall,flat
persistence_zero_change,2024-05-08,0.010000000000000675,0.0,2,1,1.0000000000000675,-1.0000000000000675,rise,flat
persistence_zero_change,2024-05-09,-0.03000000000000025,0.0,0,1,3.000000000000025,3.000000000000025,fall,flat
persistence_zero_change,2024-05-10,0.04999999999999982,0.0,2,1,4.999999999999982,-4.999999999999982,rise,flat
persistence_zero_change,2024-05-13,-0.019999999999999574,0.0,0,1,1.9999999999999574,1.9999999999999574,fall,flat
persistence_zero_change,2024-05-14,-0.03000000000000025,0.0,0,1,3.000000000000025,3.000000000000025,fall,flat
persistence_zero_change,2024-05-15,-0.08999999999999986,0.0,0,1,8.999999999999986,8.999999999999986,fall,flat
persistence_zero_change,2024-05-16,0.019999999999999574,0.0,2,1,1.9999999999999574,-1.9999999999999574,rise,flat
persistence_zero_change,2024-05-17,0.040000000000000036,0.0,2,1,4.0000000000000036,-4.0000000000000036,rise,flat
persistence_zero_change,2024-05-20,0.020000000000000462,0.0,2,1,2.000000000000046,-2.000000000000046,rise,flat
persistence_zero_change,2024-05-21,-0.03000000000000025,0.0,0,1,3.000000000000025,3.000000000000025,fall,flat
persistence_zero_change,2024-05-22,0.019999999999999574,0.0,2,1,1.9999999999999574,-1.9999999999999574,rise,flat
persistence_zero_change,2024-05-23,0.040000000000000036,0.0,2,1,4.0000000000000036,-4.0000000000000036,rise,flat
persistence_zero_change,2024-05-24,-0.009999999999999787,0.0,1,1,0.9999999999999787,0.9999999999999787,flat,flat
persistence_zero_change,2024-05-28,0.08000000000000007,0.0,2,1,8.000000000000007,-8.000000000000007,rise,flat
persistence_zero_change,2024-05-29,0.07000000000000028,0.0,2,1,7.000000000000028,-7.000000000000028,rise,flat
persistence_zero_change,2024-05-30,-0.0600000000000005,0.0,0,1,6.00000000000005,6.00000000000005,fall,flat
persistence_zero_change,2024-05-31,-0.040000000000000036,0.0,0,1,4.0000000000000036,4.0000000000000036,fall,flat
persistence_zero_change,2024-06-03,-0.09999999999999964,0.0,0,1,9.999999999999964,9.999999999999964,fall,flat
persistence_zero_change,2024-06-04,-0.08000000000000007,0.0,0,1,8.000000000000007,8.000000000000007,fall,flat
persistence_zero_change,2024-06-05,-0.040000000000000036,0.0,0,1,4.0000000000000036,4.0000000000000036,fall,flat
persistence_zero_change,2024-06-06,-0.009999999999999787,0.0,1,1,0.9999999999999787,0.9999999999999787,flat,flat
persistence_zero_change,2024-06-07,0.14999999999999947,0.0,2,1,14.999999999999947,-14.999999999999947,rise,flat
persistence_zero_change,2024-06-10,0.040000000000000036,0.0,2,1,4.0000000000000036,-4.0000000000000036,rise,flat
persistence_zero_change,2024-06-11,-0.08000000000000007,0.0,0,1,8.000000000000007,8.000000000000007,fall,flat
persistence_zero_change,2024-06-12,-0.08000000000000007,0.0,0,1,8.000000000000007,8.000000000000007,fall,flat
persistence_zero_change,2024-06-13,-0.0699999999999994,0.0,0,1,6.99999999999994,6.99999999999994,fall,flat
persistence_zero_change,2024-06-14,-0.040000000000000036,0.0,0,1,4.0000000000000036,4.0000000000000036,fall,flat
persistence_zero_change,2024-06-17,0.08000000000000007,0.0,2,1,8.000000000000007,-8.000000000000007,rise,flat
persistence_zero_change,2024-06-18,-0.0600000000000005,0.0,0,1,6.00000000000005,6.00000000000005,fall,flat
persistence_zero_change,2024-06-20,0.03000000000000025,0.0,2,1,3.000000000000025,-3.000000000000025,rise,flat
persistence_zero_change,2024-06-21,0.0,0.0,1,1,0.0,0.0,flat,flat
persistence_zero_change,2024-06-24,0.0,0.0,1,1,0.0,0.0,flat,flat
persistence_zero_change,2024-06-25,-0.019999999999999574,0.0,0,1,1.9999999999999574,1.9999999999999574,fall,flat
persistence_zero_change,2024-06-26,0.08999999999999986,0.0,2,1,8.999999999999986,-8.999999999999986,rise,flat
persistence_zero_change,2024-06-27,-0.03000000000000025,0.0,0,1,3.000000000000025,3.000000000000025,fall,flat
persistence_zero_change,2024-06-28,0.07000000000000028,0.0,2,1,7.000000000000028,-7.000000000000028,rise,flat
persistence_zero_change,2024-07-01,0.1200000000000001,0.0,2,1,12.00000000000001,-12.00000000000001,rise,flat
persistence_zero_change,2024-07-02,-0.05000000000000071,0.0,0,1,5.000000000000071,5.000000000000071,fall,flat
persistence_zero_change,2024-07-03,-0.0699999999999994,0.0,0,1,6.99999999999994,6.99999999999994,fall,flat
persistence_zero_change,2024-07-05,-0.08000000000000007,0.0,0,1,8.000000000000007,8.000000000000007,fall,flat
persistence_zero_change,2024-07-08,0.0,0.0,1,1,0.0,0.0,flat,flat
persistence_zero_change,2024-07-09,0.019999999999999574,0.0,2,1,1.9999999999999574,-1.9999999999999574,rise,flat
persistence_zero_change,2024-07-10,-0.019999999999999574,0.0,0,1,1.9999999999999574,1.9999999999999574,fall,flat
persistence_zero_change,2024-07-11,-0.08000000000000007,0.0,0,1,8.000000000000007,8.000000000000007,fall,flat
persistence_zero_change,2024-07-12,-0.020000000000000462,0.0,0,1,2.000000000000046,2.000000000000046,fall,flat
persistence_zero_change,2024-07-15,0.05000000000000071,0.0,2,1,5.000000000000071,-5.000000000000071,rise,flat
persistence_zero_change,2024-07-16,-0.0600000000000005,0.0,0,1,6.00000000000005,6.00000000000005,fall,flat
persistence_zero_change,2024-07-17,-0.009999999999999787,0.0,1,1,0.9999999999999787,0.9999999999999787,flat,flat
persistence_zero_change,2024-07-18,0.040000000000000036,0.0,2,1,4.0000000000000036,-4.0000000000000036,rise,flat
persistence_zero_change,2024-07-19,0.04999999999999982,0.0,2,1,4.999999999999982,-4.999999999999982,rise,flat
persistence_zero_change,2024-07-22,0.009999999999999787,0.0,1,1,0.9999999999999787,-0.9999999999999787,flat,flat
persistence_zero_change,2024-07-23,-0.009999999999999787,0.0,1,1,0.9999999999999787,0.9999999999999787,flat,flat
persistence_zero_change,2024-07-24,0.03000000000000025,0.0,2,1,3.000000000000025,-3.000000000000025,rise,flat
persistence_zero_change,2024-07-25,-0.010000000000000675,0.0,0,1,1.0000000000000675,1.0000000000000675,fall,flat
persistence_zero_change,2024-07-26,-0.0699999999999994,0.0,0,1,6.99999999999994,6.99999999999994,fall,flat
persistence_zero_change,2024-07-29,-0.03000000000000025,0.0,0,1,3.000000000000025,3.000000000000025,fall,flat
persistence_zero_change,2024-07-30,-0.019999999999999574,0.0,0,1,1.9999999999999574,1.9999999999999574,fall,flat
persistence_zero_change,2024-07-31,-0.0600000000000005,0.0,0,1,6.00000000000005,6.00000000000005,fall,flat
persistence_zero_change,2024-08-01,-0.09999999999999964,0.0,0,1,9.999999999999964,9.999999999999964,fall,flat
persistence_zero_change,2024-08-02,-0.1900000000000004,0.0,0,1,19.00000000000004,19.00000000000004,fall,flat
persistence_zero_change,2024-08-05,-0.020000000000000018,0.0,0,1,2.0000000000000018,2.0000000000000018,fall,flat
persistence_zero_change,2024-08-06,0.1200000000000001,0.0,2,1,12.00000000000001,-12.00000000000001,rise,flat
persistence_zero_change,2024-08-07,0.06000000000000005,0.0,2,1,6.000000000000005,-6.000000000000005,rise,flat
persistence_zero_change,2024-08-08,0.03000000000000025,0.0,2,1,3.000000000000025,-3.000000000000025,rise,flat
persistence_zero_change,2024-08-09,-0.050000000000000266,0.0,0,1,5.000000000000027,5.000000000000027,fall,flat
persistence_zero_change,2024-08-12,-0.040000000000000036,0.0,0,1,4.0000000000000036,4.0000000000000036,fall,flat
persistence_zero_change,2024-08-13,-0.04999999999999982,0.0,0,1,4.999999999999982,4.999999999999982,fall,flat
persistence_zero_change,2024-08-14,-0.020000000000000018,0.0,0,1,2.0000000000000018,2.0000000000000018,fall,flat
persistence_zero_change,2024-08-15,0.08999999999999986,0.0,2,1,8.999999999999986,-8.999999999999986,rise,flat
persistence_zero_change,2024-08-16,-0.029999999999999805,0.0,0,1,2.9999999999999805,2.9999999999999805,fall,flat
persistence_zero_change,2024-08-19,-0.03000000000000025,0.0,0,1,3.000000000000025,3.000000000000025,fall,flat
persistence_zero_change,2024-08-20,-0.040000000000000036,0.0,0,1,4.0000000000000036,4.0000000000000036,fall,flat
persistence_zero_change,2024-08-21,-0.029999999999999805,0.0,0,1,2.9999999999999805,2.9999999999999805,fall,flat
persistence_zero_change,2024-08-22,0.06999999999999984,0.0,2,1,6.999999999999984,-6.999999999999984,rise,flat
persistence_zero_change,2024-08-23,-0.04999999999999982,0.0,0,1,4.999999999999982,4.999999999999982,fall,flat
persistence_zero_change,2024-08-26,0.009999999999999787,0.0,1,1,0.9999999999999787,-0.9999999999999787,flat,flat
persistence_zero_change,2024-08-27,0.010000000000000231,0.0,2,1,1.000000000000023,-1.000000000000023,rise,flat
persistence_zero_change,2024-08-28,0.009999999999999787,0.0,1,1,0.9999999999999787,-0.9999999999999787,flat,flat
persistence_zero_change,2024-08-29,0.03000000000000025,0.0,2,1,3.000000000000025,-3.000000000000025,rise,flat
persistence_zero_change,2024-08-30,0.040000000000000036,0.0,2,1,4.0000000000000036,-4.0000000000000036,rise,flat
persistence_zero_change,2024-09-03,-0.07000000000000028,0.0,0,1,7.000000000000028,7.000000000000028,fall,flat
persistence_zero_change,2024-09-04,-0.06999999999999984,0.0,0,1,6.999999999999984,6.999999999999984,fall,flat
persistence_zero_change,2024-09-05,-0.040000000000000036,0.0,0,1,4.0000000000000036,4.0000000000000036,fall,flat
persistence_zero_change,2024-09-06,-0.009999999999999787,0.0,1,1,0.9999999999999787,0.9999999999999787,flat,flat
persistence_zero_change,2024-09-09,-0.020000000000000018,0.0,0,1,2.0000000000000018,2.0000000000000018,fall,flat
persistence_zero_change,2024-09-10,-0.050000000000000266,0.0,0,1,5.000000000000027,5.000000000000027,fall,flat
persistence_zero_change,2024-09-11,0.0,0.0,1,1,0.0,0.0,flat,flat
persistence_zero_change,2024-09-12,0.03000000000000025,0.0,2,1,3.000000000000025,-3.000000000000025,rise,flat
persistence_zero_change,2024-09-13,-0.020000000000000018,0.0,0,1,2.0000000000000018,2.0000000000000018,fall,flat
persistence_zero_change,2024-09-16,-0.03000000000000025,0.0,0,1,3.000000000000025,3.000000000000025,fall,flat
persistence_zero_change,2024-09-17,0.020000000000000018,0.0,2,1,2.0000000000000018,-2.0000000000000018,rise,flat
persistence_zero_change,2024-09-18,0.050000000000000266,0.0,2,1,5.000000000000027,-5.000000000000027,rise,flat
persistence_zero_change,2024-09-19,0.029999999999999805,0.0,2,1,2.9999999999999805,-2.9999999999999805,rise,flat
persistence_zero_change,2024-09-20,0.0,0.0,1,1,0.0,0.0,flat,flat
persistence_zero_change,2024-09-23,0.020000000000000018,0.0,2,1,2.0000000000000018,-2.0000000000000018,rise,flat
persistence_zero_change,2024-09-24,-0.009999999999999787,0.0,1,1,0.9999999999999787,0.9999999999999787,flat,flat
persistence_zero_change,2024-09-25,0.04999999999999982,0.0,2,1,4.999999999999982,-4.999999999999982,rise,flat
persistence_zero_change,2024-09-26,0.0,0.0,1,1,0.0,0.0,flat,flat
persistence_zero_change,2024-09-27,-0.040000000000000036,0.0,0,1,4.0000000000000036,4.0000000000000036,fall,flat
persistence_zero_change,2024-09-30,0.06000000000000005,0.0,2,1,6.000000000000005,-6.000000000000005,rise,flat
persistence_zero_change,2024-10-01,-0.06999999999999984,0.0,0,1,6.999999999999984,6.999999999999984,fall,flat
persistence_zero_change,2024-10-02,0.04999999999999982,0.0,2,1,4.999999999999982,-4.999999999999982,rise,flat
persistence_zero_change,2024-10-03,0.06000000000000005,0.0,2,1,6.000000000000005,-6.000000000000005,rise,flat
persistence_zero_change,2024-10-04,0.1299999999999999,0.0,2,1,12.99999999999999,-12.99999999999999,rise,flat
persistence_zero_change,2024-10-07,0.050000000000000266,0.0,2,1,5.000000000000027,-5.000000000000027,rise,flat
persistence_zero_change,2024-10-08,0.009999999999999787,0.0,1,1,0.9999999999999787,-0.9999999999999787,flat,flat
persistence_zero_change,2024-10-09,0.019999999999999574,0.0,2,1,1.9999999999999574,-1.9999999999999574,rise,flat
persistence_zero_change,2024-10-10,0.03000000000000025,0.0,2,1,3.000000000000025,-3.000000000000025,rise,flat
persistence_zero_change,2024-10-11,-0.009999999999999787,0.0,1,1,0.9999999999999787,0.9999999999999787,flat,flat
persistence_zero_change,2024-10-15,-0.04999999999999982,0.0,0,1,4.999999999999982,4.999999999999982,fall,flat
persistence_zero_change,2024-10-16,-0.010000000000000675,0.0,0,1,1.0000000000000675,1.0000000000000675,fall,flat
persistence_zero_change,2024-10-17,0.07000000000000028,0.0,2,1,7.000000000000028,-7.000000000000028,rise,flat
persistence_zero_change,2024-10-18,-0.009999999999999787,0.0,1,1,0.9999999999999787,0.9999999999999787,flat,flat
persistence_zero_change,2024-10-21,0.11000000000000032,0.0,2,1,11.000000000000032,-11.000000000000032,rise,flat
persistence_zero_change,2024-10-22,0.009999999999999787,0.0,1,1,0.9999999999999787,-0.9999999999999787,flat,flat
persistence_zero_change,2024-10-23,0.040000000000000036,0.0,2,1,4.0000000000000036,-4.0000000000000036,rise,flat
persistence_zero_change,2024-10-24,-0.03000000000000025,0.0,0,1,3.000000000000025,3.000000000000025,fall,flat
persistence_zero_change,2024-10-25,0.040000000000000036,0.0,2,1,4.0000000000000036,-4.0000000000000036,rise,flat
persistence_zero_change,2024-10-28,0.03000000000000025,0.0,2,1,3.000000000000025,-3.000000000000025,rise,flat
persistence_zero_change,2024-10-29,0.0,0.0,1,1,0.0,0.0,flat,flat
persistence_zero_change,2024-10-30,0.009999999999999787,0.0,1,1,0.9999999999999787,-0.9999999999999787,flat,flat
persistence_zero_change,2024-10-31,-0.009999999999999787,0.0,1,1,0.9999999999999787,0.9999999999999787,flat,flat
persistence_zero_change,2024-11-01,0.08999999999999986,0.0,2,1,8.999999999999986,-8.999999999999986,rise,flat
persistence_zero_change,2024-11-04,-0.0600000000000005,0.0,0,1,6.00000000000005,6.00000000000005,fall,flat
persistence_zero_change,2024-11-05,-0.04999999999999982,0.0,0,1,4.999999999999982,4.999999999999982,fall,flat
persistence_zero_change,2024-11-06,0.16000000000000014,0.0,2,1,16.000000000000014,-16.000000000000014,rise,flat
persistence_zero_change,2024-11-07,-0.11000000000000032,0.0,0,1,11.000000000000032,11.000000000000032,fall,flat
persistence_zero_change,2024-11-08,-0.009999999999999787,0.0,1,1,0.9999999999999787,0.9999999999999787,flat,flat
persistence_zero_change,2024-11-12,0.1299999999999999,0.0,2,1,12.99999999999999,-12.99999999999999,rise,flat
persistence_zero_change,2024-11-13,0.010000000000000675,0.0,2,1,1.0000000000000675,-1.0000000000000675,rise,flat
persistence_zero_change,2024-11-14,-0.010000000000000675,0.0,0,1,1.0000000000000675,1.0000000000000675,fall,flat
persistence_zero_change,2024-11-15,0.0,0.0,1,1,0.0,0.0,flat,flat
persistence_zero_change,2024-11-18,-0.009999999999999787,0.0,1,1,0.9999999999999787,0.9999999999999787,flat,flat
persistence_zero_change,2024-11-19,-0.03000000000000025,0.0,0,1,3.000000000000025,3.000000000000025,fall,flat
persistence_zero_change,2024-11-20,0.020000000000000462,0.0,2,1,2.000000000000046,-2.000000000000046,rise,flat
persistence_zero_change,2024-11-21,0.019999999999999574,0.0,2,1,1.9999999999999574,-1.9999999999999574,rise,flat
persistence_zero_change,2024-11-22,-0.019999999999999574,0.0,0,1,1.9999999999999574,1.9999999999999574,fall,flat
persistence_zero_change,2024-11-25,-0.14000000000000057,0.0,0,1,14.000000000000057,14.000000000000057,fall,flat
persistence_zero_change,2024-11-26,0.03000000000000025,0.0,2,1,3.000000000000025,-3.000000000000025,rise,flat
persistence_zero_change,2024-11-27,-0.04999999999999982,0.0,0,1,4.999999999999982,4.999999999999982,fall,flat
persistence_zero_change,2024-11-29,-0.07000000000000028,0.0,0,1,7.000000000000028,7.000000000000028,fall,flat
persistence_zero_change,2024-12-02,0.010000000000000675,0.0,2,1,1.0000000000000675,-1.0000000000000675,rise,flat
persistence_zero_change,2024-12-03,0.040000000000000036,0.0,2,1,4.0000000000000036,-4.0000000000000036,rise,flat
persistence_zero_change,2024-12-04,-0.040000000000000036,0.0,0,1,4.0000000000000036,4.0000000000000036,fall,flat
persistence_zero_change,2024-12-05,-0.020000000000000462,0.0,0,1,2.000000000000046,2.000000000000046,fall,flat
persistence_zero_change,2024-12-06,-0.019999999999999574,0.0,0,1,1.9999999999999574,1.9999999999999574,fall,flat
persistence_zero_change,2024-12-09,0.04999999999999982,0.0,2,1,4.999999999999982,-4.999999999999982,rise,flat
persistence_zero_change,2024-12-10,0.019999999999999574,0.0,2,1,1.9999999999999574,-1.9999999999999574,rise,flat
persistence_zero_change,2024-12-11,0.040000000000000036,0.0,2,1,4.0000000000000036,-4.0000000000000036,rise,flat
persistence_zero_change,2024-12-12,0.0600000000000005,0.0,2,1,6.00000000000005,-6.00000000000005,rise,flat
persistence_zero_change,2024-12-13,0.08000000000000007,0.0,2,1,8.000000000000007,-8.000000000000007,rise,flat
persistence_zero_change,2024-12-16,-0.010000000000000675,0.0,0,1,1.0000000000000675,1.0000000000000675,fall,flat
persistence_zero_change,2024-12-17,0.010000000000000675,0.0,2,1,1.0000000000000675,-1.0000000000000675,rise,flat
persistence_zero_change,2024-12-18,0.09999999999999964,0.0,2,1,9.999999999999964,-9.999999999999964,rise,flat
persistence_zero_change,2024-12-19,0.07000000000000028,0.0,2,1,7.000000000000028,-7.000000000000028,rise,flat
persistence_zero_change,2024-12-20,-0.05000000000000071,0.0,0,1,5.000000000000071,5.000000000000071,fall,flat
persistence_zero_change,2024-12-23,0.07000000000000028,0.0,2,1,7.000000000000028,-7.000000000000028,rise,flat
persistence_zero_change,2024-12-24,0.0,0.0,1,1,0.0,0.0,flat,flat
persistence_zero_change,2024-12-26,-0.009999999999999787,0.0,1,1,0.9999999999999787,0.9999999999999787,flat,flat
persistence_zero_change,2024-12-27,0.040000000000000036,0.0,2,1,4.0000000000000036,-4.0000000000000036,rise,flat
persistence_zero_change,2024-12-30,-0.07000000000000028,0.0,0,1,7.000000000000028,7.000000000000028,fall,flat
persistence_zero_change,2024-12-31,0.03000000000000025,0.0,2,1,3.000000000000025,-3.000000000000025,rise,flat
persistence_zero_change,2025-01-02,-0.009999999999999787,0.0,1,1,0.9999999999999787,0.9999999999999787,flat,flat
persistence_zero_change,2025-01-03,0.02999999999999936,0.0,2,1,2.999999999999936,-2.999999999999936,rise,flat
persistence_zero_change,2025-01-06,0.020000000000000462,0.0,2,1,2.000000000000046,-2.000000000000046,rise,flat
persistence_zero_change,2025-01-07,0.04999999999999982,0.0,2,1,4.999999999999982,-4.999999999999982,rise,flat
persistence_zero_change,2025-01-08,0.0,0.0,1,1,0.0,0.0,flat,flat
persistence_zero_change,2025-01-09,0.009999999999999787,0.0,1,1,0.9999999999999787,-0.9999999999999787,flat,flat
persistence_zero_change,2025-01-10,0.08999999999999986,0.0,2,1,8.999999999999986,-8.999999999999986,rise,flat
persistence_zero_change,2025-01-13,0.020000000000000462,0.0,2,1,2.000000000000046,-2.000000000000046,rise,flat
persistence_zero_change,2025-01-14,-0.009999999999999787,0.0,1,1,0.9999999999999787,0.9999999999999787,flat,flat
persistence_zero_change,2025-01-15,-0.1200000000000001,0.0,0,1,12.00000000000001,12.00000000000001,fall,flat
persistence_zero_change,2025-01-16,-0.04999999999999982,0.0,0,1,4.999999999999982,4.999999999999982,fall,flat
persistence_zero_change,2025-01-17,0.0,0.0,1,1,0.0,0.0,flat,flat
persistence_zero_change,2025-01-21,-0.040000000000000036,0.0,0,1,4.0000000000000036,4.0000000000000036,fall,flat
persistence_zero_change,2025-01-22,0.02999999999999936,0.0,2,1,2.999999999999936,-2.999999999999936,rise,flat
persistence_zero_change,2025-01-23,0.05000000000000071,0.0,2,1,5.000000000000071,-5.000000000000071,rise,flat
persistence_zero_change,2025-01-24,-0.020000000000000462,0.0,0,1,2.000000000000046,2.000000000000046,fall,flat
persistence_zero_change,2025-01-27,-0.09999999999999964,0.0,0,1,9.999999999999964,9.999999999999964,fall,flat
persistence_zero_change,2025-01-28,0.019999999999999574,0.0,2,1,1.9999999999999574,-1.9999999999999574,rise,flat
persistence_zero_change,2025-01-29,0.0,0.0,1,1,0.0,0.0,flat,flat
persistence_zero_change,2025-01-30,-0.03000000000000025,0.0,0,1,3.000000000000025,3.000000000000025,fall,flat
persistence_zero_change,2025-01-31,0.0600000000000005,0.0,2,1,6.00000000000005,-6.00000000000005,rise,flat
persistence_zero_change,2025-02-03,-0.040000000000000036,0.0,0,1,4.0000000000000036,4.0000000000000036,fall,flat
persistence_zero_change,2025-02-04,-0.020000000000000462,0.0,0,1,2.000000000000046,2.000000000000046,fall,flat
persistence_zero_change,2025-02-05,-0.08999999999999986,0.0,0,1,8.999999999999986,8.999999999999986,fall,flat
persistence_zero_change,2025-02-06,0.020000000000000462,0.0,2,1,2.000000000000046,-2.000000000000046,rise,flat
persistence_zero_change,2025-02-07,0.040000000000000036,0.0,2,1,4.0000000000000036,-4.0000000000000036,rise,flat
persistence_zero_change,2025-02-10,0.019999999999999574,0.0,2,1,1.9999999999999574,-1.9999999999999574,rise,flat
persistence_zero_change,2025-02-11,0.03000000000000025,0.0,2,1,3.000000000000025,-3.000000000000025,rise,flat
persistence_zero_change,2025-02-12,0.08000000000000007,0.0,2,1,8.000000000000007,-8.000000000000007,rise,flat
persistence_zero_change,2025-02-13,-0.10000000000000053,0.0,0,1,10.000000000000053,10.000000000000053,fall,flat
persistence_zero_change,2025-02-14,-0.04999999999999982,0.0,0,1,4.999999999999982,4.999999999999982,fall,flat
persistence_zero_change,2025-02-18,0.08000000000000007,0.0,2,1,8.000000000000007,-8.000000000000007,rise,flat
persistence_zero_change,2025-02-19,-0.019999999999999574,0.0,0,1,1.9999999999999574,1.9999999999999574,fall,flat
persistence_zero_change,2025-02-20,-0.03000000000000025,0.0,0,1,3.000000000000025,3.000000000000025,fall,flat
persistence_zero_change,2025-02-21,-0.08000000000000007,0.0,0,1,8.000000000000007,8.000000000000007,fall,flat
persistence_zero_change,2025-02-24,-0.019999999999999574,0.0,0,1,1.9999999999999574,1.9999999999999574,fall,flat
persistence_zero_change,2025-02-25,-0.10000000000000053,0.0,0,1,10.000000000000053,10.000000000000053,fall,flat
persistence_zero_change,2025-02-26,-0.04999999999999982,0.0,0,1,4.999999999999982,4.999999999999982,fall,flat
persistence_zero_change,2025-02-27,0.040000000000000036,0.0,2,1,4.0000000000000036,-4.0000000000000036,rise,flat
persistence_zero_change,2025-02-28,-0.04999999999999982,0.0,0,1,4.999999999999982,4.999999999999982,fall,flat
persistence_zero_change,2025-03-03,-0.08000000000000007,0.0,0,1,8.000000000000007,8.000000000000007,fall,flat
persistence_zero_change,2025-03-04,0.05999999999999961,0.0,2,1,5.999999999999961,-5.999999999999961,rise,flat
persistence_zero_change,2025-03-05,0.0600000000000005,0.0,2,1,6.00000000000005,-6.00000000000005,rise,flat
persistence_zero_change,2025-03-06,0.009999999999999787,0.0,1,1,0.9999999999999787,-0.9999999999999787,flat,flat
persistence_zero_change,2025-03-07,0.03000000000000025,0.0,2,1,3.000000000000025,-3.000000000000025,rise,flat
persistence_zero_change,2025-03-10,-0.10000000000000053,0.0,0,1,10.000000000000053,10.000000000000053,fall,flat
persistence_zero_change,2025-03-11,0.0600000000000005,0.0,2,1,6.00000000000005,-6.00000000000005,rise,flat
persistence_zero_change,2025-03-12,0.040000000000000036,0.0,2,1,4.0000000000000036,-4.0000000000000036,rise,flat
persistence_zero_change,2025-03-13,-0.05000000000000071,0.0,0,1,5.000000000000071,5.000000000000071,fall,flat
persistence_zero_change,2025-03-14,0.040000000000000036,0.0,2,1,4.0000000000000036,-4.0000000000000036,rise,flat
persistence_zero_change,2025-03-17,0.0,0.0,1,1,0.0,0.0,flat,flat
persistence_zero_change,2025-03-18,-0.019999999999999574,0.0,0,1,1.9999999999999574,1.9999999999999574,fall,flat
persistence_zero_change,2025-03-19,-0.040000000000000036,0.0,0,1,4.0000000000000036,4.0000000000000036,fall,flat
persistence_zero_change,2025-03-20,-0.009999999999999787,0.0,1,1,0.9999999999999787,0.9999999999999787,flat,flat
persistence_zero_change,2025-03-21,0.009999999999999787,0.0,1,1,0.9999999999999787,-0.9999999999999787,flat,flat
persistence_zero_change,2025-03-24,0.08999999999999986,0.0,2,1,8.999999999999986,-8.999999999999986,rise,flat
persistence_zero_change,2025-03-25,-0.03000000000000025,0.0,0,1,3.000000000000025,3.000000000000025,fall,flat
persistence_zero_change,2025-03-26,0.040000000000000036,0.0,2,1,4.0000000000000036,-4.0000000000000036,rise,flat
persistence_zero_change,2025-03-27,0.03000000000000025,0.0,2,1,3.000000000000025,-3.000000000000025,rise,flat
persistence_zero_change,2025-03-28,-0.11000000000000032,0.0,0,1,11.000000000000032,11.000000000000032,fall,flat
persistence_zero_change,2025-03-31,-0.03999999999999915,0.0,0,1,3.9999999999999147,3.9999999999999147,fall,flat
persistence_zero_change,2025-04-01,-0.0600000000000005,0.0,0,1,6.00000000000005,6.00000000000005,fall,flat
persistence_zero_change,2025-04-02,0.03000000000000025,0.0,2,1,3.000000000000025,-3.000000000000025,rise,flat
persistence_zero_change,2025-04-03,-0.14000000000000057,0.0,0,1,14.000000000000057,14.000000000000057,fall,flat
persistence_zero_change,2025-04-04,-0.04999999999999982,0.0,0,1,4.999999999999982,4.999999999999982,fall,flat
persistence_zero_change,2025-04-07,0.14000000000000057,0.0,2,1,14.000000000000057,-14.000000000000057,rise,flat
persistence_zero_change,2025-04-08,0.10999999999999943,0.0,2,1,10.999999999999943,-10.999999999999943,rise,flat
persistence_zero_change,2025-04-09,0.08000000000000007,0.0,2,1,8.000000000000007,-8.000000000000007,rise,flat
persistence_zero_change,2025-04-10,0.0600000000000005,0.0,2,1,6.00000000000005,-6.00000000000005,rise,flat
persistence_zero_change,2025-04-11,0.08000000000000007,0.0,2,1,8.000000000000007,-8.000000000000007,rise,flat
persistence_zero_change,2025-04-14,-0.10000000000000053,0.0,0,1,10.000000000000053,10.000000000000053,fall,flat
persistence_zero_change,2025-04-15,-0.03000000000000025,0.0,0,1,3.000000000000025,3.000000000000025,fall,flat
persistence_zero_change,2025-04-16,-0.05999999999999961,0.0,0,1,5.999999999999961,5.999999999999961,fall,flat
persistence_zero_change,2025-04-17,0.04999999999999982,0.0,2,1,4.999999999999982,-4.999999999999982,rise,flat
persistence_zero_change,2025-04-21,0.08000000000000007,0.0,2,1,8.000000000000007,-8.000000000000007,rise,flat
persistence_zero_change,2025-04-22,-0.009999999999999787,0.0,1,1,0.9999999999999787,0.9999999999999787,flat,flat
persistence_zero_change,2025-04-23,-0.009999999999999787,0.0,1,1,0.9999999999999787,0.9999999999999787,flat,flat
persistence_zero_change,2025-04-24,-0.08000000000000007,0.0,0,1,8.000000000000007,8.000000000000007,fall,flat
persistence_zero_change,2025-04-25,-0.03000000000000025,0.0,0,1,3.000000000000025,3.000000000000025,fall,flat
persistence_zero_change,2025-04-28,-0.05999999999999961,0.0,0,1,5.999999999999961,5.999999999999961,fall,flat
persistence_zero_change,2025-04-29,-0.040000000000000036,0.0,0,1,4.0000000000000036,4.0000000000000036,fall,flat
persistence_zero_change,2025-04-30,-0.020000000000000462,0.0,0,1,2.000000000000046,2.000000000000046,fall,flat
persistence_zero_change,2025-05-01,0.08000000000000007,0.0,2,1,8.000000000000007,-8.000000000000007,rise,flat
persistence_zero_change,2025-05-02,0.08000000000000007,0.0,2,1,8.000000000000007,-8.000000000000007,rise,flat
persistence_zero_change,2025-05-05,0.03000000000000025,0.0,2,1,3.000000000000025,-3.000000000000025,rise,flat
persistence_zero_change,2025-05-06,-0.0600000000000005,0.0,0,1,6.00000000000005,6.00000000000005,fall,flat
persistence_zero_change,2025-05-07,-0.040000000000000036,0.0,0,1,4.0000000000000036,4.0000000000000036,fall,flat
persistence_zero_change,2025-05-08,0.11000000000000032,0.0,2,1,11.000000000000032,-11.000000000000032,rise,flat
persistence_zero_change,2025-05-09,0.0,0.0,1,1,0.0,0.0,flat,flat
persistence_zero_change,2025-05-12,0.08000000000000007,0.0,2,1,8.000000000000007,-8.000000000000007,rise,flat
persistence_zero_change,2025-05-13,0.040000000000000036,0.0,2,1,4.0000000000000036,-4.0000000000000036,rise,flat
persistence_zero_change,2025-05-14,0.040000000000000036,0.0,2,1,4.0000000000000036,-4.0000000000000036,rise,flat
persistence_zero_change,2025-05-15,-0.08000000000000007,0.0,0,1,8.000000000000007,8.000000000000007,fall,flat
persistence_zero_change,2025-05-16,-0.020000000000000462,0.0,0,1,2.000000000000046,2.000000000000046,fall,flat
persistence_zero_change,2025-05-19,0.03000000000000025,0.0,2,1,3.000000000000025,-3.000000000000025,rise,flat
persistence_zero_change,2025-05-20,0.020000000000000462,0.0,2,1,2.000000000000046,-2.000000000000046,rise,flat
persistence_zero_change,2025-05-21,0.09999999999999964,0.0,2,1,9.999999999999964,-9.999999999999964,rise,flat
persistence_zero_change,2025-05-22,-0.040000000000000036,0.0,0,1,4.0000000000000036,4.0000000000000036,fall,flat
persistence_zero_change,2025-05-23,-0.03000000000000025,0.0,0,1,3.000000000000025,3.000000000000025,fall,flat
persistence_zero_change,2025-05-27,-0.08000000000000007,0.0,0,1,8.000000000000007,8.000000000000007,fall,flat
persistence_zero_change,2025-05-28,0.040000000000000036,0.0,2,1,4.0000000000000036,-4.0000000000000036,rise,flat
persistence_zero_change,2025-05-29,-0.040000000000000036,0.0,0,1,4.0000000000000036,4.0000000000000036,fall,flat
persistence_zero_change,2025-05-30,-0.019999999999999574,0.0,0,1,1.9999999999999574,1.9999999999999574,fall,flat
persistence_zero_change,2025-06-02,0.04999999999999982,0.0,2,1,4.999999999999982,-4.999999999999982,rise,flat
persistence_zero_change,2025-06-03,0.0,0.0,1,1,0.0,0.0,flat,flat
persistence_zero_change,2025-06-04,-0.08999999999999986,0.0,0,1,8.999999999999986,8.999999999999986,fall,flat
persistence_zero_change,2025-06-05,0.03000000000000025,0.0,2,1,3.000000000000025,-3.000000000000025,rise,flat
persistence_zero_change,2025-06-06,0.10999999999999943,0.0,2,1,10.999999999999943,-10.999999999999943,rise,flat
persistence_zero_change,2025-06-09,-0.019999999999999574,0.0,0,1,1.9999999999999574,1.9999999999999574,fall,flat
persistence_zero_change,2025-06-10,-0.020000000000000462,0.0,0,1,2.000000000000046,2.000000000000046,fall,flat
persistence_zero_change,2025-06-11,-0.05999999999999961,0.0,0,1,5.999999999999961,5.999999999999961,fall,flat
persistence_zero_change,2025-06-12,-0.04999999999999982,0.0,0,1,4.999999999999982,4.999999999999982,fall,flat
persistence_zero_change,2025-06-13,0.04999999999999982,0.0,2,1,4.999999999999982,-4.999999999999982,rise,flat
persistence_zero_change,2025-06-16,0.04999999999999982,0.0,2,1,4.999999999999982,-4.999999999999982,rise,flat
persistence_zero_change,2025-06-17,-0.07000000000000028,0.0,0,1,7.000000000000028,7.000000000000028,fall,flat
persistence_zero_change,2025-06-18,-0.009999999999999787,0.0,1,1,0.9999999999999787,0.9999999999999787,flat,flat
persistence_zero_change,2025-06-20,0.0,0.0,1,1,0.0,0.0,flat,flat
persistence_zero_change,2025-06-23,-0.040000000000000036,0.0,0,1,4.0000000000000036,4.0000000000000036,fall,flat
persistence_zero_change,2025-06-24,-0.040000000000000036,0.0,0,1,4.0000000000000036,4.0000000000000036,fall,flat
persistence_zero_change,2025-06-25,-0.009999999999999787,0.0,1,1,0.9999999999999787,0.9999999999999787,flat,flat
persistence_zero_change,2025-06-26,-0.03000000000000025,0.0,0,1,3.000000000000025,3.000000000000025,fall,flat
persistence_zero_change,2025-06-27,0.03000000000000025,0.0,2,1,3.000000000000025,-3.000000000000025,rise,flat
persistence_zero_change,2025-06-30,-0.04999999999999982,0.0,0,1,4.999999999999982,4.999999999999982,fall,flat
persistence_zero_change,2025-07-01,0.019999999999999574,0.0,2,1,1.9999999999999574,-1.9999999999999574,rise,flat
persistence_zero_change,2025-07-02,0.040000000000000036,0.0,2,1,4.0000000000000036,-4.0000000000000036,rise,flat
persistence_zero_change,2025-07-03,0.04999999999999982,0.0,2,1,4.999999999999982,-4.999999999999982,rise,flat
persistence_zero_change,2025-07-07,0.05000000000000071,0.0,2,1,5.000000000000071,-5.000000000000071,rise,flat
persistence_zero_change,2025-07-08,0.019999999999999574,0.0,2,1,1.9999999999999574,-1.9999999999999574,rise,flat
persistence_zero_change,2025-07-09,-0.08000000000000007,0.0,0,1,8.000000000000007,8.000000000000007,fall,flat
persistence_zero_change,2025-07-10,0.009999999999999787,0.0,1,1,0.9999999999999787,-0.9999999999999787,flat,flat
persistence_zero_change,2025-07-11,0.08000000000000007,0.0,2,1,8.000000000000007,-8.000000000000007,rise,flat
persistence_zero_change,2025-07-14,0.0,0.0,1,1,0.0,0.0,flat,flat
persistence_zero_change,2025-07-15,0.07000000000000028,0.0,2,1,7.000000000000028,-7.000000000000028,rise,flat
persistence_zero_change,2025-07-16,-0.040000000000000036,0.0,0,1,4.0000000000000036,4.0000000000000036,fall,flat
persistence_zero_change,2025-07-17,0.009999999999999787,0.0,1,1,0.9999999999999787,-0.9999999999999787,flat,flat
persistence_zero_change,2025-07-18,-0.02999999999999936,0.0,0,1,2.999999999999936,2.999999999999936,fall,flat
persistence_zero_change,2025-07-21,-0.0600000000000005,0.0,0,1,6.00000000000005,6.00000000000005,fall,flat
persistence_zero_change,2025-07-22,-0.03000000000000025,0.0,0,1,3.000000000000025,3.000000000000025,fall,flat
persistence_zero_change,2025-07-23,0.05000000000000071,0.0,2,1,5.000000000000071,-5.000000000000071,rise,flat
persistence_zero_change,2025-07-24,0.02999999999999936,0.0,2,1,2.999999999999936,-2.999999999999936,rise,flat
persistence_zero_change,2025-07-25,-0.02999999999999936,0.0,0,1,2.999999999999936,2.999999999999936,fall,flat
persistence_zero_change,2025-07-28,0.019999999999999574,0.0,2,1,1.9999999999999574,-1.9999999999999574,rise,flat
persistence_zero_change,2025-07-29,-0.08000000000000007,0.0,0,1,8.000000000000007,8.000000000000007,fall,flat
persistence_zero_change,2025-07-30,0.040000000000000036,0.0,2,1,4.0000000000000036,-4.0000000000000036,rise,flat
persistence_zero_change,2025-07-31,-0.009999999999999787,0.0,1,1,0.9999999999999787,0.9999999999999787,flat,flat
persistence_zero_change,2025-08-01,-0.13999999999999968,0.0,0,1,13.999999999999968,13.999999999999968,fall,flat
persistence_zero_change,2025-08-04,-0.010000000000000675,0.0,0,1,1.0000000000000675,1.0000000000000675,fall,flat
persistence_zero_change,2025-08-05,0.0,0.0,1,1,0.0,0.0,flat,flat
persistence_zero_change,2025-08-06,0.0,0.0,1,1,0.0,0.0,flat,flat
persistence_zero_change,2025-08-07,0.010000000000000675,0.0,2,1,1.0000000000000675,-1.0000000000000675,rise,flat
persistence_zero_change,2025-08-08,0.03999999999999915,0.0,2,1,3.9999999999999147,-3.9999999999999147,rise,flat
persistence_zero_change,2025-08-11,0.0,0.0,1,1,0.0,0.0,flat,flat
persistence_zero_change,2025-08-12,0.020000000000000462,0.0,2,1,2.000000000000046,-2.000000000000046,rise,flat
persistence_zero_change,2025-08-13,-0.04999999999999982,0.0,0,1,4.999999999999982,4.999999999999982,fall,flat
persistence_zero_change,2025-08-14,0.04999999999999982,0.0,2,1,4.999999999999982,-4.999999999999982,rise,flat
persistence_zero_change,2025-08-15,0.040000000000000036,0.0,2,1,4.0000000000000036,-4.0000000000000036,rise,flat
persistence_zero_change,2025-08-18,0.009999999999999787,0.0,1,1,0.9999999999999787,-0.9999999999999787,flat,flat
persistence_zero_change,2025-08-19,-0.040000000000000036,0.0,0,1,4.0000000000000036,4.0000000000000036,fall,flat
persistence_zero_change,2025-08-20,-0.009999999999999787,0.0,1,1,0.9999999999999787,0.9999999999999787,flat,flat
persistence_zero_change,2025-08-21,0.040000000000000036,0.0,2,1,4.0000000000000036,-4.0000000000000036,rise,flat
persistence_zero_change,2025-08-22,-0.07000000000000028,0.0,0,1,7.000000000000028,7.000000000000028,fall,flat
persistence_zero_change,2025-08-25,0.020000000000000462,0.0,2,1,2.000000000000046,-2.000000000000046,rise,flat
persistence_zero_change,2025-08-26,-0.020000000000000462,0.0,0,1,2.000000000000046,2.000000000000046,fall,flat
persistence_zero_change,2025-08-27,-0.019999999999999574,0.0,0,1,1.9999999999999574,1.9999999999999574,fall,flat
persistence_zero_change,2025-08-28,-0.020000000000000462,0.0,0,1,2.000000000000046,2.000000000000046,fall,flat
persistence_zero_change,2025-08-29,0.010000000000000675,0.0,2,1,1.0000000000000675,-1.0000000000000675,rise,flat
persistence_zero_change,2025-09-02,0.04999999999999982,0.0,2,1,4.999999999999982,-4.999999999999982,rise,flat
persistence_zero_change,2025-09-03,-0.0600000000000005,0.0,0,1,6.00000000000005,6.00000000000005,fall,flat
persistence_zero_change,2025-09-04,-0.04999999999999982,0.0,0,1,4.999999999999982,4.999999999999982,fall,flat
persistence_zero_change,2025-09-05,-0.07000000000000028,0.0,0,1,7.000000000000028,7.000000000000028,fall,flat
persistence_zero_change,2025-09-08,-0.04999999999999982,0.0,0,1,4.999999999999982,4.999999999999982,fall,flat
persistence_zero_change,2025-09-09,0.03000000000000025,0.0,2,1,3.000000000000025,-3.000000000000025,rise,flat
persistence_zero_change,2025-09-10,-0.040000000000000036,0.0,0,1,4.0000000000000036,4.0000000000000036,fall,flat
persistence_zero_change,2025-09-11,-0.03000000000000025,0.0,0,1,3.000000000000025,3.000000000000025,fall,flat
persistence_zero_change,2025-09-12,0.04999999999999982,0.0,2,1,4.999999999999982,-4.999999999999982,rise,flat
persistence_zero_change,2025-09-15,-0.009999999999999787,0.0,1,1,0.9999999999999787,0.9999999999999787,flat,flat
persistence_zero_change,2025-09-16,-0.009999999999999787,0.0,1,1,0.9999999999999787,0.9999999999999787,flat,flat
persistence_zero_change,2025-09-17,0.019999999999999574,0.0,2,1,1.9999999999999574,-1.9999999999999574,rise,flat
persistence_zero_change,2025-09-18,0.05000000000000071,0.0,2,1,5.000000000000071,-5.000000000000071,rise,flat
persistence_zero_change,2025-09-19,0.02999999999999936,0.0,2,1,2.999999999999936,-2.999999999999936,rise,flat
persistence_zero_change,2025-09-22,0.010000000000000675,0.0,2,1,1.0000000000000675,-1.0000000000000675,rise,flat
persistence_zero_change,2025-09-23,-0.03000000000000025,0.0,0,1,3.000000000000025,3.000000000000025,fall,flat
persistence_zero_change,2025-09-24,0.040000000000000036,0.0,2,1,4.0000000000000036,-4.0000000000000036,rise,flat
persistence_zero_change,2025-09-25,0.019999999999999574,0.0,2,1,1.9999999999999574,-1.9999999999999574,rise,flat
persistence_zero_change,2025-09-26,0.020000000000000462,0.0,2,1,2.000000000000046,-2.000000000000046,rise,flat
persistence_zero_change,2025-09-29,-0.04999999999999982,0.0,0,1,4.999999999999982,4.999999999999982,fall,flat
persistence_zero_change,2025-09-30,0.009999999999999787,0.0,1,1,0.9999999999999787,-0.9999999999999787,flat,flat
persistence_zero_change,2025-10-01,-0.040000000000000036,0.0,0,1,4.0000000000000036,4.0000000000000036,fall,flat
persistence_zero_change,2025-10-02,-0.020000000000000462,0.0,0,1,2.000000000000046,2.000000000000046,fall,flat
persistence_zero_change,2025-10-03,0.03000000000000025,0.0,2,1,3.000000000000025,-3.000000000000025,rise,flat
persistence_zero_change,2025-10-06,0.04999999999999982,0.0,2,1,4.999999999999982,-4.999999999999982,rise,flat
persistence_zero_change,2025-10-07,-0.040000000000000036,0.0,0,1,4.0000000000000036,4.0000000000000036,fall,flat
persistence_zero_change,2025-10-08,-0.009999999999999787,0.0,1,1,0.9999999999999787,0.9999999999999787,flat,flat
persistence_zero_change,2025-10-09,0.009999999999999787,0.0,1,1,0.9999999999999787,-0.9999999999999787,flat,flat
persistence_zero_change,2025-10-10,-0.08999999999999986,0.0,0,1,8.999999999999986,8.999999999999986,fall,flat
persistence_zero_change,2025-10-14,-0.019999999999999574,0.0,0,1,1.9999999999999574,1.9999999999999574,fall,flat
persistence_zero_change,2025-10-15,0.019999999999999574,0.0,2,1,1.9999999999999574,-1.9999999999999574,rise,flat
persistence_zero_change,2025-10-16,-0.05999999999999961,0.0,0,1,5.999999999999961,5.999999999999961,fall,flat
persistence_zero_change,2025-10-17,0.02999999999999936,0.0,2,1,2.999999999999936,-2.999999999999936,rise,flat
persistence_zero_change,2025-10-20,-0.019999999999999574,0.0,0,1,1.9999999999999574,1.9999999999999574,fall,flat
persistence_zero_change,2025-10-21,-0.020000000000000018,0.0,0,1,2.0000000000000018,2.0000000000000018,fall,flat
persistence_zero_change,2025-10-22,-0.009999999999999787,0.0,1,1,0.9999999999999787,0.9999999999999787,flat,flat
persistence_zero_change,2025-10-23,0.03999999999999959,0.0,2,1,3.999999999999959,-3.999999999999959,rise,flat
persistence_zero_change,2025-10-24,0.009999999999999787,0.0,1,1,0.9999999999999787,-0.9999999999999787,flat,flat
persistence_zero_change,2025-10-27,-0.009999999999999787,0.0,1,1,0.9999999999999787,0.9999999999999787,flat,flat
persistence_zero_change,2025-10-28,-0.019999999999999574,0.0,0,1,1.9999999999999574,1.9999999999999574,fall,flat
persistence_zero_change,2025-10-29,0.08999999999999986,0.0,2,1,8.999999999999986,-8.999999999999986,rise,flat
persistence_zero_change,2025-10-30,0.03000000000000025,0.0,2,1,3.000000000000025,-3.000000000000025,rise,flat
persistence_zero_change,2025-10-31,0.0,0.0,1,1,0.0,0.0,flat,flat
persistence_zero_change,2025-11-03,0.019999999999999574,0.0,2,1,1.9999999999999574,-1.9999999999999574,rise,flat
persistence_zero_change,2025-11-04,-0.03000000000000025,0.0,0,1,3.000000000000025,3.000000000000025,fall,flat
persistence_zero_change,2025-11-05,0.07000000000000028,0.0,2,1,7.000000000000028,-7.000000000000028,rise,flat
persistence_zero_change,2025-11-06,-0.05999999999999961,0.0,0,1,5.999999999999961,5.999999999999961,fall,flat
persistence_zero_change,2025-11-07,0.0,0.0,1,1,0.0,0.0,flat,flat
persistence_zero_change,2025-11-10,0.019999999999999574,0.0,2,1,1.9999999999999574,-1.9999999999999574,rise,flat
persistence_zero_change,2025-11-12,-0.04999999999999982,0.0,0,1,4.999999999999982,4.999999999999982,fall,flat
persistence_zero_change,2025-11-13,0.03000000000000025,0.0,2,1,3.000000000000025,-3.000000000000025,rise,flat
persistence_zero_change,2025-11-14,0.02999999999999936,0.0,2,1,2.999999999999936,-2.999999999999936,rise,flat
persistence_zero_change,2025-11-17,-0.009999999999999787,0.0,1,1,0.9999999999999787,0.9999999999999787,flat,flat
persistence_zero_change,2025-11-18,-0.009999999999999787,0.0,1,1,0.9999999999999787,0.9999999999999787,flat,flat
persistence_zero_change,2025-11-19,0.009999999999999787,0.0,1,1,0.9999999999999787,-0.9999999999999787,flat,flat
persistence_zero_change,2025-11-20,-0.03000000000000025,0.0,0,1,3.000000000000025,3.000000000000025,fall,flat
persistence_zero_change,2025-11-21,-0.040000000000000036,0.0,0,1,4.0000000000000036,4.0000000000000036,fall,flat
persistence_zero_change,2025-11-24,-0.019999999999999574,0.0,0,1,1.9999999999999574,1.9999999999999574,fall,flat
persistence_zero_change,2025-11-25,-0.03000000000000025,0.0,0,1,3.000000000000025,3.000000000000025,fall,flat
persistence_zero_change,2025-11-26,-0.009999999999999787,0.0,1,1,0.9999999999999787,0.9999999999999787,flat,flat
persistence_zero_change,2025-11-28,0.019999999999999574,0.0,2,1,1.9999999999999574,-1.9999999999999574,rise,flat
persistence_zero_change,2025-12-01,0.07000000000000028,0.0,2,1,7.000000000000028,-7.000000000000028,rise,flat
persistence_zero_change,2025-12-02,0.0,0.0,1,1,0.0,0.0,flat,flat
persistence_zero_change,2025-12-03,-0.03000000000000025,0.0,0,1,3.000000000000025,3.000000000000025,fall,flat
persistence_zero_change,2025-12-04,0.05000000000000071,0.0,2,1,5.000000000000071,-5.000000000000071,rise,flat
persistence_zero_change,2025-12-05,0.02999999999999936,0.0,2,1,2.999999999999936,-2.999999999999936,rise,flat
persistence_zero_change,2025-12-08,0.03000000000000025,0.0,2,1,3.000000000000025,-3.000000000000025,rise,flat
persistence_zero_change,2025-12-09,0.009999999999999787,0.0,1,1,0.9999999999999787,-0.9999999999999787,flat,flat
persistence_zero_change,2025-12-10,-0.04999999999999982,0.0,0,1,4.999999999999982,4.999999999999982,fall,flat
persistence_zero_change,2025-12-11,0.009999999999999787,0.0,1,1,0.9999999999999787,-0.9999999999999787,flat,flat
persistence_zero_change,2025-12-12,0.05000000000000071,0.0,2,1,5.000000000000071,-5.000000000000071,rise,flat
persistence_zero_change,2025-12-15,-0.010000000000000675,0.0,0,1,1.0000000000000675,1.0000000000000675,fall,flat
persistence_zero_change,2025-12-16,-0.02999999999999936,0.0,0,1,2.999999999999936,2.999999999999936,fall,flat
persistence_zero_change,2025-12-17,0.009999999999999787,0.0,1,1,0.9999999999999787,-0.9999999999999787,flat,flat
persistence_zero_change,2025-12-18,-0.040000000000000036,0.0,0,1,4.0000000000000036,4.0000000000000036,fall,flat
persistence_zero_change,2025-12-19,0.040000000000000036,0.0,2,1,4.0000000000000036,-4.0000000000000036,rise,flat
persistence_zero_change,2025-12-22,0.009999999999999787,0.0,1,1,0.9999999999999787,-0.9999999999999787,flat,flat
persistence_zero_change,2025-12-23,0.009999999999999787,0.0,1,1,0.9999999999999787,-0.9999999999999787,flat,flat
persistence_zero_change,2025-12-24,-0.02999999999999936,0.0,0,1,2.999999999999936,2.999999999999936,fall,flat
persistence_zero_change,2025-12-26,-0.010000000000000675,0.0,0,1,1.0000000000000675,1.0000000000000675,fall,flat
persistence_zero_change,2025-12-29,-0.019999999999999574,0.0,0,1,1.9999999999999574,1.9999999999999574,fall,flat
persistence_zero_change,2025-12-30,0.019999999999999574,0.0,2,1,1.9999999999999574,-1.9999999999999574,rise,flat
persistence_zero_change,2025-12-31,0.040000000000000036,0.0,2,1,4.0000000000000036,-4.0000000000000036,rise,flat
persistence_zero_change,2026-01-02,0.010000000000000675,0.0,2,1,1.0000000000000675,-1.0000000000000675,rise,flat
persistence_zero_change,2026-01-05,-0.020000000000000462,0.0,0,1,2.000000000000046,2.000000000000046,fall,flat
persistence_zero_change,2026-01-06,0.009999999999999787,0.0,1,1,0.9999999999999787,-0.9999999999999787,flat,flat
persistence_zero_change,2026-01-07,-0.02999999999999936,0.0,0,1,2.999999999999936,2.999999999999936,fall,flat
persistence_zero_change,2026-01-08,0.040000000000000036,0.0,2,1,4.0000000000000036,-4.0000000000000036,rise,flat
persistence_zero_change,2026-01-09,-0.010000000000000675,0.0,0,1,1.0000000000000675,1.0000000000000675,fall,flat
persistence_zero_change,2026-01-12,0.010000000000000675,0.0,2,1,1.0000000000000675,-1.0000000000000675,rise,flat
persistence_zero_change,2026-01-13,-0.010000000000000675,0.0,0,1,1.0000000000000675,1.0000000000000675,fall,flat
persistence_zero_change,2026-01-14,-0.02999999999999936,0.0,0,1,2.999999999999936,2.999999999999936,fall,flat
persistence_zero_change,2026-01-15,0.019999999999999574,0.0,2,1,1.9999999999999574,-1.9999999999999574,rise,flat
persistence_zero_change,2026-01-16,0.07000000000000028,0.0,2,1,7.000000000000028,-7.000000000000028,rise,flat
persistence_zero_change,2026-01-20,0.05999999999999961,0.0,2,1,5.999999999999961,-5.999999999999961,rise,flat
persistence_zero_change,2026-01-21,-0.040000000000000036,0.0,0,1,4.0000000000000036,4.0000000000000036,fall,flat
persistence_zero_change,2026-01-22,0.0,0.0,1,1,0.0,0.0,flat,flat
persistence_zero_change,2026-01-23,-0.019999999999999574,0.0,0,1,1.9999999999999574,1.9999999999999574,fall,flat
persistence_zero_change,2026-01-26,-0.020000000000000462,0.0,0,1,2.000000000000046,2.000000000000046,fall,flat
persistence_zero_change,2026-01-27,0.020000000000000462,0.0,2,1,2.000000000000046,-2.000000000000046,rise,flat
persistence_zero_change,2026-01-28,0.019999999999999574,0.0,2,1,1.9999999999999574,-1.9999999999999574,rise,flat
persistence_zero_change,2026-01-29,-0.019999999999999574,0.0,0,1,1.9999999999999574,1.9999999999999574,fall,flat
persistence_zero_change,2026-01-30,0.019999999999999574,0.0,2,1,1.9999999999999574,-1.9999999999999574,rise,flat
persistence_zero_change,2026-02-02,0.03000000000000025,0.0,2,1,3.000000000000025,-3.000000000000025,rise,flat
persistence_zero_change,2026-02-03,-0.009999999999999787,0.0,1,1,0.9999999999999787,0.9999999999999787,flat,flat
persistence_zero_change,2026-02-04,0.009999999999999787,0.0,1,1,0.9999999999999787,-0.9999999999999787,flat,flat
persistence_zero_change,2026-02-05,-0.08000000000000007,0.0,0,1,8.000000000000007,8.000000000000007,fall,flat
persistence_zero_change,2026-02-06,0.009999999999999787,0.0,1,1,0.9999999999999787,-0.9999999999999787,flat,flat
persistence_zero_change,2026-02-09,0.0,0.0,1,1,0.0,0.0,flat,flat
persistence_zero_change,2026-02-10,-0.05999999999999961,0.0,0,1,5.999999999999961,5.999999999999961,fall,flat
persistence_zero_change,2026-02-11,0.019999999999999574,0.0,2,1,1.9999999999999574,-1.9999999999999574,rise,flat
persistence_zero_change,2026-02-12,-0.08999999999999986,0.0,0,1,8.999999999999986,8.999999999999986,fall,flat
persistence_zero_change,2026-02-13,-0.04999999999999982,0.0,0,1,4.999999999999982,4.999999999999982,fall,flat
persistence_zero_change,2026-02-17,0.009999999999999787,0.0,1,1,0.9999999999999787,-0.9999999999999787,flat,flat
persistence_zero_change,2026-02-18,0.040000000000000036,0.0,2,1,4.0000000000000036,-4.0000000000000036,rise,flat
persistence_zero_change,2026-02-19,-0.009999999999999787,0.0,1,1,0.9999999999999787,0.9999999999999787,flat,flat
persistence_zero_change,2026-02-20,0.0,0.0,1,1,0.0,0.0,flat,flat
persistence_zero_change,2026-02-23,-0.04999999999999982,0.0,0,1,4.999999999999982,4.999999999999982,fall,flat
persistence_zero_change,2026-02-24,0.009999999999999787,0.0,1,1,0.9999999999999787,-0.9999999999999787,flat,flat
persistence_zero_change,2026-02-25,0.009999999999999787,0.0,1,1,0.9999999999999787,-0.9999999999999787,flat,flat
persistence_zero_change,2026-02-26,-0.03000000000000025,0.0,0,1,3.000000000000025,3.000000000000025,fall,flat
persistence_zero_change,2026-02-27,-0.04999999999999938,0.0,0,1,4.999999999999938,4.999999999999938,fall,flat
persistence_zero_change,2026-03-02,0.07999999999999963,0.0,2,1,7.999999999999963,-7.999999999999963,rise,flat
persistence_zero_change,2026-03-03,0.009999999999999787,0.0,1,1,0.9999999999999787,-0.9999999999999787,flat,flat
persistence_zero_change,2026-03-04,0.03000000000000025,0.0,2,1,3.000000000000025,-3.000000000000025,rise,flat
persistence_zero_change,2026-03-05,0.040000000000000036,0.0,2,1,4.0000000000000036,-4.0000000000000036,rise,flat
persistence_zero_change,2026-03-06,0.020000000000000462,0.0,2,1,2.000000000000046,-2.000000000000046,rise,flat
persistence_zero_change,2026-03-09,-0.03000000000000025,0.0,0,1,3.000000000000025,3.000000000000025,fall,flat
persistence_zero_change,2026-03-10,0.03000000000000025,0.0,2,1,3.000000000000025,-3.000000000000025,rise,flat
persistence_zero_change,2026-03-11,0.05999999999999961,0.0,2,1,5.999999999999961,-5.999999999999961,rise,flat
persistence_zero_change,2026-03-12,0.05999999999999961,0.0,2,1,5.999999999999961,-5.999999999999961,rise,flat
persistence_zero_change,2026-03-13,0.010000000000000675,0.0,2,1,1.0000000000000675,-1.0000000000000675,rise,flat
persistence_zero_change,2026-03-16,-0.04999999999999982,0.0,0,1,4.999999999999982,4.999999999999982,fall,flat
persistence_zero_change,2026-03-17,-0.03000000000000025,0.0,0,1,3.000000000000025,3.000000000000025,fall,flat
persistence_zero_change,2026-03-18,0.05999999999999961,0.0,2,1,5.999999999999961,-5.999999999999961,rise,flat
persistence_zero_change,2026-03-19,-0.009999999999999787,0.0,1,1,0.9999999999999787,0.9999999999999787,flat,flat
persistence_zero_change,2026-03-20,0.13999999999999968,0.0,2,1,13.999999999999968,-13.999999999999968,rise,flat
persistence_zero_change,2026-03-23,-0.04999999999999982,0.0,0,1,4.999999999999982,4.999999999999982,fall,flat
persistence_zero_change,2026-03-24,0.04999999999999982,0.0,2,1,4.999999999999982,-4.999999999999982,rise,flat
persistence_zero_change,2026-03-25,-0.05999999999999961,0.0,0,1,5.999999999999961,5.999999999999961,fall,flat
persistence_zero_change,2026-03-26,0.08999999999999986,0.0,2,1,8.999999999999986,-8.999999999999986,rise,flat
persistence_zero_change,2026-03-27,0.020000000000000462,0.0,2,1,2.000000000000046,-2.000000000000046,rise,flat
persistence_zero_change,2026-03-30,-0.09000000000000075,0.0,0,1,9.000000000000075,9.000000000000075,fall,flat
persistence_zero_change,2026-03-31,-0.04999999999999982,0.0,0,1,4.999999999999982,4.999999999999982,fall,flat
persistence_zero_change,2026-04-01,0.03000000000000025,0.0,2,1,3.000000000000025,-3.000000000000025,rise,flat
persistence_zero_change,2026-04-02,-0.020000000000000462,0.0,0,1,2.000000000000046,2.000000000000046,fall,flat
persistence_zero_change,2026-04-03,0.040000000000000036,0.0,2,1,4.0000000000000036,-4.0000000000000036,rise,flat
persistence_zero_change,2026-04-06,-0.009999999999999787,0.0,1,1,0.9999999999999787,0.9999999999999787,flat,flat
persistence_zero_change,2026-04-07,-0.009999999999999787,0.0,1,1,0.9999999999999787,0.9999999999999787,flat,flat
persistence_zero_change,2026-04-08,-0.040000000000000036,0.0,0,1,4.0000000000000036,4.0000000000000036,fall,flat
persistence_zero_change,2026-04-09,0.0,0.0,1,1,0.0,0.0,flat,flat
persistence_zero_change,2026-04-10,0.019999999999999574,0.0,2,1,1.9999999999999574,-1.9999999999999574,rise,flat
persistence_zero_change,2026-04-13,-0.009999999999999787,0.0,1,1,0.9999999999999787,0.9999999999999787,flat,flat
persistence_zero_change,2026-04-14,-0.040000000000000036,0.0,0,1,4.0000000000000036,4.0000000000000036,fall,flat
persistence_zero_change,2026-04-15,0.03000000000000025,0.0,2,1,3.000000000000025,-3.000000000000025,rise,flat
persistence_zero_change,2026-04-16,0.03000000000000025,0.0,2,1,3.000000000000025,-3.000000000000025,rise,flat
persistence_zero_change,2026-04-17,-0.0600000000000005,0.0,0,1,6.00000000000005,6.00000000000005,fall,flat
persistence_zero_change,2026-04-20,0.0,0.0,1,1,0.0,0.0,flat,flat
persistence_zero_change,2026-04-21,0.040000000000000036,0.0,2,1,4.0000000000000036,-4.0000000000000036,rise,flat
persistence_zero_change,2026-04-22,0.0,0.0,1,1,0.0,0.0,flat,flat
persistence_zero_change,2026-04-23,0.040000000000000036,0.0,2,1,4.0000000000000036,-4.0000000000000036,rise,flat
persistence_zero_change,2026-04-24,-0.03000000000000025,0.0,0,1,3.000000000000025,3.000000000000025,fall,flat
persistence_zero_change,2026-04-27,0.040000000000000036,0.0,2,1,4.0000000000000036,-4.0000000000000036,rise,flat
persistence_zero_change,2026-04-28,0.010000000000000675,0.0,2,1,1.0000000000000675,-1.0000000000000675,rise,flat
persistence_zero_change,2026-04-29,0.05999999999999961,0.0,2,1,5.999999999999961,-5.999999999999961,rise,flat
persistence_zero_change,2026-04-30,-0.019999999999999574,0.0,0,1,1.9999999999999574,1.9999999999999574,fall,flat
persistence_zero_change,2026-05-01,-0.010000000000000675,0.0,0,1,1.0000000000000675,1.0000000000000675,fall,flat
persistence_zero_change,2026-05-04,0.0600000000000005,0.0,2,1,6.00000000000005,-6.00000000000005,rise,flat
persistence_zero_change,2026-05-05,-0.020000000000000462,0.0,0,1,2.000000000000046,2.000000000000046,fall,flat
persistence_zero_change,2026-05-06,-0.0699999999999994,0.0,0,1,6.99999999999994,6.99999999999994,fall,flat
persistence_zero_change,2026-05-07,0.04999999999999982,0.0,2,1,4.999999999999982,-4.999999999999982,rise,flat
persistence_zero_change,2026-05-08,-0.03000000000000025,0.0,0,1,3.000000000000025,3.000000000000025,fall,flat
persistence_zero_change,2026-05-11,0.040000000000000036,0.0,2,1,4.0000000000000036,-4.0000000000000036,rise,flat
persistence_zero_change,2026-05-12,0.040000000000000036,0.0,2,1,4.0000000000000036,-4.0000000000000036,rise,flat
persistence_zero_change,2026-05-13,0.0,0.0,1,1,0.0,0.0,flat,flat
persistence_zero_change,2026-05-14,0.009999999999999787,0.0,1,1,0.9999999999999787,-0.9999999999999787,flat,flat
persistence_zero_change,2026-05-15,0.1200000000000001,0.0,2,1,12.00000000000001,-12.00000000000001,rise,flat
persistence_zero_change,2026-05-18,0.020000000000000462,0.0,2,1,2.000000000000046,-2.000000000000046,rise,flat
persistence_zero_change,2026-05-19,0.05999999999999961,0.0,2,1,5.999999999999961,-5.999999999999961,rise,flat
persistence_zero_change,2026-05-20,-0.09999999999999964,0.0,0,1,9.999999999999964,9.999999999999964,fall,flat
persistence_zero_change,2026-05-21,0.0,0.0,1,1,0.0,0.0,flat,flat
persistence_zero_change,2026-05-22,-0.010000000000000675,0.0,0,1,1.0000000000000675,1.0000000000000675,fall,flat
persistence_zero_change,2026-05-26,-0.05999999999999961,0.0,0,1,5.999999999999961,5.999999999999961,fall,flat
persistence_zero_change,2026-05-27,-0.019999999999999574,0.0,0,1,1.9999999999999574,1.9999999999999574,fall,flat
persistence_zero_change,2026-05-28,-0.03000000000000025,0.0,0,1,3.000000000000025,3.000000000000025,fall,flat
persistence_zero_change,2026-05-29,0.0,0.0,1,1,0.0,0.0,flat,flat
persistence_zero_change,2026-06-01,0.019999999999999574,0.0,2,1,1.9999999999999574,-1.9999999999999574,rise,flat
persistence_zero_change,2026-06-02,-0.009999999999999787,0.0,1,1,0.9999999999999787,0.9999999999999787,flat,flat
persistence_zero_change,2026-06-03,0.03000000000000025,0.0,2,1,3.000000000000025,-3.000000000000025,rise,flat
persistence_zero_change,2026-06-04,-0.020000000000000462,0.0,0,1,2.000000000000046,2.000000000000046,fall,flat
persistence_zero_change,2026-06-05,0.08000000000000007,0.0,2,1,8.000000000000007,-8.000000000000007,rise,flat
persistence_zero_change,2026-06-08,0.009999999999999787,0.0,1,1,0.9999999999999787,-0.9999999999999787,flat,flat
persistence_zero_change,2026-06-09,-0.02999999999999936,0.0,0,1,2.999999999999936,2.999999999999936,fall,flat
persistence_zero_change,2026-06-10,0.019999999999999574,0.0,2,1,1.9999999999999574,-1.9999999999999574,rise,flat
persistence_zero_change,2026-06-11,-0.09999999999999964,0.0,0,1,9.999999999999964,9.999999999999964,fall,flat
persistence_zero_change,2026-06-12,0.03000000000000025,0.0,2,1,3.000000000000025,-3.000000000000025,rise,flat
persistence_zero_change,2026-06-15,-0.010000000000000675,0.0,0,1,1.0000000000000675,1.0000000000000675,fall,flat
persistence_zero_change,2026-06-16,-0.040000000000000036,0.0,0,1,4.0000000000000036,4.0000000000000036,fall,flat
persistence_zero_change,2026-06-17,0.0600000000000005,0.0,2,1,6.00000000000005,-6.00000000000005,rise,flat
persistence_zero_change,2026-06-18,-0.03000000000000025,0.0,0,1,3.000000000000025,3.000000000000025,fall,flat
persistence_zero_change,2026-06-22,0.04999999999999982,0.0,2,1,4.999999999999982,-4.999999999999982,rise,flat
persistence_zero_change,2026-06-23,-0.009999999999999787,0.0,1,1,0.9999999999999787,0.9999999999999787,flat,flat
persistence_zero_change,2026-06-24,-0.08999999999999986,0.0,0,1,8.999999999999986,8.999999999999986,fall,flat
persistence_zero_change,2026-06-25,-0.009999999999999787,0.0,1,1,0.9999999999999787,0.9999999999999787,flat,flat
persistence_zero_change,2026-06-26,-0.020000000000000462,0.0,0,1,2.000000000000046,2.000000000000046,fall,flat
persistence_zero_change,2026-06-29,0.0,0.0,1,1,0.0,0.0,flat,flat
persistence_zero_change,2026-06-30,0.0600000000000005,0.0,2,1,6.00000000000005,-6.00000000000005,rise,flat
persistence_zero_change,2026-07-01,0.040000000000000036,0.0,2,1,4.0000000000000036,-4.0000000000000036,rise,flat
persistence_zero_change,2026-07-02,0.009999999999999787,0.0,1,1,0.9999999999999787,-0.9999999999999787,flat,flat
persistence_zero_change,2026-07-06,-0.009999999999999787,0.0,1,1,0.9999999999999787,0.9999999999999787,flat,flat
persistence_zero_change,2026-07-07,0.0699999999999994,0.0,2,1,6.99999999999994,-6.99999999999994,rise,flat
persistence_zero_change,2026-07-08,0.009999999999999787,0.0,1,1,0.9999999999999787,-0.9999999999999787,flat,flat
persistence_zero_change,2026-07-09,-0.019999999999999574,0.0,0,1,1.9999999999999574,1.9999999999999574,fall,flat
persistence_zero_change,2026-07-10,0.019999999999999574,0.0,2,1,1.9999999999999574,-1.9999999999999574,rise,flat
persistence_zero_change,2026-07-13,0.0600000000000005,0.0,2,1,6.00000000000005,-6.00000000000005,rise,flat
persistence_zero_change,2026-07-14,-0.040000000000000036,0.0,0,1,4.0000000000000036,4.0000000000000036,fall,flat
persistence_zero_change,2026-07-15,-0.03000000000000025,0.0,0,1,3.000000000000025,3.000000000000025,fall,flat
persistence_zero_change,2026-07-16,0.020000000000000462,0.0,2,1,2.000000000000046,-2.000000000000046,rise,flat
persistence_zero_change,2026-07-17,-0.020000000000000462,0.0,0,1,2.000000000000046,2.000000000000046,fall,flat
persistence_zero_change,2026-07-20,0.04999999999999982,0.0,2,1,4.999999999999982,-4.999999999999982,rise,flat
persistence_zero_change,2026-07-21,0.03000000000000025,0.0,2,1,3.000000000000025,-3.000000000000025,rise,flat
persistence_zero_change,2026-07-22,0.040000000000000036,0.0,2,1,4.0000000000000036,-4.0000000000000036,rise,flat
persistence_zero_change,2026-07-23,0.040000000000000036,0.0,2,1,4.0000000000000036,-4.0000000000000036,rise,flat
persistence_zero_change,2026-07-24,-0.019999999999999574,0.0,0,1,1.9999999999999574,1.9999999999999574,fall,flat
persistence_zero_change,2026-07-27,-0.040000000000000036,0.0,0,1,4.0000000000000036,4.0000000000000036,fall,flat
persistence_zero_change,2026-07-28,-0.040000000000000036,0.0,0,1,4.0000000000000036,4.0000000000000036,fall,flat
persistence_zero_change,2026-07-29,0.05999999999999961,0.0,2,1,5.999999999999961,-5.999999999999961,rise,flat
persistence_zero_change,2026-07-30,0.009999999999999787,0.0,1,1,0.9999999999999787,-0.9999999999999787,flat,flat
persistence_zero_change,2026-07-31,0.07000000000000028,0.0,2,1,7.000000000000028,-7.000000000000028,rise,flat
persistence_zero_change,2026-08-03,-0.04999999999999982,0.0,0,1,4.999999999999982,4.999999999999982,fall,flat
persistence_zero_change,2026-08-04,-0.07000000000000028,0.0,0,1,7.000000000000028,7.000000000000028,fall,flat
persistence_zero_change,2026-08-05,0.0,0.0,1,1,0.0,0.0,flat,flat
persistence_zero_change,2026-08-06,0.0600000000000005,0.0,2,1,6.00000000000005,-6.00000000000005,rise,flat
persistence_zero_change,2026-08-07,-0.040000000000000036,0.0,0,1,4.0000000000000036,4.0000000000000036,fall,flat
persistence_zero_change,2026-08-10,0.0699999999999994,0.0,2,1,6.99999999999994,-6.99999999999994,rise,flat
persistence_zero_change,2026-08-11,-0.019999999999999574,0.0,0,1,1.9999999999999574,1.9999999999999574,fall,flat
persistence_zero_change,2026-08-12,-0.020000000000000462,0.0,0,1,2.000000000000046,2.000000000000046,fall,flat
persistence_zero_change,2026-08-13,-0.04999999999999982,0.0,0,1,4.999999999999982,4.999999999999982,fall,flat
persistence_zero_change,2026-08-14,0.04999999999999982,0.0,2,1,4.999999999999982,-4.999999999999982,rise,flat
persistence_zero_change,2026-08-17,0.040000000000000036,0.0,2,1,4.0000000000000036,-4.0000000000000036,rise,flat
persistence_zero_change,2026-08-18,-0.009999999999999787,0.0,1,1,0.9999999999999787,0.9999999999999787,flat,flat
persistence_zero_change,2026-08-19,-0.05999999999999961,0.0,0,1,5.999999999999961,5.999999999999961,fall,flat
persistence_zero_change,2026-08-20,0.040000000000000036,0.0,2,1,4.0000000000000036,-4.0000000000000036,rise,flat
persistence_zero_change,2026-08-21,0.04999999999999982,0.0,2,1,4.999999999999982,-4.999999999999982,rise,flat
persistence_zero_change,2026-08-24,-0.040000000000000036,0.0,0,1,4.0000000000000036,4.0000000000000036,fall,flat
persistence_zero_change,2026-08-25,-0.0600000000000005,0.0,0,1,6.00000000000005,6.00000000000005,fall,flat
persistence_zero_change,2026-08-26,0.020000000000000462,0.0,2,1,2.000000000000046,-2.000000000000046,rise,flat
persistence_zero_change,2026-08-27,0.009999999999999787,0.0,1,1,0.9999999999999787,-0.9999999999999787,flat,flat
persistence_zero_change,2026-08-28,0.0600000000000005,0.0,2,1,6.00000000000005,-6.00000000000005,rise,flat
persistence_zero_change,2026-08-31,0.019999999999999574,0.0,2,1,1.9999999999999574,-1.9999999999999574,rise,flat
persistence_zero_change,2026-09-01,0.040000000000000036,0.0,2,1,4.0000000000000036,-4.0000000000000036,rise,flat
persistence_zero_change,2026-09-02,0.0,0.0,1,1,0.0,0.0,flat,flat
persistence_zero_change,2026-09-03,-0.020000000000000462,0.0,0,1,2.000000000000046,2.000000000000046,fall,flat
persistence_zero_change,2026-09-04,0.010000000000000675,0.0,2,1,1.0000000000000675,-1.0000000000000675,rise,flat
persistence_zero_change,2026-09-08,0.019999999999999574,0.0,2,1,1.9999999999999574,-1.9999999999999574,rise,flat
linear_regression,2021-03-25,0.009999999999999787,0.0034057928428610235,1,1,0.6594207157138763,-0.6594207157138763,flat,flat
linear_regression,2021-03-26,0.040000000000000036,-0.014359210502186897,2,0,5.435921050218694,-5.435921050218694,rise,fall
linear_regression,2021-03-29,0.06000000000000005,0.011828925718559806,2,2,4.817107428144025,-4.817107428144025,rise,rise
linear_regression,2021-03-30,0.0,0.006001826094168806,1,1,0.6001826094168805,0.6001826094168805,flat,flat
linear_regression,2021-03-31,0.010000000000000009,0.01971380833393956,2,2,0.9713808333939551,0.9713808333939551,rise,rise
linear_regression,2021-04-01,-0.050000000000000044,0.004516590880668344,0,1,5.4516590880668385,5.4516590880668385,fall,flat
linear_regression,2021-04-02,0.030000000000000027,-0.002508483701254833,2,1,3.2508483701254858,-3.2508483701254858,rise,flat
linear_regression,2021-04-05,0.010000000000000009,-0.014408680523081186,2,0,2.4408680523081197,-2.4408680523081197,rise,fall
linear_regression,2021-04-06,-0.06000000000000005,-0.005897942865396217,0,1,5.410205713460384,5.410205713460384,fall,flat
linear_regression,2021-04-07,0.010000000000000009,-0.0009680786787288798,2,1,1.0968078678728888,-1.0968078678728888,rise,flat
linear_regression,2021-04-08,-0.040000000000000036,0.012058072815271008,0,2,5.205807281527104,5.205807281527104,fall,rise
linear_regression,2021-04-09,0.030000000000000027,-0.007793288967645333,2,1,3.779328896764536,-3.779328896764536,rise,flat
linear_regression,2021-04-12,0.020000000000000018,-0.004798437529263508,2,1,2.4798437529263526,-2.4798437529263526,rise,flat
linear_regression,2021-04-13,-0.050000000000000044,-0.013810603216251717,0,0,3.618939678374833,3.618939678374833,fall,fall
linear_regression,2021-04-14,0.0,0.010029980700026114,1,2,1.0029980700026115,1.0029980700026115,flat,rise
linear_regression,2021-04-15,-0.07999999999999985,0.0037438412343007346,0,1,8.374384123430058,8.374384123430058,fall,flat
linear_regression,2021-04-16,0.030000000000000027,-0.024088818962577408,2,0,5.408881896257743,-5.408881896257743,rise,fall
linear_regression,2021-04-19,0.020000000000000018,0.005720682157942665,2,1,1.4279317842057353,-1.4279317842057353,rise,flat
linear_regression,2021-04-20,-0.030000000000000027,0.009354031831398152,0,1,3.9354031831398175,3.9354031831398175,fall,flat
linear_regression,2021-04-21,-0.010000000000000009,0.0064064366806076785,0,1,1.6406436680607688,1.6406436680607688,fall,flat
linear_regression,2021-04-22,0.0,-0.0007613684959126369,1,1,0.0761368495912637,-0.0761368495912637,flat,flat
linear_regression,2021-04-23,0.010000000000000009,-0.01699240009920415,2,0,2.6992400099204157,-2.6992400099204157,rise,fall
linear_regression,2021-04-26,0.0,-0.0068041910441108125,1,1,0.6804191044110812,-0.6804191044110812,flat,flat
linear_regression,2021-04-27,0.04999999999999982,-0.005650412258507639,2,1,5.565041225850746,-5.565041225850746,rise,flat
linear_regression,2021-04-28,0.0,-0.004096492540592901,1,1,0.40964925405929015,-0.40964925405929015,flat,flat
linear_regression,2021-04-29,0.020000000000000018,-0.00974343861880608,2,1,2.9743438618806097,-2.9743438618806097,rise,flat
linear_regression,2021-04-30,0.0,0.0036954103071549296,1,1,0.36954103071549294,0.36954103071549294,flat,flat
linear_regression,2021-05-03,-0.020000000000000018,-0.011643526407708132,0,0,0.8356473592291885,0.8356473592291885,fall,fall
linear_regression,2021-05-04,-0.019999999999999796,-0.011127760977936874,0,0,0.8872239022062921,0.8872239022062921,fall,fall
linear_regression,2021-05-05,-0.020000000000000018,-0.013550833329946717,0,0,0.64491666700533,0.64491666700533,fall,fall
linear_regression,2021-05-06,-0.010000000000000009,0.003736680808812398,0,1,1.3736680808812407,1.3736680808812407,fall,flat
linear_regression,2021-05-07,0.020000000000000018,0.0021562340330154206,2,1,1.7843765966984597,-1.7843765966984597,rise,flat
linear_regression,2021-05-10,0.029999999999999805,-0.023062963595849667,2,0,5.306296359584947,-5.306296359584947,rise,fall
linear_regression,2021-05-11,0.010000000000000009,0.03647701587926,2,2,2.647701587925999,2.647701587925999,rise,rise
linear_regression,2021-05-12,0.050000000000000044,0.006472966374617816,2,1,4.3527033625382225,-4.3527033625382225,rise,flat
linear_regression,2021-05-13,-0.030000000000000027,0.015062653395428255,0,2,4.5062653395428285,4.5062653395428285,fall,rise
linear_regression,2021-05-14,-0.030000000000000027,-0.006916427367552833,0,1,2.3083572632447193,2.3083572632447193,fall,flat
linear_regression,2021-05-17,0.010000000000000009,-0.010950445743873157,2,0,2.0950445743873165,-2.0950445743873165,rise,fall
linear_regression,2021-05-18,0.0,-0.011480342374789409,1,0,1.148034237478941,-1.148034237478941,flat,fall
linear_regression,2021-05-19,0.040000000000000036,-0.0015613027160939347,2,1,4.156130271609397,-4.156130271609397,rise,flat
linear_regression,2021-05-20,-0.050000000000000044,0.018266672794996486,0,2,6.826667279499652,6.826667279499652,fall,rise
linear_regression,2021-05-21,0.0,0.003371951378341554,1,1,0.3371951378341554,0.3371951378341554,flat,flat
linear_regression,2021-05-24,-0.019999999999999796,-0.017148191363565237,0,0,0.28518086364345585,0.28518086364345585,fall,fall
linear_regression,2021-05-25,-0.050000000000000044,0.0029449718373410656,0,1,5.29449718373411,5.29449718373411,fall,flat
linear_regression,2021-05-26,0.020000000000000018,0.012634133840502961,2,2,0.7365866159497056,-0.7365866159497056,rise,rise
linear_regression,2021-05-27,0.030000000000000027,0.022812677327573548,2,2,0.7187322672426478,-0.7187322672426478,rise,rise
linear_regression,2021-05-28,-0.030000000000000027,-0.00786383182267912,0,1,2.2136168177320905,2.2136168177320905,fall,flat
linear_regression,2021-06-01,0.040000000000000036,-0.010833510708565839,2,0,5.083351070856587,-5.083351070856587,rise,fall
linear_regression,2021-06-02,-0.030000000000000027,-0.0011539028479535382,0,1,2.8846097152046486,2.8846097152046486,fall,flat
linear_regression,2021-06-03,0.039999999999999813,0.015528743526253361,2,2,2.447125647374645,-2.447125647374645,rise,rise
linear_regression,2021-06-04,-0.06999999999999984,0.023490419332986356,0,2,9.34904193329862,9.34904193329862,fall,rise
linear_regression,2021-06-07,0.010000000000000009,-0.011162564468065597,2,0,2.1162564468065606,-2.1162564468065606,rise,fall
linear_regression,2021-06-08,-0.040000000000000036,0.03270417456167979,0,2,7.270417456167983,7.270417456167983,fall,rise
linear_regression,2021-06-09,-0.030000000000000027,0.019293530930168782,0,2,4.92935309301688,4.92935309301688,fall,rise
linear_regression,2021-06-10,-0.050000000000000044,0.0013513352886064308,0,1,5.1351335288606474,5.1351335288606474,fall,flat
linear_regression,2021-06-11,0.020000000000000018,0.015350732572245226,2,2,0.4649267427754792,-0.4649267427754792,rise,rise
linear_regression,2021-06-14,0.040000000000000036,0.013785993917185296,2,2,2.621400608281474,-2.621400608281474,rise,rise
linear_regression,2021-06-15,0.0,-0.013987383007454822,1,0,1.3987383007454823,-1.3987383007454823,flat,fall
linear_regression,2021-06-16,0.06000000000000005,-0.010605433227270951,2,0,7.0605433227271,-7.0605433227271,rise,fall
linear_regression,2021-06-17,-0.050000000000000044,0.010865527077100921,0,2,6.086552707710097,6.086552707710097,fall,rise
linear_regression,2021-06-18,-0.07000000000000006,0.00858503957328381,0,1,7.858503957328387,7.858503957328387,fall,flat
linear_regression,2021-06-21,0.050000000000000044,0.007661049067394992,2,1,4.233895093260505,-4.233895093260505,rise,flat
linear_regression,2021-06-22,-0.020000000000000018,0.0018412721822947857,0,1,2.1841272182294804,2.1841272182294804,fall,flat
linear_regression,2021-06-23,0.020000000000000018,-0.01386871347527836,2,0,3.3868713475278382,-3.3868713475278382,rise,fall
linear_regression,2021-06-24,-0.010000000000000009,0.02357909832310886,0,2,3.3579098323108867,3.3579098323108867,fall,rise
linear_regression,2021-06-25,0.050000000000000044,0.013044252789891178,2,2,3.6955747210108867,-3.6955747210108867,rise,rise
linear_regression,2021-06-28,-0.050000000000000044,-0.007096009601781845,0,1,4.2903990398218195,4.2903990398218195,fall,flat
linear_regression,2021-06-29,0.0,-0.004982252540056287,1,1,0.4982252540056287,-0.4982252540056287,flat,flat
linear_regression,2021-06-30,-0.040000000000000036,-0.004696170350024544,0,1,3.5303829649975493,3.5303829649975493,fall,flat
linear_regression,2021-07-01,0.030000000000000027,0.006634197537159242,2,1,2.3365802462840786,-2.3365802462840786,rise,flat
linear_regression,2021-07-02,-0.040000000000000036,0.005699103673129773,0,1,4.569910367312981,4.569910367312981,fall,flat
linear_regression,2021-07-06,-0.06999999999999984,-0.01809198693592946,0,0,5.190801306407038,5.190801306407038,fall,fall
linear_regression,2021-07-07,-0.040000000000000036,0.02975351630328232,0,2,6.975351630328236,6.975351630328236,fall,rise
linear_regression,2021-07-08,-0.030000000000000027,-0.008879353296978771,0,1,2.1120646703021255,2.1120646703021255,fall,flat
linear_regression,2021-07-09,0.07000000000000006,0.032869643026779555,2,2,3.713035697322051,-3.713035697322051,rise,rise
linear_regression,2021-07-12,0.009999999999999787,0.006794518754866563,1,1,0.32054812451332243,-0.32054812451332243,flat,flat
linear_regression,2021-07-13,0.040000000000000036,0.016350470530841998,2,2,2.3649529469158037,-2.3649529469158037,rise,rise
linear_regression,2021-07-14,-0.04999999999999982,-0.0011466406002046368,0,1,4.885335939979518,4.885335939979518,fall,flat
linear_regression,2021-07-15,-0.06000000000000005,-0.013717903657490031,0,0,4.628209634251002,4.628209634251002,fall,fall
linear_regression,2021-07-16,0.0,0.009676541127444725,1,1,0.9676541127444725,0.9676541127444725,flat,flat
linear_regression,2021-07-19,-0.1200000000000001,-0.00029528430774476266,0,1,11.970471569225534,11.970471569225534,fall,flat
linear_regression,2021-07-20,0.040000000000000036,-0.004821427202545435,2,1,4.482142720254547,-4.482142720254547,rise,flat
linear_regression,2021-07-21,0.07000000000000006,0.0009951370006719045,2,1,6.900486299932816,-6.900486299932816,rise,flat
linear_regression,2021-07-22,-0.030000000000000027,0.010930435536638456,0,2,4.093043553663849,4.093043553663849,fall,rise
linear_regression,2021-07-23,0.030000000000000027,-0.00039314981952850905,2,1,3.0393149819528538,-3.0393149819528538,rise,flat
linear_regression,2021-07-26,-0.010000000000000009,0.01665824997191167,0,2,2.6658249971911676,2.6658249971911676,fall,rise
linear_regression,2021-07-27,-0.040000000000000036,0.0008628539449139459,0,1,4.086285394491399,4.086285394491399,fall,flat
linear_regression,2021-07-28,0.010000000000000009,0.004321183080742174,2,1,0.5678816919257834,-0.5678816919257834,rise,flat
linear_regression,2021-07-29,0.020000000000000018,0.007523517467938379,2,1,1.247648253206164,-1.247648253206164,rise,flat
linear_regression,2021-07-30,-0.040000000000000036,-0.006505433386554749,0,1,3.3494566613445285,3.3494566613445285,fall,flat
linear_regression,2021-08-02,-0.040000000000000036,-0.007163525159045618,0,1,3.2836474840954413,3.2836474840954413,fall,flat
linear_regression,2021-08-03,-0.010000000000000009,0.01986300704672322,0,2,2.986300704672323,2.986300704672323,fall,rise
linear_regression,2021-08-04,0.0,-0.0038374644800732464,1,1,0.38374644800732466,-0.38374644800732466,flat,flat
linear_regression,2021-08-05,0.040000000000000036,0.018607179217562338,2,2,2.13928207824377,-2.13928207824377,rise,rise
linear_regression,2021-08-06,0.08000000000000007,0.014655130522646723,2,2,6.534486947735335,-6.534486947735335,rise,rise
linear_regression,2021-08-09,0.020000000000000018,-0.0026531913928378595,2,1,2.2653191392837875,-2.2653191392837875,rise,flat
linear_regression,2021-08-10,0.030000000000000027,0.010057961292392288,2,2,1.9942038707607739,-1.9942038707607739,rise,rise
linear_regression,2021-08-11,-0.010000000000000009,-0.0048103430158597926,0,1,0.5189656984140216,0.5189656984140216,fall,flat
linear_regression,2021-08-12,0.010000000000000009,0.013243029069267363,2,2,0.32430290692673536,0.32430290692673536,rise,rise
linear_regression,2021-08-13,-0.07000000000000006,0.00011728369455776388,0,1,7.011728369455783,7.011728369455783,fall,flat
linear_regression,2021-08-16,-0.030000000000000027,-0.03079776451256846,0,0,0.0797764512568435,-0.0797764512568435,fall,fall
linear_regression,2021-08-17,0.0,0.010968785670440448,1,2,1.0968785670440448,1.0968785670440448,flat,rise
linear_regression,2021-08-18,0.010000000000000009,0.02525749061681487,2,2,1.5257490616814862,1.5257490616814862,rise,rise
linear_regression,2021-08-19,-0.030000000000000027,0.025970300534985453,0,2,5.597030053498548,5.597030053498548,fall,rise
linear_regression,2021-08-20,0.020000000000000018,0.0022510231821541177,2,1,1.7748976817845903,-1.7748976817845903,rise,flat
linear_regression,2021-08-23,-0.010000000000000009,0.025303563652475557,0,2,3.530356365247557,3.530356365247557,fall,rise
linear_regression,2021-08-24,0.040000000000000036,0.020289242259632558,2,2,1.9710757740367477,-1.9710757740367477,rise,rise
linear_regression,2021-08-25,0.06000000000000005,-0.0016131975025593104,2,1,6.161319750255936,-6.161319750255936,rise,flat
linear_regression,2021-08-26,-0.010000000000000009,0.006784949811272933,0,1,1.6784949811272942,1.6784949811272942,fall,flat
linear_regression,2021-08-27,-0.030000000000000027,0.003961849311496722,0,1,3.3961849311496746,3.3961849311496746,fall,flat
linear_regression,2021-08-30,-0.020000000000000018,0.00407334624582944,0,1,2.4073346245829454,2.4073346245829454,fall,flat
linear_regression,2021-08-31,0.010000000000000009,-0.0045327284268568205,2,1,1.453272842685683,-1.453272842685683,rise,flat
linear_regression,2021-09-01,0.010000000000000009,0.01948505597700472,2,2,0.9485055977004713,0.9485055977004713,rise,rise
linear_regression,2021-09-02,-0.020000000000000018,0.0019806620430363213,0,1,2.198066204303634,2.198066204303634,fall,flat
linear_regression,2021-09-03,0.040000000000000036,0.0002665340965975116,2,1,3.973346590340252,-3.973346590340252,rise,flat
linear_regression,2021-09-07,0.04999999999999982,-0.010681903787963621,2,0,6.068190378796344,-6.068190378796344,rise,fall
linear_regression,2021-09-08,-0.029999999999999805,0.012074772791479511,0,2,4.207477279147931,4.207477279147931,fall,rise
linear_regression,2021-09-09,-0.050000000000000044,0.0007061441530192695,0,1,5.0706144153019315,5.0706144153019315,fall,flat
linear_regression,2021-09-10,0.050000000000000044,0.008912363002912756,2,1,4.108763699708728,-4.108763699708728,rise,flat
linear_regression,2021-09-13,-0.020000000000000018,-0.00930072235991108,0,1,1.0699277640088938,1.0699277640088938,fall,flat
linear_regression,2021-09-14,-0.050000000000000044,-0.003573976250451631,0,1,4.6426023749548415,4.6426023749548415,fall,flat
linear_regression,2021-09-15,0.030000000000000027,-0.014141225767230346,2,0,4.414122576723037,-4.414122576723037,rise,fall
linear_regression,2021-09-16,0.030000000000000027,0.01839109157768883,2,2,1.1608908422311197,-1.1608908422311197,rise,rise
linear_regression,2021-09-17,0.030000000000000027,0.0205629342387865,2,2,0.9437065761213528,-0.9437065761213528,rise,rise
linear_regression,2021-09-20,-0.06000000000000005,0.011415866833005042,0,2,7.141586683300509,7.141586683300509,fall,rise
linear_regression,2021-09-21,0.020000000000000018,0.012276555012121064,2,2,0.7723444987878954,-0.7723444987878954,rise,rise
linear_regression,2021-09-22,-0.010000000000000009,0.012461400642143034,0,2,2.246140064214304,2.246140064214304,fall,rise
linear_regression,2021-09-23,0.08999999999999986,0.0019252852411474532,2,1,8.80747147588524,-8.80747147588524,rise,flat
linear_regression,2021-09-24,0.06000000000000005,-0.0011139812867631002,2,1,6.111398128676315,-6.111398128676315,rise,flat
linear_regression,2021-09-27,0.010000000000000009,0.0037956652001718185,2,1,0.6204334799828191,-0.6204334799828191,rise,flat
linear_regression,2021-09-28,0.06000000000000005,-0.0014295362309685608,2,1,6.1429536230968615,-6.1429536230968615,rise,flat
linear_regression,2021-09-29,0.010000000000000009,-0.016780336579103054,2,0,2.6780336579103063,-2.6780336579103063,rise,fall
linear_regression,2021-09-30,-0.030000000000000027,-0.002212113185413337,0,1,2.778788681458669,2.778788681458669,fall,flat
linear_regression,2021-10-01,-0.040000000000000036,-0.01887506097086521,0,0,2.1124939029134824,2.1124939029134824,fall,fall
linear_regression,2021-10-04,0.010000000000000009,-0.001681696982249226,2,1,1.1681696982249234,-1.1681696982249234,rise,flat
linear_regression,2021-10-05,0.050000000000000044,-0.0020037609013403897,2,1,5.200376090134044,-5.200376090134044,rise,flat
linear_regression,2021-10-06,-0.010000000000000009,-0.02010344303794524,0,0,1.010344303794523,-1.010344303794523,fall,fall
linear_regression,2021-10-07,0.050000000000000044,0.005040424477051592,2,1,4.495957552294845,-4.495957552294845,rise,flat
linear_regression,2021-10-08,0.030000000000000027,-0.014201781566998594,2,0,4.420178156699863,-4.420178156699863,rise,fall
linear_regression,2021-10-12,-0.020000000000000018,-0.0010194241680910945,0,1,1.8980575831908924,1.8980575831908924,fall,flat
linear_regression,2021-10-13,-0.030000000000000027,-0.0036591050571173835,0,1,2.6340894942882644,2.6340894942882644,fall,flat
linear_regression,2021-10-14,-0.040000000000000036,-0.0013910617030459555,0,1,3.8608938296954083,3.8608938296954083,fall,flat
linear_regression,2021-10-15,0.07000000000000006,0.01583011009848122,2,2,5.416988990151885,-5.416988990151885,rise,rise
linear_regression,2021-10-18,0.0,0.008948576565625444,1,1,0.8948576565625443,0.8948576565625443,flat,flat
linear_regression,2021-10-19,0.05999999999999983,0.004823472425910861,2,1,5.517652757408897,-5.517652757408897,rise,flat
linear_regression,2021-10-20,0.0,0.010980820394140325,1,2,1.0980820394140325,1.0980820394140325,flat,rise
linear_regression,2021-10-21,0.030000000000000027,0.0030060503856471537,2,1,2.6993949614352872,-2.6993949614352872,rise,flat
linear_regression,2021-10-22,-0.020000000000000018,0.019418036426322338,0,2,3.9418036426322356,3.9418036426322356,fall,rise
linear_regression,2021-10-25,-0.020000000000000018,-0.02428219109876048,0,0,0.4282191098760463,-0.4282191098760463,fall,fall
linear_regression,2021-10-26,-0.010000000000000009,0.009464196288458874,0,1,1.9464196288458884,1.9464196288458884,fall,flat
linear_regression,2021-10-27,-0.08999999999999986,-0.011761794494198705,0,0,7.823820550580115,7.823820550580115,fall,fall
linear_regression,2021-10-28,0.030000000000000027,0.010367429685815128,2,2,1.9632570314184898,-1.9632570314184898,rise,rise
linear_regression,2021-10-29,-0.020000000000000018,-0.003149622008175557,0,1,1.6850377991824463,1.6850377991824463,fall,flat
linear_regression,2021-11-01,0.030000000000000027,-0.018361449194048755,2,0,4.836144919404878,-4.836144919404878,rise,fall
linear_regression,2021-11-02,-0.020000000000000018,0.0020096165175557913,0,1,2.200961651755581,2.200961651755581,fall,flat
linear_regression,2021-11-03,0.040000000000000036,0.013666412397087931,2,2,2.6333587602912103,-2.6333587602912103,rise,rise
linear_regression,2021-11-04,-0.07000000000000006,0.019861544082721824,0,2,8.986154408272188,8.986154408272188,fall,rise
linear_regression,2021-11-05,-0.08000000000000007,-0.014446838362809581,0,0,6.555316163719049,6.555316163719049,fall,fall
linear_regression,2021-11-08,0.06000000000000005,0.0011375600103738477,2,1,5.8862439989626205,-5.8862439989626205,rise,flat
linear_regression,2021-11-09,-0.050000000000000044,-0.0005673045785891304,0,1,4.943269542141091,4.943269542141091,fall,flat
linear_regression,2021-11-10,0.10000000000000009,-0.020988161322293926,2,0,12.0988161322294,-12.0988161322294,rise,fall
linear_regression,2021-11-12,0.020000000000000018,-0.00886972680253585,2,1,2.886972680253587,-2.886972680253587,rise,flat
linear_regression,2021-11-15,0.04999999999999982,-0.0027372661344064425,2,1,5.273726613440626,-5.273726613440626,rise,flat
linear_regression,2021-11-16,0.0,-0.002199640983069405,1,1,0.2199640983069405,-0.2199640983069405,flat,flat
linear_regression,2021-11-17,-0.029999999999999805,-0.012446409178596542,0,0,1.7553590821403262,1.7553590821403262,fall,fall
linear_regression,2021-11-18,-0.010000000000000009,0.003073451734519177,0,1,1.3073451734519186,1.3073451734519186,fall,flat
linear_regression,2021-11-19,-0.050000000000000044,0.02072693392089271,0,2,7.072693392089276,7.072693392089276,fall,rise
linear_regression,2021-11-22,0.08999999999999986,-0.00328081145209005,2,1,9.32808114520899,-9.32808114520899,rise,flat
linear_regression,2021-11-23,0.040000000000000036,0.018892125419070278,2,2,2.1107874580929757,-2.1107874580929757,rise,rise
linear_regression,2021-11-24,-0.030000000000000027,-0.020848123161503505,0,0,0.9151876838496522,0.9151876838496522,fall,fall
linear_regression,2021-11-26,-0.15999999999999992,0.011089972351266816,0,2,17.108997235126676,17.108997235126676,fall,rise
linear_regression,2021-11-29,0.040000000000000036,0.007305136280031373,2,1,3.269486371996866,-3.269486371996866,rise,flat
linear_regression,2021-11-30,-0.09000000000000008,0.013502507872656758,0,2,10.350250787265685,10.350250787265685,fall,rise
linear_regression,2021-12-01,0.0,0.0066315232510150745,1,1,0.6631523251015075,0.6631523251015075,flat,flat
linear_regression,2021-12-02,0.010000000000000009,-0.007878858608089536,2,1,1.7878858608089545,-1.7878858608089545,rise,flat
linear_regression,2021-12-03,-0.08999999999999986,0.015806618052225833,0,2,10.580661805222569,10.580661805222569,fall,rise
linear_regression,2021-12-06,0.07999999999999985,0.015048308622309884,2,2,6.495169137768997,-6.495169137768997,rise,rise
linear_regression,2021-12-07,0.050000000000000044,0.009602213250982292,2,1,4.0397786749017754,-4.0397786749017754,rise,flat
linear_regression,2021-12-08,0.040000000000000036,0.010052856560080158,2,2,2.994714343991988,-2.994714343991988,rise,rise
linear_regression,2021-12-09,-0.030000000000000027,-0.0069045607346093045,0,1,2.3095439265390723,2.3095439265390723,fall,flat
linear_regression,2021-12-10,-0.010000000000000009,0.0074285516114986,0,1,1.7428551611498608,1.7428551611498608,fall,flat
linear_regression,2021-12-13,-0.06000000000000005,-0.011235170683158222,0,0,4.876482931684183,4.876482931684183,fall,fall
linear_regression,2021-12-14,0.020000000000000018,-0.006997938805225419,2,1,2.699793880522544,-2.699793880522544,rise,flat
linear_regression,2021-12-15,0.030000000000000027,0.009413989126254222,2,1,2.058601087374581,-2.058601087374581,rise,flat
linear_regression,2021-12-16,-0.030000000000000027,-0.01101311130762763,0,0,1.8986888692372397,1.8986888692372397,fall,fall
linear_regression,2021-12-17,-0.030000000000000027,0.006338736340097819,0,1,3.633873634009785,3.633873634009785,fall,flat
linear_regression,2021-12-20,0.020000000000000018,-0.02545714816977541,2,0,4.545714816977544,-4.545714816977544,rise,fall
linear_regression,2021-12-21,0.050000000000000044,-0.015381921844004989,2,0,6.538192184400502,-6.538192184400502,rise,fall
linear_regression,2021-12-22,-0.020000000000000018,0.03934011794214301,0,2,5.934011794214303,5.934011794214303,fall,rise
linear_regression,2021-12-23,0.040000000000000036,0.010138969954240594,2,2,2.986103004575944,-2.986103004575944,rise,rise
linear_regression,2021-12-27,-0.020000000000000018,0.010280460591398245,0,2,3.028046059139826,3.028046059139826,fall,rise
linear_regression,2021-12-28,0.010000000000000009,0.024385353211701107,2,2,1.4385353211701097,1.4385353211701097,rise,rise
linear_regression,2021-12-29,0.06000000000000005,0.025515223706751643,2,2,3.4484776293248407,-3.4484776293248407,rise,rise
linear_regression,2021-12-30,-0.030000000000000027,0.01024359399099904,0,2,4.0243593990999065,4.0243593990999065,fall,rise
linear_regression,2021-12-31,0.0,-0.017204474947480754,1,0,1.7204474947480755,-1.7204474947480755,flat,fall
linear_regression,2022-01-03,0.10999999999999988,0.021132392422209857,2,2,8.886760757779003,-8.886760757779003,rise,rise
linear_regression,2022-01-04,0.030000000000000027,0.01062443675297971,2,2,1.9375563247020315,-1.9375563247020315,rise,rise
linear_regression,2022-01-05,0.050000000000000044,-0.005573508905050543,2,1,5.557350890505059,-5.557350890505059,rise,flat
linear_regression,2022-01-06,0.020000000000000018,0.01811604923989318,2,2,0.18839507601068373,-0.18839507601068373,rise,rise
linear_regression,2022-01-07,0.030000000000000027,0.020152831410353168,2,2,0.9847168589646859,-0.9847168589646859,rise,rise
linear_regression,2022-01-10,0.020000000000000018,0.00366103614890789,2,1,1.633896385109213,-1.633896385109213,rise,flat
linear_regression,2022-01-11,-0.030000000000000027,-0.020808484633199013,0,0,0.9191515366801014,0.9191515366801014,fall,fall
linear_regression,2022-01-12,-0.010000000000000009,-0.004355704928677134,0,1,0.5644295071322876,0.5644295071322876,fall,flat
linear_regression,2022-01-13,-0.040000000000000036,0.018334269588927955,0,2,5.833426958892799,5.833426958892799,fall,rise
linear_regression,2022-01-14,0.08000000000000007,0.015261603915287334,2,2,6.473839608471274,-6.473839608471274,rise,rise
linear_regression,2022-01-18,0.09000000000000008,0.02931045889142837,2,2,6.06895411085717,-6.06895411085717,rise,rise
linear_regression,2022-01-19,-0.040000000000000036,0.04373042479076175,0,2,8.37304247907618,8.37304247907618,fall,rise
linear_regression,2022-01-20,0.0,0.0009636417291346887,1,1,0.09636417291346887,0.09636417291346887,flat,flat
linear_regression,2022-01-21,-0.08000000000000007,0.026540724554935363,0,2,10.654072455493543,10.654072455493543,fall,rise
linear_regression,2022-01-24,0.0,0.013136651002476449,1,2,1.313665100247645,1.313665100247645,flat,rise
linear_regression,2022-01-25,0.030000000000000027,-0.01686596752104686,2,0,4.6865967521046885,-4.6865967521046885,rise,fall
linear_regression,2022-01-26,0.07000000000000006,-0.008547811747056839,2,1,7.85478117470569,-7.85478117470569,rise,flat
linear_regression,2022-01-27,-0.040000000000000036,0.0007535075298394202,0,1,4.075350752983946,4.075350752983946,fall,flat
linear_regression,2022-01-28,-0.030000000000000027,0.042501151501428885,0,2,7.250115150142891,7.250115150142891,fall,rise
linear_regression,2022-01-31,0.010000000000000009,0.008042307379943518,2,1,0.1957692620056491,-0.1957692620056491,rise,flat
linear_regression,2022-02-01,0.020000000000000018,0.007151601922483167,2,1,1.2848398077516852,-1.2848398077516852,rise,flat
linear_regression,2022-02-02,-0.030000000000000027,0.016522342461564397,0,2,4.652234246156442,4.652234246156442,fall,rise
linear_regression,2022-02-03,0.040000000000000036,-0.016310304628893733,2,0,5.631030462889377,-5.631030462889377,rise,fall
linear_regression,2022-02-04,0.10999999999999988,-0.013767063571741293,2,0,12.376706357174116,-12.376706357174116,rise,fall
linear_regression,2022-02-07,-0.010000000000000009,0.009515384317660322,0,1,1.9515384317660331,1.9515384317660331,fall,flat
linear_regression,2022-02-08,0.040000000000000036,-0.019481593842744237,2,0,5.948159384274428,-5.948159384274428,rise,fall
linear_regression,2022-02-09,-0.020000000000000018,0.01805684825081376,0,2,3.8056848250813777,3.8056848250813777,fall,rise
linear_regression,2022-02-10,0.08999999999999986,0.0016547798010950843,2,1,8.834522019890477,-8.834522019890477,rise,flat
linear_regression,2022-02-11,-0.10999999999999988,0.007385674188579942,0,1,11.738567418857981,11.738567418857981,fall,flat
linear_regression,2022-02-14,0.06000000000000005,-0.029744428670873353,2,0,8.97444286708734,-8.97444286708734,rise,fall
linear_regression,2022-02-15,0.06999999999999984,0.008870631062496352,2,1,6.112936893750349,-6.112936893750349,rise,flat
linear_regression,2022-02-16,-0.020000000000000018,0.002898911939040478,0,1,2.2898911939040496,2.2898911939040496,fall,flat
linear_regression,2022-02-17,-0.05999999999999983,0.0296409061003028,0,2,8.964090610030263,8.964090610030263,fall,rise
linear_regression,2022-02-18,-0.050000000000000044,-0.0022747700103826294,0,1,4.772522998961741,4.772522998961741,fall,flat
linear_regression,2022-02-22,0.020000000000000018,0.019369994224942757,2,2,0.06300057750572609,-0.06300057750572609,rise,rise
linear_regression,2022-02-23,0.050000000000000044,0.00036622668697362977,2,1,4.963377331302642,-4.963377331302642,rise,flat
linear_regression,2022-02-24,-0.030000000000000027,0.031248053827275624,0,2,6.124805382727565,6.124805382727565,fall,rise
linear_regression,2022-02-25,0.010000000000000009,0.023664645816793336,2,2,1.3664645816793326,1.3664645816793326,rise,rise
linear_regression,2022-02-28,-0.1399999999999999,-0.021373245321598573,0,0,11.862675467840134,11.862675467840134,fall,fall
linear_regression,2022-03-01,-0.1100000000000001,-0.02493531794339909,0,0,8.5064682056601,8.5064682056601,fall,fall
linear_regression,2022-03-02,0.14000000000000012,-0.0021279343053168115,2,1,14.212793430531695,-14.212793430531695,rise,flat
linear_regression,2022-03-03,0.0,0.03793911640630532,1,2,3.7939116406305318,3.7939116406305318,flat,rise
linear_regression,2022-03-04,-0.1200000000000001,0.009074674953380657,0,1,12.907467495338077,12.907467495338077,fall,flat
linear_regression,2022-03-07,0.040000000000000036,0.013530116871182787,2,2,2.646988312881725,-2.646988312881725,rise,rise
linear_regression,2022-03-08,0.08000000000000007,0.013651718956488368,2,2,6.63482810435117,-6.63482810435117,rise,rise
linear_regression,2022-03-09,0.07999999999999985,-0.034515609894242294,2,0,11.451560989424214,-11.451560989424214,rise,fall
linear_regression,2022-03-10,0.040000000000000036,0.004828096018260777,2,1,3.5171903981739256,-3.5171903981739256,rise,flat
linear_regression,2022-03-11,0.020000000000000018,0.024616695820687335,2,2,0.4616695820687317,0.4616695820687317,rise,rise
linear_regression,2022-03-14,0.14000000000000012,-0.02714836152954046,2,0,16.714836152954057,-16.714836152954057,rise,fall
linear_regression,2022-03-15,0.009999999999999787,-0.006737725028759888,1,1,1.6737725028759673,-1.6737725028759673,flat,flat
linear_regression,2022-03-16,0.040000000000000036,0.02748396548783983,2,2,1.2516034512160206,-1.2516034512160206,rise,rise
linear_regression,2022-03-17,0.010000000000000231,0.01110149797362811,2,2,0.11014979736278796,0.11014979736278796,rise,rise
linear_regression,2022-03-18,-0.06000000000000005,-0.0036172759065685256,0,1,5.638272409343153,5.638272409343153,fall,flat
linear_regression,2022-03-21,0.17999999999999972,0.004390629020406036,2,1,17.560937097959368,-17.560937097959368,rise,flat
linear_regression,2022-03-22,0.06000000000000005,0.019430814160948117,2,2,4.056918583905193,-4.056918583905193,rise,rise
linear_regression,2022-03-23,-0.06000000000000005,-0.0094670495507588,0,1,5.053295044924125,5.053295044924125,fall,flat
linear_regression,2022-03-24,0.020000000000000018,0.035960273943848514,2,2,1.5960273943848495,1.5960273943848495,rise,rise
linear_regression,2022-03-25,0.14000000000000012,0.030285736160300027,2,2,10.971426383970009,-10.971426383970009,rise,rise
linear_regression,2022-03-28,-0.020000000000000018,-0.01718322428910363,0,0,0.28167757108963876,0.28167757108963876,fall,fall
linear_regression,2022-03-29,-0.04999999999999982,-0.006589183482085781,0,1,4.341081651791404,4.341081651791404,fall,flat
linear_regression,2022-03-30,-0.06000000000000005,0.021906849161296375,0,2,8.190684916129642,8.190684916129642,fall,rise
linear_regression,2022-03-31,-0.03000000000000025,0.0736310222537552,0,2,10.363102225375545,10.363102225375545,fall,rise
linear_regression,2022-04-01,0.07000000000000028,-0.025304848791709952,2,0,9.530484879171023,-9.530484879171023,rise,fall
linear_regression,2022-04-04,0.029999999999999805,0.04600527574917536,2,2,1.6005275749175554,1.6005275749175554,rise,rise
linear_regression,2022-04-05,0.1200000000000001,0.026516136541847948,2,2,9.348386345815216,-9.348386345815216,rise,rise
linear_regression,2022-04-06,0.06999999999999984,-0.034530279550723714,2,0,10.453027955072356,-10.453027955072356,rise,fall
linear_regression,2022-04-07,0.050000000000000266,-0.008108149904214098,2,1,5.810814990421437,-5.810814990421437,rise,flat
linear_regression,2022-04-08,0.06000000000000005,0.02626823151566431,2,2,3.373176848433575,-3.373176848433575,rise,rise
linear_regression,2022-04-11,0.06999999999999984,-0.009008870308411503,2,1,7.900887030841135,-7.900887030841135,rise,flat
linear_regression,2022-04-12,-0.06999999999999984,-0.014820804398819491,0,0,5.517919560118035,5.517919560118035,fall,fall
linear_regression,2022-04-13,-0.020000000000000018,-0.012792498307224773,0,0,0.7207501692775244,0.7207501692775244,fall,fall
linear_regression,2022-04-14,0.1299999999999999,0.04857208315268792,2,2,8.142791684731197,-8.142791684731197,rise,rise
linear_regression,2022-04-18,0.020000000000000018,-0.020584283835056415,2,0,4.058428383505643,-4.058428383505643,rise,fall
linear_regression,2022-04-19,0.08000000000000007,-0.0051436909579846216,2,1,8.514369095798468,-8.514369095798468,rise,flat
linear_regression,2022-04-20,-0.08000000000000007,0.0162836536151617,0,2,9.628365361516178,9.628365361516178,fall,rise
linear_regression,2022-04-21,0.04999999999999982,0.004252880579650243,2,1,4.574711942034957,-4.574711942034957,rise,flat
linear_regression,2022-04-22,0.0,0.023031791507302876,1,2,2.3031791507302874,2.3031791507302874,flat,rise
linear_regression,2022-04-25,-0.08999999999999986,-0.018580763005932,0,0,7.141923699406785,7.141923699406785,fall,fall
linear_regression,2022-04-26,-0.040000000000000036,0.009934261572233875,0,1,4.993426157223391,4.993426157223391,fall,flat
linear_regression,2022-04-27,0.04999999999999982,-0.020032741918212558,2,0,7.003274191821237,-7.003274191821237,rise,fall
linear_regression,2022-04-28,0.03000000000000025,0.03595544485898898,2,2,0.5955444858988732,0.5955444858988732,rise,rise
linear_regression,2022-04-29,0.040000000000000036,0.02750165704058984,2,2,1.2498342959410196,-1.2498342959410196,rise,rise
linear_regression,2022-05-02,0.10000000000000009,0.016839378878523163,2,2,8.316062112147693,-8.316062112147693,rise,rise
linear_regression,2022-05-03,-0.020000000000000018,0.007818574912290512,0,1,2.781857491229053,2.781857491229053,fall,flat
linear_regression,2022-05-04,-0.040000000000000036,-0.004940253657412773,0,1,3.505974634258726,3.505974634258726,fall,flat
linear_regression,2022-05-05,0.11999999999999966,0.023708902484745206,2,2,9.629109751525446,-9.629109751525446,rise,rise
linear_regression,2022-05-06,0.07000000000000028,0.008043453914735902,2,1,6.195654608526438,-6.195654608526438,rise,flat
linear_regression,2022-05-09,-0.07000000000000028,-0.030899810750769054,0,0,3.9100189249231225,3.9100189249231225,fall,fall
linear_regression,2022-05-10,-0.05999999999999961,0.007312622190928909,0,1,6.7312622190928515,6.7312622190928515,fall,flat
linear_regression,2022-05-11,-0.08000000000000007,-0.012311176359628225,0,0,6.768882364037185,6.768882364037185,fall,fall
linear_regression,2022-05-12,-0.07000000000000028,0.04661921183549218,0,2,11.661921183549246,11.661921183549246,fall,rise
linear_regression,2022-05-13,0.0900000000000003,-0.003887017441030148,2,1,9.388701744103045,-9.388701744103045,rise,flat
linear_regression,2022-05-16,-0.050000000000000266,0.03173863205461648,0,2,8.173863205461675,8.173863205461675,fall,rise
linear_regression,2022-05-17,0.10000000000000009,0.006354250769517274,2,1,9.36457492304828,-9.36457492304828,rise,flat
linear_regression,2022-05-18,-0.08999999999999986,0.003597079812888586,0,1,9.359707981288846,9.359707981288846,fall,flat
linear_regression,2022-05-19,-0.050000000000000266,-0.01914691770069778,0,0,3.0853082299302486,3.0853082299302486,fall,fall
linear_regression,2022-05-20,-0.06000000000000005,-0.014689424858004648,0,0,4.53105751419954,4.53105751419954,fall,fall
linear_regression,2022-05-23,0.08000000000000007,-0.028463965634675337,2,0,10.84639656346754,-10.84639656346754,rise,fall
linear_regression,2022-05-24,-0.10000000000000009,0.039143404530718226,0,2,13.914340453071834,13.914340453071834,fall,rise
linear_regression,2022-05-25,-0.009999999999999787,-0.03404524529478502,1,0,2.404524529478523,-2.404524529478523,flat,fall
linear_regression,2022-05-26,0.0,0.002650581182472078,1,1,0.2650581182472078,0.2650581182472078,flat,flat
linear_regression,2022-05-27,-0.009999999999999787,-0.03402348407012497,1,0,2.4023484070125183,-2.4023484070125183,flat,fall
linear_regression,2022-05-31,0.10999999999999988,0.06193329578928959,2,2,4.806670421071028,-4.806670421071028,rise,rise
linear_regression,2022-06-01,0.08999999999999986,-0.030054901381453735,2,0,12.00549013814536,-12.00549013814536,rise,fall
linear_regression,2022-06-02,-0.020000000000000018,-0.011081049359702106,0,0,0.8918950640297912,0.8918950640297912,fall,fall
linear_regression,2022-06-03,0.040000000000000036,-0.001084811511691033,2,1,4.108481151169107,-4.108481151169107,rise,flat
linear_regression,2022-06-06,0.08000000000000007,-0.00732514571299655,2,1,8.732514571299662,-8.732514571299662,rise,flat
linear_regression,2022-06-07,-0.06000000000000005,-0.009913703197234128,0,1,5.008629680276592,5.008629680276592,fall,flat
linear_regression,2022-06-08,0.04999999999999982,-0.015005950110255899,2,0,6.500595011025573,-6.500595011025573,rise,fall
linear_regression,2022-06-09,0.010000000000000231,0.017637489698990132,2,2,0.7637489698989901,0.7637489698989901,rise,rise
linear_regression,2022-06-10,0.10999999999999988,0.0041868447583678315,2,1,10.581315524163204,-10.581315524163204,rise,flat
linear_regression,2022-06-13,0.28000000000000025,0.013497956477730982,2,2,26.650204352226925,-26.650204352226925,rise,rise
linear_regression,2022-06-14,0.06000000000000005,0.007616486478012809,2,1,5.238351352198724,-5.238351352198724,rise,flat
linear_regression,2022-06-15,-0.16000000000000014,-0.02442693298629797,0,0,13.557306701370218,13.557306701370218,fall,fall
linear_regression,2022-06-16,-0.050000000000000266,0.010052994332926099,0,2,6.005299433292636,6.005299433292636,fall,rise
linear_regression,2022-06-17,-0.029999999999999805,-0.05041533469489794,0,0,2.041533469489813,-2.041533469489813,fall,fall
linear_regression,2022-06-21,0.06000000000000005,-0.008606007419009895,2,1,6.860600741900995,-6.860600741900995,rise,flat
linear_regression,2022-06-22,-0.1499999999999999,0.02371855224063039,0,2,17.37185522406303,17.37185522406303,fall,rise
linear_regression,2022-06-23,-0.07000000000000028,-0.013893661902316064,0,0,5.610633809768422,5.610633809768422,fall,fall
linear_regression,2022-06-24,0.040000000000000036,0.033683628080643596,2,2,0.6316371919356439,-0.6316371919356439,rise,rise
linear_regression,2022-06-27,0.07000000000000028,-0.008110795843662786,2,1,7.811079584366307,-7.811079584366307,rise,flat
linear_regression,2022-06-28,0.0,-0.030401115962402643,1,0,3.0401115962402643,-3.0401115962402643,flat,fall
linear_regression,2022-06-29,-0.10000000000000009,-0.004547045081824071,0,1,9.545295491817601,9.545295491817601,fall,flat
linear_regression,2022-06-30,-0.1200000000000001,-0.037486259129363375,0,0,8.251374087063674,8.251374087063674,fall,fall
linear_regression,2022-07-01,-0.10000000000000009,0.034977763595545025,0,2,13.49777635955451,13.49777635955451,fall,rise
linear_regression,2022-07-05,-0.06000000000000005,0.015148942404891903,0,2,7.514894240489195,7.514894240489195,fall,rise
linear_regression,2022-07-06,0.11000000000000032,-0.005699010366919527,2,1,11.569901036691984,-11.569901036691984,rise,flat
linear_regression,2022-07-07,0.07999999999999963,0.002113586674649986,2,1,7.788641332534964,-7.788641332534964,rise,flat
linear_regression,2022-07-08,0.08000000000000007,0.02192938466492066,2,2,5.807061533507942,-5.807061533507942,rise,rise
linear_regression,2022-07-11,-0.09999999999999964,0.013488491605038523,0,2,11.348849160503818,11.348849160503818,fall,rise
linear_regression,2022-07-12,-0.03000000000000025,-0.04561189286194682,0,0,1.5611892861946572,-1.5611892861946572,fall,fall
linear_regression,2022-07-13,-0.04999999999999982,-0.026266303304928084,0,0,2.373369669507174,2.373369669507174,fall,fall
linear_regression,2022-07-14,0.04999999999999982,0.00977177380381794,2,1,4.022822619618188,-4.022822619618188,rise,flat
linear_regression,2022-07-15,-0.029999999999999805,-0.04660834850791015,0,0,1.6608348507910349,-1.6608348507910349,fall,fall
linear_regression,2022-07-18,0.029999999999999805,0.03496466528095614,2,2,0.49646652809563346,0.49646652809563346,rise,rise
linear_regression,2022-07-19,0.04999999999999982,0.0042868006054685125,2,1,4.57131993945313,-4.57131993945313,rise,flat
linear_regression,2022-07-20,0.03000000000000025,-0.03556229562811529,2,0,6.556229562811554,-6.556229562811554,rise,fall
linear_regression,2022-07-21,-0.1299999999999999,0.00636326875319195,0,1,13.636326875319185,13.636326875319185,fall,flat
linear_regression,2022-07-22,-0.14000000000000012,0.024949362699304343,0,2,16.494936269930445,16.494936269930445,fall,rise
linear_regression,2022-07-25,0.040000000000000036,0.06376296506459973,2,2,2.37629650645997,2.37629650645997,rise,rise
linear_regression,2022-07-26,0.0,-0.030701061170895338,1,0,3.0701061170895336,-3.0701061170895336,flat,fall
linear_regression,2022-07-27,-0.03000000000000025,0.00813458544705591,0,1,3.8134585447056155,3.8134585447056155,fall,flat
linear_regression,2022-07-28,-0.09999999999999964,-0.020782187347616866,0,0,7.921781265238279,7.921781265238279,fall,fall
linear_regression,2022-07-29,-0.010000000000000231,0.03550764766603347,0,2,4.55076476660337,4.55076476660337,fall,rise
linear_regression,2022-08-01,-0.06999999999999984,0.03649926908858325,0,2,10.649926908858308,10.649926908858308,fall,rise
linear_regression,2022-08-02,0.1499999999999999,0.05802787201231871,2,2,9.19721279876812,-9.19721279876812,rise,rise
linear_regression,2022-08-03,-0.020000000000000018,0.019948025783107278,0,2,3.99480257831073,3.99480257831073,fall,rise
linear_regression,2022-08-04,-0.04999999999999982,-0.017070718367667274,0,0,3.292928163233255,3.292928163233255,fall,fall
linear_regression,2022-08-05,0.1499999999999999,-0.02248217595464638,2,0,17.24821759546463,-17.24821759546463,rise,fall
linear_regression,2022-08-08,-0.06000000000000005,0.004554021190901114,0,1,6.455402119090118,6.455402119090118,fall,flat
linear_regression,2022-08-09,0.029999999999999805,-0.003155349575013046,2,1,3.315534957501285,-3.315534957501285,rise,flat
linear_regression,2022-08-10,-0.020000000000000018,-0.021839186292198314,0,0,0.18391862921982965,-0.18391862921982965,fall,fall
linear_regression,2022-08-11,0.0900000000000003,0.009662729515998487,2,1,8.03372704840018,-8.03372704840018,rise,flat
linear_regression,2022-08-12,-0.03000000000000025,-0.03511756269615994,0,0,0.5117562696159692,-0.5117562696159692,fall,fall
linear_regression,2022-08-15,-0.04999999999999982,-0.01874834248272463,0,0,3.1251657517275198,3.1251657517275198,fall,fall
linear_regression,2022-08-16,0.029999999999999805,-0.01975689419334885,2,0,4.9756894193348655,-4.9756894193348655,rise,fall
linear_regression,2022-08-17,0.07000000000000028,0.04202078995460687,2,2,2.7979210045393414,-2.7979210045393414,rise,rise
linear_regression,2022-08-18,-0.010000000000000231,-0.028217070074227812,0,0,1.8217070074227582,-1.8217070074227582,fall,fall
linear_regression,2022-08-19,0.10000000000000009,-0.06387823176757394,2,0,16.387823176757404,-16.387823176757404,rise,fall
linear_regression,2022-08-22,0.04999999999999982,-0.001364044569652723,2,1,5.136404456965255,-5.136404456965255,rise,flat
linear_regression,2022-08-23,0.020000000000000018,0.010098344178263486,2,2,0.9901655821736531,-0.9901655821736531,rise,rise
linear_regression,2022-08-24,0.06000000000000005,-0.032378568971201976,2,0,9.237856897120203,-9.237856897120203,rise,fall
linear_regression,2022-08-25,-0.08000000000000007,0.0017967293489947137,0,1,8.179672934899479,8.179672934899479,fall,flat
linear_regression,2022-08-26,0.010000000000000231,0.03002742603582979,2,2,2.002742603582956,2.002742603582956,rise,rise
linear_regression,2022-08-29,0.08000000000000007,0.00994756593430118,2,1,7.005243406569889,-7.005243406569889,rise,flat
linear_regression,2022-08-30,-0.010000000000000231,-0.020361951536242075,0,0,1.0361951536241845,-1.0361951536241845,fall,fall
linear_regression,2022-08-31,0.040000000000000036,-0.011266687044645929,2,0,5.126668704464596,-5.126668704464596,rise,fall
linear_regression,2022-09-01,0.10999999999999988,0.004183305092516667,2,1,10.58166949074832,-10.58166949074832,rise,flat
linear_regression,2022-09-02,-0.05999999999999961,0.022916625430268157,0,2,8.291662543026776,8.291662543026776,fall,rise
linear_regression,2022-09-06,0.1299999999999999,0.03258885535602929,2,2,9.74111446439706,-9.74111446439706,rise,rise
linear_regression,2022-09-07,-0.06000000000000005,-0.03782361218783663,0,0,2.2176387812163427,2.2176387812163427,fall,fall
linear_regression,2022-09-08,0.020000000000000018,-0.012080521587416201,2,0,3.208052158741622,-3.208052158741622,rise,fall
linear_regression,2022-09-09,0.040000000000000036,0.004639439492614042,2,1,3.5360560507385994,-3.5360560507385994,rise,flat
linear_regression,2022-09-12,0.040000000000000036,0.034106434834543425,2,2,0.589356516545661,-0.589356516545661,rise,rise
linear_regression,2022-09-13,0.04999999999999982,0.011221766661211675,2,2,3.8778233338788146,-3.8778233338788146,rise,rise
linear_regression,2022-09-14,-0.009999999999999787,0.000784069750133576,1,1,1.0784069750133363,1.0784069750133363,flat,flat
linear_regression,2022-09-15,0.040000000000000036,-0.012168757315841404,2,0,5.216875731584144,-5.216875731584144,rise,fall
linear_regression,2022-09-16,0.0,-0.023510452923603018,1,0,2.351045292360302,-2.351045292360302,flat,fall
linear_regression,2022-09-19,0.040000000000000036,-0.0183498276677568,2,0,5.834982766775684,-5.834982766775684,rise,fall
linear_regression,2022-09-20,0.07999999999999963,0.018412102760671126,2,2,6.15878972393285,-6.15878972393285,rise,rise
linear_regression,2022-09-21,-0.06000000000000005,-0.01275499690645843,0,0,4.724500309354163,4.724500309354163,fall,fall
linear_regression,2022-09-22,0.1900000000000004,0.0438435906482475,2,2,14.61564093517529,-14.61564093517529,rise,rise
linear_regression,2022-09-23,-0.010000000000000231,0.005262258944619501,0,1,1.5262258944619733,1.5262258944619733,fall,flat
linear_regression,2022-09-26,0.18999999999999995,-0.02279724205171949,2,0,21.27972420517194,-21.27972420517194,rise,fall
linear_regression,2022-09-27,0.0900000000000003,0.018531689025499055,2,2,7.146831097450125,-7.146831097450125,rise,rise
linear_regression,2022-09-28,-0.25,-0.028271122381556123,0,0,22.172887761844386,22.172887761844386,fall,fall
linear_regression,2022-09-29,0.03999999999999959,0.010492903048534733,2,2,2.950709695146486,-2.950709695146486,rise,rise
linear_regression,2022-09-30,0.07000000000000028,-0.04143025100430542,2,0,11.14302510043057,-11.14302510043057,rise,fall
linear_regression,2022-10-03,-0.16000000000000014,0.009330994392851873,0,1,16.9330994392852,16.9330994392852,fall,flat
linear_regression,2022-10-04,-0.04999999999999982,-0.054885500625050265,0,0,0.4885500625050443,-0.4885500625050443,fall,fall
linear_regression,2022-10-05,0.13999999999999968,0.01139799111320907,2,2,12.86020088867906,-12.86020088867906,rise,rise
linear_regression,2022-10-06,0.07000000000000028,-0.03985148954353171,2,0,10.9851489543532,-10.9851489543532,rise,fall
linear_regression,2022-10-07,0.06000000000000005,-0.02043144452457247,2,0,8.043144452457252,-8.043144452457252,rise,fall
linear_regression,2022-10-11,0.040000000000000036,-0.014054146765376684,2,0,5.405414676537672,-5.405414676537672,rise,fall
linear_regression,2022-10-12,-0.020000000000000018,0.004032739367000451,0,1,2.403273936700047,2.403273936700047,fall,flat
linear_regression,2022-10-13,0.06000000000000005,-0.025894996267498607,2,0,8.589499626749866,-8.589499626749866,rise,fall
linear_regression,2022-10-14,0.029999999999999805,0.005399919733771038,2,1,2.4600080266228765,-2.4600080266228765,rise,flat
linear_regression,2022-10-17,0.019999999999999574,0.02568320333941695,2,2,0.5683203339417378,0.5683203339417378,rise,rise
linear_regression,2022-10-18,-0.009999999999999787,0.0024542762284451326,1,1,1.245427622844492,1.245427622844492,flat,flat
linear_regression,2022-10-19,0.1299999999999999,-0.012082451947206429,2,0,14.20824519472063,-14.20824519472063,rise,fall
linear_regression,2022-10-20,0.10000000000000053,-0.0191195796121199,2,0,11.911957961212044,-11.911957961212044,rise,fall
linear_regression,2022-10-21,-0.03000000000000025,0.020087260350217396,0,2,5.008726035021764,5.008726035021764,fall,rise
linear_regression,2022-10-24,0.040000000000000036,-0.03889706372108054,2,0,7.889706372108058,-7.889706372108058,rise,fall
linear_regression,2022-10-25,-0.15000000000000036,-0.011939455280255199,0,0,13.806054471974516,13.806054471974516,fall,fall
linear_regression,2022-10-26,-0.05999999999999961,-0.016925448913612137,0,0,4.307455108638747,4.307455108638747,fall,fall
linear_regression,2022-10-27,-0.08000000000000007,0.002510974491571882,0,1,8.251097449157195,8.251097449157195,fall,flat
linear_regression,2022-10-28,0.05999999999999961,0.01993955064277281,2,2,4.00604493572268,-4.00604493572268,rise,rise
linear_regression,2022-10-31,0.08000000000000007,-0.011368919342782911,2,0,9.1368919342783,-9.1368919342783,rise,fall
linear_regression,2022-11-01,-0.02999999999999936,0.010057267311105702,0,2,4.0057267311105065,4.0057267311105065,fall,rise
linear_regression,2022-11-02,0.02999999999999936,0.009095166342223921,2,1,2.090483365777544,-2.090483365777544,rise,flat
linear_regression,2022-11-03,0.040000000000000036,0.03249341247223478,2,2,0.7506587527765257,-0.7506587527765257,rise,rise
linear_regression,2022-11-04,0.03000000000000025,0.042272000667245846,2,2,1.2272000667245597,1.2272000667245597,rise,rise
linear_regression,2022-11-07,0.04999999999999982,-0.03326929944491677,2,0,8.32692994449166,-8.32692994449166,rise,fall
linear_regression,2022-11-08,-0.08000000000000007,0.037457204758470766,0,2,11.745720475847083,11.745720475847083,fall,rise
linear_regression,2022-11-09,-0.019999999999999574,-0.010523587614347149,0,0,0.9476412385652425,0.9476412385652425,fall,fall
linear_regression,2022-11-10,-0.30000000000000027,-0.02804208611541819,0,0,27.195791388458208,27.195791388458208,fall,fall
linear_regression,2022-11-14,0.06000000000000005,-0.03765680066079623,2,0,9.765680066079629,-9.765680066079629,rise,fall
linear_regression,2022-11-15,-0.08000000000000007,-0.03019886947000634,0,0,4.980113052999373,4.980113052999373,fall,fall
linear_regression,2022-11-16,-0.1299999999999999,0.05103979610515186,0,2,18.103979610515175,18.103979610515175,fall,rise
linear_regression,2022-11-17,0.10000000000000009,-0.04201099027632542,2,0,14.201099027632551,-14.201099027632551,rise,fall
linear_regression,2022-11-18,0.04999999999999982,0.016986416731393107,2,2,3.301358326860672,-3.301358326860672,rise,rise
linear_regression,2022-11-21,0.010000000000000231,-0.02393480033913256,2,0,3.393480033913279,-3.393480033913279,rise,fall
linear_regression,2022-11-22,-0.07000000000000028,0.039114226364960564,0,2,10.911422636496084,10.911422636496084,fall,rise
linear_regression,2022-11-23,-0.04999999999999982,0.03990056547512004,0,2,8.990056547511987,8.990056547511987,fall,rise
linear_regression,2022-11-25,-0.029999999999999805,-0.020865647675043935,0,0,0.913435232495587,0.913435232495587,fall,fall
linear_regression,2022-11-28,0.009999999999999787,-0.03958063331182529,1,0,4.958063331182508,-4.958063331182508,flat,fall
linear_regression,2022-11-29,0.06000000000000005,0.028308164596465814,2,2,3.1691835403534236,-3.1691835403534236,rise,rise
linear_regression,2022-11-30,-0.06999999999999984,0.0097902470325638,0,1,7.979024703256364,7.979024703256364,fall,flat
linear_regression,2022-12-01,-0.15000000000000036,0.033246510995838335,0,2,18.324651099583868,18.324651099583868,fall,rise
linear_regression,2022-12-02,-0.020000000000000018,0.001742882737626665,0,1,2.1742882737626683,2.1742882737626683,fall,flat
linear_regression,2022-12-05,0.0900000000000003,-0.03448456666425187,2,0,12.448456666425217,-12.448456666425217,rise,fall
linear_regression,2022-12-06,-0.0900000000000003,0.0487816809386325,0,2,13.87816809386328,13.87816809386328,fall,rise
linear_regression,2022-12-07,-0.08999999999999986,-0.01550449078797846,0,0,7.44955092120214,7.44955092120214,fall,fall
linear_regression,2022-12-08,0.06000000000000005,-0.03632160584932939,2,0,9.632160584932944,-9.632160584932944,rise,fall
linear_regression,2022-12-09,0.08999999999999986,-0.02919665961332446,2,0,11.919665961332433,-11.919665961332433,rise,fall
linear_regression,2022-12-12,0.040000000000000036,-0.02353103690176169,2,0,6.353103690176173,-6.353103690176173,rise,fall
linear_regression,2022-12-13,-0.10000000000000009,0.04136402123974696,0,2,14.136402123974706,14.136402123974706,fall,rise
linear_regression,2022-12-14,-0.019999999999999574,0.03338604090515697,0,2,5.338604090515655,5.338604090515655,fall,rise
linear_regression,2022-12-15,-0.050000000000000266,0.003052725359667144,0,1,5.305272535966741,5.305272535966741,fall,flat
linear_regression,2022-12-16,0.040000000000000036,-0.0232585845078607,2,0,6.325858450786074,-6.325858450786074,rise,fall
linear_regression,2022-12-19,0.08999999999999986,0.012370977740738085,2,2,7.762902225926177,-7.762902225926177,rise,rise
linear_regression,2022-12-20,0.1200000000000001,-0.054362457314661175,2,0,17.436245731466126,-17.436245731466126,rise,fall
linear_regression,2022-12-21,-0.009999999999999787,-0.02814149148640809,1,0,1.81414914864083,-1.81414914864083,flat,fall
linear_regression,2022-12-22,-0.010000000000000231,0.009115142312092499,0,1,1.9115142312092728,1.9115142312092728,fall,flat
linear_regression,2022-12-23,0.08000000000000007,0.01999143822197792,2,2,6.0008561778022145,-6.0008561778022145,rise,rise
linear_regression,2022-12-27,0.08999999999999986,-0.03151272929455105,2,0,12.151272929455091,-12.151272929455091,rise,fall
linear_regression,2022-12-28,0.040000000000000036,0.0097589777529609,2,1,3.0241022247039133,-3.0241022247039133,rise,flat
linear_regression,2022-12-29,-0.04999999999999982,-0.021921789712233162,0,0,2.807821028776666,2.807821028776666,fall,fall
linear_regression,2022-12-30,0.04999999999999982,-2.2879477338708445e-05,2,1,5.002287947733853,-5.002287947733853,rise,flat
linear_regression,2023-01-03,-0.08999999999999986,-0.019221407347507408,0,0,7.077859265249245,7.077859265249245,fall,fall
linear_regression,2023-01-04,-0.10000000000000009,-0.027072185029359777,0,0,7.2927814970640314,7.2927814970640314,fall,fall
linear_regression,2023-01-05,0.020000000000000018,0.01006860335388332,2,2,0.9931396646116697,-0.9931396646116697,rise,rise
linear_regression,2023-01-06,-0.16000000000000014,0.05822091100981619,0,2,21.822091100981634,21.822091100981634,fall,rise
linear_regression,2023-01-09,-0.020000000000000018,0.03905874743663909,0,2,5.905874743663911,5.905874743663911,fall,rise
linear_regression,2023-01-10,0.08000000000000007,0.0060052013083190265,2,1,7.399479869168105,-7.399479869168105,rise,flat
linear_regression,2023-01-11,-0.06999999999999984,-0.04633511061692461,0,0,2.366488938307523,2.366488938307523,fall,fall
linear_regression,2023-01-12,-0.10999999999999988,-0.010506861251733897,0,0,9.949313874826599,9.949313874826599,fall,fall
linear_regression,2023-01-13,0.06000000000000005,0.025894082840800952,2,2,3.4105917159199097,-3.4105917159199097,rise,rise
linear_regression,2023-01-17,0.03999999999999959,0.020711477230884515,2,2,1.9288522769115075,-1.9288522769115075,rise,rise
linear_regression,2023-01-18,-0.1599999999999997,-0.022246097215650573,0,0,13.775390278434912,13.775390278434912,fall,fall
linear_regression,2023-01-19,0.020000000000000018,0.03881908713990351,2,2,1.881908713990349,1.881908713990349,rise,rise
linear_regression,2023-01-20,0.08999999999999986,0.008175326879158402,2,1,8.182467312084146,-8.182467312084146,rise,flat
linear_regression,2023-01-23,0.040000000000000036,0.035957999551343975,2,2,0.40420004486560607,-0.40420004486560607,rise,rise
linear_regression,2023-01-24,-0.06000000000000005,-0.03310965901385758,0,0,2.6890340986142474,2.6890340986142474,fall,fall
linear_regression,2023-01-25,0.0,-0.0150108969163283,1,0,1.50108969163283,-1.50108969163283,flat,fall
linear_regression,2023-01-26,0.03000000000000025,-0.012007864187322349,2,0,4.200786418732259,-4.200786418732259,rise,fall
linear_regression,2023-01-27,0.029999999999999805,-0.014070014109210837,2,0,4.4070014109210645,-4.4070014109210645,rise,fall
linear_regression,2023-01-30,0.029999999999999805,0.007294015195881676,2,1,2.2705984804118127,-2.2705984804118127,rise,flat
linear_regression,2023-01-31,-0.029999999999999805,-0.06352791013336737,0,0,3.352791013336756,-3.352791013336756,fall,fall
linear_regression,2023-02-01,-0.1299999999999999,-0.008826396296612537,0,1,12.117360370338735,12.117360370338735,fall,flat
linear_regression,2023-02-02,0.009999999999999787,0.0032596446902322758,1,1,0.6740355309767511,-0.6740355309767511,flat,flat
linear_regression,2023-02-03,0.1299999999999999,0.031640076457128394,2,2,9.83599235428715,-9.83599235428715,rise,rise
linear_regression,2023-02-06,0.10000000000000009,0.023791915485787872,2,2,7.620808451421221,-7.620808451421221,rise,rise
linear_regression,2023-02-07,0.040000000000000036,-0.01945216383725396,2,0,5.945216383725399,-5.945216383725399,rise,fall
linear_regression,2023-02-08,-0.040000000000000036,0.01872455414113441,0,2,5.872455414113445,5.872455414113445,fall,rise
linear_regression,2023-02-09,0.040000000000000036,0.002039551642716142,2,1,3.796044835728389,-3.796044835728389,rise,flat
linear_regression,2023-02-10,0.07000000000000028,-0.00424407853165827,2,1,7.424407853165856,-7.424407853165856,rise,flat
linear_regression,2023-02-13,-0.020000000000000018,-0.012994982192149753,0,0,0.7005017807850265,0.7005017807850265,fall,fall
linear_regression,2023-02-14,0.04999999999999982,0.005634337763516354,2,1,4.436566223648347,-4.436566223648347,rise,flat
linear_regression,2023-02-15,0.040000000000000036,0.010019125069962206,2,2,2.998087493003783,-2.998087493003783,rise,rise
linear_regression,2023-02-16,0.04999999999999982,-0.038142261774957595,2,0,8.814226177495742,-8.814226177495742,rise,fall
linear_regression,2023-02-17,-0.040000000000000036,0.037857644657572215,0,2,7.785764465757225,7.785764465757225,fall,rise
linear_regression,2023-02-21,0.13000000000000034,-0.032512119872761855,2,0,16.25121198727622,-16.25121198727622,rise,fall
linear_regression,2023-02-22,-0.020000000000000018,-0.03814197762196639,0,0,1.814197762196637,-1.814197762196637,fall,fall
linear_regression,2023-02-23,-0.050000000000000266,-0.01482273909138675,0,0,3.517726090861352,3.517726090861352,fall,fall
linear_regression,2023-02-24,0.07000000000000028,0.027786934725537733,2,2,4.221306527446255,-4.221306527446255,rise,rise
linear_regression,2023-02-27,-0.03000000000000025,-0.030848360498985598,0,0,0.0848360498985349,-0.0848360498985349,fall,fall
linear_regression,2023-02-28,0.0,-0.015233040725581648,1,0,1.5233040725581648,-1.5233040725581648,flat,fall
linear_regression,2023-03-01,0.08999999999999986,-0.00255278901660614,2,1,9.2552789016606,-9.2552789016606,rise,flat
linear_regression,2023-03-02,0.07000000000000028,0.008867363872443267,2,1,6.113263612755702,-6.113263612755702,rise,flat
linear_regression,2023-03-03,-0.10999999999999988,-0.009237050061139205,0,1,10.076294993886068,10.076294993886068,fall,flat
linear_regression,2023-03-06,0.009999999999999787,-0.016704197006504953,1,0,2.670419700650474,-2.670419700650474,flat,fall
linear_regression,2023-03-07,-0.009999999999999787,-0.014425364949089477,1,0,0.44253649490896896,-0.44253649490896896,flat,fall
linear_regression,2023-03-08,0.009999999999999787,-0.008020882600092587,1,1,1.8020882600092374,-1.8020882600092374,flat,flat
linear_regression,2023-03-09,-0.04999999999999982,0.0035131401007362914,0,1,5.351314010073612,5.351314010073612,fall,flat
linear_regression,2023-03-10,-0.22999999999999998,0.04736552869884034,0,2,27.736552869884036,27.736552869884036,fall,rise
linear_regression,2023-03-13,-0.15000000000000036,-0.03465556969436166,0,0,11.53444303056387,11.53444303056387,fall,fall
linear_regression,2023-03-14,0.0900000000000003,-0.015961826443756166,2,0,10.596182644375647,-10.596182644375647,rise,fall
linear_regression,2023-03-15,-0.13000000000000034,0.0028992389831263583,0,1,13.289923898312669,13.289923898312669,fall,flat
linear_regression,2023-03-16,0.050000000000000266,0.007616385570153617,2,1,4.238361442984665,-4.238361442984665,rise,flat
linear_regression,2023-03-17,-0.16999999999999993,0.052136565117911426,0,2,22.213656511791136,22.213656511791136,fall,rise
linear_regression,2023-03-20,0.08000000000000007,-0.03155600896828673,2,0,11.15560089682868,-11.15560089682868,rise,fall
linear_regression,2023-03-21,0.11999999999999966,0.053744518765007146,2,2,6.625548123499252,-6.625548123499252,rise,rise
linear_regression,2023-03-22,-0.10999999999999988,-0.048168619928683196,0,0,6.183138007131668,6.183138007131668,fall,fall
linear_regression,2023-03-23,-0.10000000000000009,0.019633122003035675,0,2,11.963312200303577,11.963312200303577,fall,rise
linear_regression,2023-03-24,0.0,-0.03580462696599837,1,0,3.580462696599837,-3.580462696599837,flat,fall
linear_regression,2023-03-27,0.1499999999999999,0.008327621059213848,2,1,14.167237894078607,-14.167237894078607,rise,flat
linear_regression,2023-03-28,0.020000000000000018,0.05186495949227342,2,2,3.18649594922734,3.18649594922734,rise,rise
linear_regression,2023-03-29,0.020000000000000018,-0.0006368243618617118,2,1,2.063682436186173,-2.063682436186173,rise,flat
linear_regression,2023-03-30,-0.020000000000000018,0.0945889245884595,0,2,11.458892458845952,11.458892458845952,fall,rise
linear_regression,2023-03-31,-0.06999999999999984,-0.05135085067809836,0,0,1.8649149321901481,1.8649149321901481,fall,fall
linear_regression,2023-04-03,-0.04999999999999982,0.023334350718750584,0,2,7.333435071875042,7.333435071875042,fall,rise
linear_regression,2023-04-04,-0.08000000000000007,-0.006186831560357623,0,1,7.381316843964244,7.381316843964244,fall,flat
linear_regression,2023-04-05,-0.050000000000000266,0.02766143857270929,0,2,7.766143857270956,7.766143857270956,fall,rise
linear_regression,2023-04-06,0.0,0.00842258978399912,1,1,0.842258978399912,0.842258978399912,flat,flat
linear_regression,2023-04-07,0.0900000000000003,0.05736755777113832,2,2,3.263244222886198,-3.263244222886198,rise,rise
linear_regression,2023-04-10,0.020000000000000018,0.051762092160507936,2,2,3.176209216050792,3.176209216050792,rise,rise
linear_regression,2023-04-11,0.020000000000000018,0.012086657910831616,2,2,0.7913342089168403,-0.7913342089168403,rise,rise
linear_regression,2023-04-12,-0.020000000000000018,0.014884549342160044,0,2,3.4884549342160067,3.4884549342160067,fall,rise
linear_regression,2023-04-13,0.040000000000000036,-0.014440621570988207,2,0,5.444062157098824,-5.444062157098824,rise,fall
linear_regression,2023-04-14,0.06999999999999984,0.0020594729672751364,2,1,6.79405270327247,-6.79405270327247,rise,flat
linear_regression,2023-04-17,0.08000000000000007,-0.05327620758770599,2,0,13.327620758770605,-13.327620758770605,rise,fall
linear_regression,2023-04-18,-0.020000000000000018,0.01306276538703242,0,2,3.3062765387032442,3.3062765387032442,fall,rise
linear_regression,2023-04-19,0.020000000000000018,-0.0568775465689047,2,0,7.687754656890472,-7.687754656890472,rise,fall
linear_regression,2023-04-20,-0.06000000000000005,0.00513679985452077,0,1,6.513679985452082,6.513679985452082,fall,flat
linear_regression,2023-04-21,0.029999999999999805,0.001097310782420384,2,1,2.8902689217579423,-2.8902689217579423,rise,flat
linear_regression,2023-04-24,-0.04999999999999982,0.05742689675510439,0,2,10.742689675510421,10.742689675510421,fall,rise
linear_regression,2023-04-25,-0.1200000000000001,-0.09269809281640337,0,0,2.7301907183596734,2.7301907183596734,fall,fall
linear_regression,2023-04-26,0.03000000000000025,-0.051321672893433076,2,0,8.132167289343332,-8.132167289343332,rise,fall
linear_regression,2023-04-27,0.09999999999999964,0.0023759439149779347,2,1,9.76240560850217,-9.76240560850217,rise,flat
linear_regression,2023-04-28,-0.08999999999999986,-0.053323663969057855,0,0,3.6676336030942003,3.6676336030942003,fall,fall
linear_regression,2023-05-01,0.1499999999999999,-0.011401077075681079,2,0,16.1401077075681,-16.1401077075681,rise,fall
linear_regression,2023-05-02,-0.1499999999999999,-0.02759728020218232,0,0,12.240271979781758,12.240271979781758,fall,fall
linear_regression,2023-05-03,-0.06000000000000005,0.006393601503728835,0,1,6.639360150372889,6.639360150372889,fall,flat
linear_regression,2023-05-04,-0.009999999999999787,0.007221214667779226,1,1,1.7221214667779012,1.7221214667779012,flat,flat
linear_regression,2023-05-05,0.06999999999999984,0.01771342500351623,2,2,5.228657499648361,-5.228657499648361,rise,rise
linear_regression,2023-05-08,0.08000000000000007,0.010944018530653203,2,2,6.905598146934687,-6.905598146934687,rise,rise
linear_regression,2023-05-09,0.009999999999999787,-0.006581947123250123,1,1,1.658194712324991,-1.658194712324991,flat,flat
linear_regression,2023-05-10,-0.09999999999999964,-0.026802924929539867,0,0,7.319707507045978,7.319707507045978,fall,fall
linear_regression,2023-05-11,-0.040000000000000036,0.07191215753639414,0,2,11.191215753639417,11.191215753639417,fall,rise
linear_regression,2023-05-12,0.06999999999999984,-0.03101981082282314,2,0,10.101981082282299,-10.101981082282299,rise,fall
linear_regression,2023-05-15,0.040000000000000036,0.020053110378841943,2,2,1.9946889621158093,-1.9946889621158093,rise,rise
linear_regression,2023-05-16,0.040000000000000036,-0.05921740762409988,2,0,9.921740762409993,-9.921740762409993,rise,fall
linear_regression,2023-05-17,0.029999999999999805,0.04773594673118767,2,2,1.7735946731187862,1.7735946731187862,rise,rise
linear_regression,2023-05-18,0.08000000000000007,-0.02620657372103637,2,0,10.620657372103643,-10.620657372103643,rise,fall
linear_regression,2023-05-19,0.050000000000000266,-0.023450888425281025,2,0,7.345088842528129,-7.345088842528129,rise,fall
linear_regression,2023-05-22,0.020000000000000018,0.013392682257427627,2,2,0.6607317742572391,-0.6607317742572391,rise,rise
linear_regression,2023-05-23,-0.020000000000000018,-0.006729290146592716,0,1,1.32707098534073,1.32707098534073,fall,flat
linear_regression,2023-05-24,0.029999999999999805,-0.04152576744472618,2,0,7.152576744472598,-7.152576744472598,rise,fall
linear_regression,2023-05-25,0.10000000000000009,0.02674844223285262,2,2,7.325155776714746,-7.325155776714746,rise,rise
linear_regression,2023-05-26,-0.03000000000000025,0.003709797965751961,0,1,3.3709797965752206,3.3709797965752206,fall,flat
linear_regression,2023-05-30,-0.10999999999999988,0.021569485198699383,0,2,13.156948519869927,13.156948519869927,fall,rise
linear_regression,2023-05-31,-0.04999999999999982,-0.045529360616806666,0,0,0.4470639383193156,0.4470639383193156,fall,fall
linear_regression,2023-06-01,-0.03000000000000025,-0.02573102111491861,0,0,0.42689788850816396,0.42689788850816396,fall,fall
linear_regression,2023-06-02,0.08000000000000007,0.042023185344330555,2,2,3.7976814655669515,-3.7976814655669515,rise,rise
linear_regression,2023-06-05,0.0,-0.005695361327800356,1,1,0.5695361327800356,-0.5695361327800356,flat,flat
linear_regression,2023-06-06,0.010000000000000231,0.05621419614421887,2,2,4.621419614421864,4.621419614421864,rise,rise
linear_regression,2023-06-07,0.08999999999999986,0.005310309627095368,2,1,8.46896903729045,-8.46896903729045,rise,flat
linear_regression,2023-06-08,-0.06000000000000005,-0.03872230776842092,0,0,2.1277692231579133,2.1277692231579133,fall,fall
linear_regression,2023-06-09,0.020000000000000018,0.012672042578376615,2,2,0.7327957421623402,-0.7327957421623402,rise,rise
linear_regression,2023-06-12,-0.020000000000000018,-0.054059301561950934,0,0,3.4059301561950917,-3.4059301561950917,fall,fall
linear_regression,2023-06-13,0.10999999999999988,-0.004468900747701945,2,1,11.446890074770181,-11.446890074770181,rise,flat
linear_regression,2023-06-14,-0.009999999999999787,-0.008593069950565219,1,1,0.14069300494345682,0.14069300494345682,flat,flat
linear_regression,2023-06-15,-0.10999999999999988,0.014991695541986514,0,2,12.49916955419864,12.49916955419864,fall,rise
linear_regression,2023-06-16,0.04999999999999982,0.01995657338595182,2,2,3.0043426614048,-3.0043426614048,rise,rise
linear_regression,2023-06-20,-0.029999999999999805,-0.0069746318786950996,0,1,2.302536812130471,2.302536812130471,fall,flat
linear_regression,2023-06-21,-0.020000000000000018,-0.024722619062867005,0,0,0.4722619062866987,-0.4722619062866987,fall,fall
linear_regression,2023-06-22,0.07999999999999963,0.028261144182383287,2,2,5.173885581761634,-5.173885581761634,rise,rise
linear_regression,2023-06-23,-0.05999999999999961,0.006605387322308601,0,1,6.660538732230821,6.660538732230821,fall,flat
linear_regression,2023-06-26,-0.020000000000000018,-0.022519034511200554,0,0,0.25190345112005363,-0.25190345112005363,fall,fall
linear_regression,2023-06-27,0.04999999999999982,0.0025896487177248977,2,1,4.741035128227492,-4.741035128227492,rise,flat
linear_regression,2023-06-28,-0.06000000000000005,-0.012085825337205189,0,0,4.791417466279486,4.791417466279486,fall,fall
linear_regression,2023-06-29,0.14000000000000012,0.014150197857883774,2,2,12.584980214211635,-12.584980214211635,rise,rise
linear_regression,2023-06-30,-0.040000000000000036,0.008502255088979834,0,1,4.850225508897987,4.850225508897987,fall,flat
linear_regression,2023-07-03,0.04999999999999982,0.02367716604035856,2,2,2.632283395964126,-2.632283395964126,rise,rise
linear_regression,2023-07-05,0.0900000000000003,0.020453905362589595,2,2,6.954609463741071,-6.954609463741071,rise,rise
linear_regression,2023-07-06,0.09999999999999964,-0.004883209739349173,2,1,10.488320973934883,-10.488320973934883,rise,flat
linear_regression,2023-07-07,0.009999999999999787,0.08853873269712416,1,2,7.853873269712437,7.853873269712437,flat,rise
linear_regression,2023-07-10,-0.04999999999999982,-0.01319191044552559,0,0,3.6808089554474233,3.6808089554474233,fall,fall
linear_regression,2023-07-11,-0.019999999999999574,-0.02932740220916995,0,0,0.9327402209170378,-0.9327402209170378,fall,fall
linear_regression,2023-07-12,-0.13000000000000034,0.00950333748263905,0,1,13.950333748263938,13.950333748263938,fall,flat
linear_regression,2023-07-13,-0.10000000000000009,0.0050317852335110035,0,1,10.503178523351108,10.503178523351108,fall,flat
linear_regression,2023-07-14,0.07000000000000028,0.022481061019968794,2,2,4.751893898003149,-4.751893898003149,rise,rise
linear_regression,2023-07-17,-0.020000000000000018,0.0056098487528607925,0,1,2.560984875286081,2.560984875286081,fall,flat
linear_regression,2023-07-18,-0.010000000000000231,0.05839587226655635,0,2,6.839587226655658,6.839587226655658,fall,rise
linear_regression,2023-07-19,-0.04999999999999982,0.00363613349235185,0,1,5.363613349235168,5.363613349235168,fall,flat
linear_regression,2023-07-20,0.10000000000000009,0.002715108302163511,2,1,9.728489169783657,-9.728489169783657,rise,flat
linear_regression,2023-07-21,-0.010000000000000231,-0.021864421605491586,0,0,1.1864421605491355,-1.1864421605491355,fall,fall
linear_regression,2023-07-24,0.020000000000000018,0.038927052810114535,2,2,1.8927052810114517,1.8927052810114517,rise,rise
linear_regression,2023-07-25,0.050000000000000266,0.011524096503026859,2,2,3.8475903496973407,-3.8475903496973407,rise,rise
linear_regression,2023-07-26,-0.050000000000000266,0.02784133522897159,0,2,7.784133522897186,7.784133522897186,fall,rise
linear_regression,2023-07-27,0.1499999999999999,-0.03609103488888468,2,0,18.609103488888458,-18.609103488888458,rise,fall
linear_regression,2023-07-28,-0.04999999999999982,0.0169850531997437,0,2,6.698505319974352,6.698505319974352,fall,rise
linear_regression,2023-07-31,0.010000000000000231,0.001595109353118203,2,1,0.8404890646882028,-0.8404890646882028,rise,flat
linear_regression,2023-08-01,0.07999999999999963,-0.001978324703543073,2,1,8.19783247035427,-8.19783247035427,rise,flat
linear_regression,2023-08-02,0.03000000000000025,0.01715017952655934,2,2,1.284982047344091,-1.284982047344091,rise,rise
linear_regression,2023-08-03,0.1200000000000001,0.007478995460793714,2,1,11.25210045392064,-11.25210045392064,rise,flat
linear_regression,2023-08-04,-0.15000000000000036,-0.04687918693429133,0,0,10.312081306570903,10.312081306570903,fall,fall
linear_regression,2023-08-07,0.040000000000000036,0.015866840744962866,2,2,2.413315925503717,-2.413315925503717,rise,rise
linear_regression,2023-08-08,-0.07000000000000028,-0.033262119101421,0,0,3.6737880898579283,3.6737880898579283,fall,fall
linear_regression,2023-08-09,-0.019999999999999574,-0.013662708737284071,0,0,0.6337291262715502,0.6337291262715502,fall,fall
linear_regression,2023-08-10,0.08999999999999986,0.015601203021561868,2,2,7.439879697843798,-7.439879697843798,rise,rise
linear_regression,2023-08-11,0.07000000000000028,0.0012606112986421943,2,1,6.8739388701358095,-6.8739388701358095,rise,flat
linear_regression,2023-08-14,0.03000000000000025,0.01849613366915567,2,2,1.1503866330844579,-1.1503866330844579,rise,rise
linear_regression,2023-08-15,0.019999999999999574,-0.014875019504218025,2,0,3.48750195042176,-3.48750195042176,rise,fall
linear_regression,2023-08-16,0.07000000000000028,0.014916450489687417,2,2,5.508354951031287,-5.508354951031287,rise,rise
linear_regression,2023-08-17,0.019999999999999574,0.056179260183752563,2,2,3.617926018375299,3.617926018375299,rise,rise
linear_regression,2023-08-18,-0.040000000000000036,-0.046625350085892386,0,0,0.6625350085892351,-0.6625350085892351,fall,fall
linear_regression,2023-08-21,0.08000000000000007,0.01024264156747496,2,2,6.975735843252512,-6.975735843252512,rise,rise
linear_regression,2023-08-22,0.0,-0.04067142284251268,1,0,4.067142284251268,-4.067142284251268,flat,fall
linear_regression,2023-08-23,-0.14999999999999947,0.028090159217886303,0,2,17.809015921788575,17.809015921788575,fall,rise
linear_regression,2023-08-24,0.040000000000000036,-0.04124105791197605,2,0,8.124105791197609,-8.124105791197609,rise,fall
linear_regression,2023-08-25,0.019999999999999574,0.016105366717448683,2,2,0.38946332825508906,-0.38946332825508906,rise,rise
linear_regression,2023-08-28,-0.04999999999999982,0.04269579170537814,0,2,9.269579170537796,9.269579170537796,fall,rise
linear_regression,2023-08-29,-0.08000000000000007,0.0011239315494001633,0,1,8.112393154940023,8.112393154940023,fall,flat
linear_regression,2023-08-30,0.0,0.02400675820611786,1,2,2.4006758206117857,2.4006758206117857,flat,rise
linear_regression,2023-08-31,-0.03000000000000025,0.02343608396566211,0,2,5.3436083965662355,5.3436083965662355,fall,rise
linear_regression,2023-09-01,0.08999999999999986,-0.01160383624707213,2,0,10.1603836247072,-10.1603836247072,rise,fall
linear_regression,2023-09-05,0.08999999999999986,0.044706057747373476,2,2,4.529394225262638,-4.529394225262638,rise,rise
linear_regression,2023-09-06,0.03000000000000025,0.005146545436199499,2,1,2.4853454563800748,-2.4853454563800748,rise,flat
linear_regression,2023-09-07,-0.03000000000000025,0.0045473121380083786,0,1,3.454731213800863,3.454731213800863,fall,flat
linear_regression,2023-09-08,-0.009999999999999787,-0.02859709580071445,1,0,1.8597095800714663,-1.8597095800714663,flat,fall
linear_regression,2023-09-11,0.03000000000000025,-0.00843040974392232,2,1,3.843040974392257,-3.843040974392257,rise,flat
linear_regression,2023-09-12,-0.020000000000000462,0.003400918200497832,0,1,2.3400918200498295,2.3400918200498295,fall,flat
linear_regression,2023-09-13,-0.019999999999999574,-0.020724033525917607,0,0,0.07240335259180337,-0.07240335259180337,fall,fall
linear_regression,2023-09-14,0.040000000000000036,0.0011883100749337829,2,1,3.8811689925066255,-3.8811689925066255,rise,flat
linear_regression,2023-09-15,0.040000000000000036,0.00885418056943136,2,1,3.1145819430568675,-3.1145819430568675,rise,flat
linear_regression,2023-09-18,-0.009999999999999787,-0.02983222363740574,1,0,1.9832223637405955,-1.9832223637405955,flat,fall
linear_regression,2023-09-19,0.04999999999999982,0.006168185851119263,2,1,4.383181414888056,-4.383181414888056,rise,flat
linear_regression,2023-09-20,-0.020000000000000462,-0.020917218595473644,0,0,0.09172185954731821,-0.09172185954731821,fall,fall
linear_regression,2023-09-21,0.14000000000000057,0.020479116232572578,2,2,11.952088376742799,-11.952088376742799,rise,rise
linear_regression,2023-09-22,-0.04999999999999982,0.025319451319852006,0,2,7.531945131985182,7.531945131985182,fall,rise
linear_regression,2023-09-25,0.10999999999999943,-0.02956254590210933,2,0,13.956254590210875,-13.956254590210875,rise,fall
linear_regression,2023-09-26,0.009999999999999787,0.0033699741799203342,1,1,0.6630025820079453,-0.6630025820079453,flat,flat
linear_regression,2023-09-27,0.05000000000000071,-0.010780935657228515,2,0,6.078093565722923,-6.078093565722923,rise,fall
linear_regression,2023-09-28,-0.020000000000000462,0.024544606211981547,0,2,4.4544606211982005,4.4544606211982005,fall,rise
linear_regression,2023-09-29,0.0,-0.007653380486736399,1,1,0.7653380486736399,-0.7653380486736399,flat,flat
linear_regression,2023-10-02,0.10000000000000053,0.010452862537709893,2,2,8.954713746229064,-8.954713746229064,rise,rise
linear_regression,2023-10-03,0.11999999999999922,-0.028019248271434934,2,0,14.801924827143415,-14.801924827143415,rise,fall
linear_regression,2023-10-04,-0.07999999999999918,0.005977597945993247,0,1,8.597759794599243,8.597759794599243,fall,flat
linear_regression,2023-10-05,-0.010000000000000675,-0.02849988310789263,0,0,1.8499883107891955,-1.8499883107891955,fall,fall
linear_regression,2023-10-06,0.0600000000000005,0.003835771701546708,2,1,5.616422829845378,-5.616422829845378,rise,flat
linear_regression,2023-10-10,-0.1200000000000001,-0.0034322545108685758,0,1,11.656774548913154,11.656774548913154,fall,flat
linear_regression,2023-10-11,-0.08000000000000007,-0.014440245925916605,0,0,6.555975407408346,6.555975407408346,fall,fall
linear_regression,2023-10-12,0.1200000000000001,0.01640644953635512,2,2,10.359355046364499,-10.359355046364499,rise,rise
linear_regression,2023-10-13,-0.07000000000000028,0.011682838048448352,0,2,8.168283804844863,8.168283804844863,fall,rise
linear_regression,2023-10-16,0.08000000000000007,0.0002496425912634258,2,1,7.975035740873665,-7.975035740873665,rise,flat
linear_regression,2023-10-17,0.1200000000000001,0.007897209354218587,2,1,11.210279064578152,-11.210279064578152,rise,flat
linear_regression,2023-10-18,0.08000000000000007,0.010355140555471437,2,2,6.964485944452864,-6.964485944452864,rise,rise
linear_regression,2023-10-19,0.07000000000000028,0.017118891596858525,2,2,5.288110840314176,-5.288110840314176,rise,rise
linear_regression,2023-10-20,-0.05000000000000071,0.002584262543037707,0,1,5.258426254303842,5.258426254303842,fall,flat
linear_regression,2023-10-23,-0.0699999999999994,0.010027614083793589,0,2,8.002761408379298,8.002761408379298,fall,rise
linear_regression,2023-10-24,-0.03000000000000025,-0.021738444124201225,0,0,0.8261555875799024,0.8261555875799024,fall,fall
linear_regression,2023-10-25,0.1200000000000001,-0.0007504002820173021,2,1,12.075040028201741,-12.075040028201741,rise,flat
linear_regression,2023-10-26,-0.08999999999999986,0.013472615305441318,0,2,10.347261530544118,10.347261530544118,fall,rise
linear_regression,2023-10-27,-0.020000000000000462,0.020089782977441847,0,2,4.008978297744231,4.008978297744231,fall,rise
linear_regression,2023-10-30,0.040000000000000036,0.011551899172086275,2,2,2.8448100827913763,-2.8448100827913763,rise,rise
linear_regression,2023-10-31,0.0,0.018291875664766276,1,2,1.8291875664766275,1.8291875664766275,flat,rise
linear_regression,2023-11-01,-0.11000000000000032,-0.012687681178680861,0,0,9.731231882131947,9.731231882131947,fall,fall
linear_regression,2023-11-02,-0.09999999999999964,0.0007607055826590395,0,1,10.076070558265867,10.076070558265867,fall,flat
linear_regression,2023-11-03,-0.09999999999999964,0.009130404925639508,0,1,10.913040492563916,10.913040492563916,fall,flat
linear_regression,2023-11-06,0.09999999999999964,-0.009205838721617916,2,1,10.920583872161755,-10.920583872161755,rise,flat
linear_regression,2023-11-07,-0.08999999999999986,-0.002383607409272546,0,1,8.761639259072732,8.761639259072732,fall,flat
linear_regression,2023-11-08,-0.08999999999999986,-0.0262810907708247,0,0,6.371890922917515,6.371890922917515,fall,fall
linear_regression,2023-11-09,0.1299999999999999,0.008945530298350412,2,1,12.105446970164948,-12.105446970164948,rise,flat
linear_regression,2023-11-10,-0.009999999999999787,0.04290131683213212,1,2,5.290131683213191,5.290131683213191,flat,rise
linear_regression,2023-11-13,0.019999999999999574,-0.012402638387111638,2,0,3.2402638387111216,-3.2402638387111216,rise,fall
linear_regression,2023-11-14,-0.1899999999999995,0.03553385268663055,0,2,22.553385268663007,22.553385268663007,fall,rise
linear_regression,2023-11-15,0.08999999999999986,-0.020783414308708684,2,0,11.078341430870854,-11.078341430870854,rise,fall
linear_regression,2023-11-16,-0.08000000000000007,-0.013906944089488105,0,0,6.609305591051197,6.609305591051197,fall,fall
linear_regression,2023-11-17,-0.009999999999999787,0.0009287115411126092,1,1,1.0928711541112395,1.0928711541112395,flat,flat
linear_regression,2023-11-20,-0.020000000000000462,0.007174268758550513,0,1,2.7174268758550975,2.7174268758550975,fall,flat
linear_regression,2023-11-21,-0.009999999999999787,-0.007311148351899681,1,1,0.26888516481001057,0.26888516481001057,flat,flat
linear_regression,2023-11-22,0.009999999999999787,0.018710314170199163,1,2,0.8710314170199376,0.8710314170199376,flat,rise
linear_regression,2023-11-24,0.04999999999999982,-0.027693158300939158,2,0,7.769315830093898,-7.769315830093898,rise,fall
linear_regression,2023-11-27,-0.08000000000000007,0.029531673661544224,0,2,10.953167366154428,10.953167366154428,fall,rise
linear_regression,2023-11-28,-0.04999999999999982,-0.029687132507287602,0,0,2.031286749271222,2.031286749271222,fall,fall
linear_regression,2023-11-29,-0.07000000000000028,-0.00039260775469979496,0,1,6.960739224530049,6.960739224530049,fall,flat
linear_regression,2023-11-30,0.10000000000000053,-0.024779048221218018,2,0,12.477904822121854,-12.477904822121854,rise,fall
linear_regression,2023-12-01,-0.15000000000000036,-0.0016239123562153978,0,1,14.837608764378496,14.837608764378496,fall,flat
linear_regression,2023-12-04,0.0600000000000005,-0.01230457242931452,2,0,7.230457242931501,-7.230457242931501,rise,fall
linear_regression,2023-12-05,-0.10000000000000053,0.0030936754619225936,0,1,10.309367546192313,10.309367546192313,fall,flat
linear_regression,2023-12-06,-0.05999999999999961,-0.012115937531606514,0,0,4.788406246839309,4.788406246839309,fall,fall
linear_regression,2023-12-07,0.019999999999999574,0.005484259545176456,2,1,1.4515740454823118,-1.4515740454823118,rise,flat
linear_regression,2023-12-08,0.09000000000000075,-0.018177521543187847,2,0,10.817752154318859,-10.817752154318859,rise,fall
linear_regression,2023-12-11,0.0,0.02176058318945783,1,2,2.176058318945783,2.176058318945783,flat,rise
linear_regression,2023-12-12,-0.03000000000000025,-0.022161236428902786,0,0,0.7838763571097463,0.7838763571097463,fall,fall
linear_regression,2023-12-13,-0.16000000000000014,0.035588387090762036,0,2,19.558838709076216,19.558838709076216,fall,rise
linear_regression,2023-12-14,-0.1200000000000001,-0.00797139156463026,0,1,11.202860843536985,11.202860843536985,fall,flat
linear_regression,2023-12-15,-0.009999999999999787,0.0141619119206664,1,2,2.4161911920666186,2.4161911920666186,flat,rise
linear_regression,2023-12-18,0.040000000000000036,0.014520305566608833,2,2,2.5479694433391202,-2.5479694433391202,rise,rise
linear_regression,2023-12-19,-0.020000000000000018,0.014174021498066045,0,2,3.417402149806606,3.417402149806606,fall,rise
linear_regression,2023-12-20,-0.07000000000000028,0.015171634127467082,0,2,8.517163412746736,8.517163412746736,fall,rise
linear_regression,2023-12-21,0.03000000000000025,-0.0020025984601998153,2,1,3.2002598460200065,-3.2002598460200065,rise,flat
linear_regression,2023-12-22,0.009999999999999787,-0.014494312736073845,1,0,2.449431273607363,-2.449431273607363,flat,fall
linear_regression,2023-12-26,-0.009999999999999787,0.013587020477993388,1,2,2.3587020477993175,2.3587020477993175,flat,rise
linear_regression,2023-12-27,-0.10000000000000009,-0.006216884268641894,0,1,9.37831157313582,9.37831157313582,fall,flat
linear_regression,2023-12-28,0.04999999999999982,-0.021609174314584718,2,0,7.160917431458453,-7.160917431458453,rise,fall
linear_regression,2023-12-29,0.040000000000000036,0.022762192805940586,2,2,1.723780719405945,-1.723780719405945,rise,rise
linear_regression,2024-01-02,0.07000000000000028,-0.022448263526771536,2,0,9.244826352677183,-9.244826352677183,rise,fall
linear_regression,2024-01-03,-0.040000000000000036,-0.04047800551603567,0,0,0.047800551603563446,-0.047800551603563446,fall,fall
linear_regression,2024-01-04,0.08000000000000007,-0.01789417968840203,2,0,9.78941796884021,-9.78941796884021,rise,fall
linear_regression,2024-01-05,0.05999999999999961,0.011898267449144954,2,2,4.8101732550854654,-4.8101732550854654,rise,rise
linear_regression,2024-01-08,-0.040000000000000036,-0.020082560293059163,0,0,1.9917439706940872,1.9917439706940872,fall,fall
linear_regression,2024-01-09,0.009999999999999787,-0.018684388093042095,1,0,2.868438809304188,-2.868438809304188,flat,fall
linear_regression,2024-01-10,0.020000000000000462,0.020004517924972313,2,2,0.00045179249718516057,0.00045179249718516057,rise,rise
linear_regression,2024-01-11,-0.06000000000000005,-0.0003346795768145571,0,1,5.9665320423185495,5.9665320423185495,fall,flat
linear_regression,2024-01-12,-0.020000000000000018,-0.004413803431776518,0,1,1.55861965682235,1.55861965682235,fall,flat
linear_regression,2024-01-16,0.11000000000000032,-0.01689696785471061,2,0,12.689696785471094,-12.689696785471094,rise,fall
linear_regression,2024-01-17,0.02999999999999936,0.014293233794449819,2,2,1.570676620554954,-1.570676620554954,rise,rise
linear_regression,2024-01-18,0.040000000000000036,0.011401540787664314,2,2,2.859845921233572,-2.859845921233572,rise,rise
linear_regression,2024-01-19,0.010000000000000675,0.02358424696394697,2,2,1.3584246963946296,1.3584246963946296,rise,rise
linear_regression,2024-01-22,-0.040000000000000036,0.02607808607593144,0,2,6.607808607593148,6.607808607593148,fall,rise
linear_regression,2024-01-23,0.02999999999999936,-0.03078848296885345,2,0,6.078848296885281,-6.078848296885281,rise,fall
linear_regression,2024-01-24,0.040000000000000036,0.013579074188823197,2,2,2.642092581117684,-2.642092581117684,rise,rise
linear_regression,2024-01-25,-0.040000000000000036,-0.025153003192374453,0,0,1.4846996807625583,1.4846996807625583,fall,fall
linear_regression,2024-01-26,0.010000000000000675,0.007919307836855936,2,1,0.20806921631447395,-0.20806921631447395,rise,flat
linear_regression,2024-01-29,-0.07000000000000028,0.007674513098151967,0,1,7.767451309815225,7.767451309815225,fall,flat
linear_regression,2024-01-30,-0.020000000000000462,0.006466326323985196,0,1,2.646632632398566,2.646632632398566,fall,flat
linear_regression,2024-01-31,-0.0699999999999994,-0.007502804144156931,0,1,6.249719585584247,6.249719585584247,fall,flat
linear_regression,2024-02-01,-0.1200000000000001,0.0003663667971997319,0,1,12.036636679719983,12.036636679719983,fall,flat
linear_regression,2024-02-02,0.16000000000000014,-0.01758754342329634,2,0,17.758754342329645,-17.758754342329645,rise,fall
linear_regression,2024-02-05,0.13999999999999968,0.017112629641975203,2,2,12.288737035802448,-12.288737035802448,rise,rise
linear_regression,2024-02-06,-0.08000000000000007,-0.0030983975195611677,0,1,7.69016024804389,7.69016024804389,fall,flat
linear_regression,2024-02-07,0.0,-0.0042167432127942425,1,1,0.4216743212794243,-0.4216743212794243,flat,flat
linear_regression,2024-02-08,0.0600000000000005,0.011771865451349782,2,2,4.822813454865072,-4.822813454865072,rise,rise
linear_regression,2024-02-09,0.019999999999999574,0.026642010396138855,2,2,0.6642010396139282,0.6642010396139282,rise,rise
linear_regression,2024-02-12,0.0,-0.022943384930888936,1,0,2.2943384930888935,-2.2943384930888935,flat,fall
linear_regression,2024-02-13,0.13999999999999968,-0.006470132388890128,2,1,14.64701323888898,-14.64701323888898,rise,flat
linear_regression,2024-02-14,-0.040000000000000036,-0.043781360862586854,0,0,0.3781360862586819,-0.3781360862586819,fall,fall
linear_regression,2024-02-15,-0.02999999999999936,-0.00910294730615291,0,1,2.089705269384645,2.089705269384645,fall,flat
linear_regression,2024-02-16,0.05999999999999961,-0.02923514283073223,2,0,8.923514283073184,-8.923514283073184,rise,fall
linear_regression,2024-02-20,-0.03000000000000025,-0.0016118703070140726,0,1,2.8388129692986177,2.8388129692986177,fall,flat
linear_regression,2024-02-21,0.05000000000000071,-0.02039205341374147,2,0,7.039205341374218,-7.039205341374218,rise,fall
linear_regression,2024-02-22,0.009999999999999787,0.04825258100337251,1,2,3.8252581003372725,3.8252581003372725,flat,rise
linear_regression,2024-02-23,-0.07000000000000028,0.00046169257737992283,0,1,7.04616925773802,7.04616925773802,fall,flat
linear_regression,2024-02-26,0.020000000000000462,-0.039675196113970204,2,0,5.9675196113970665,-5.9675196113970665,rise,fall
linear_regression,2024-02-27,0.02999999999999936,0.02704240712448599,2,2,0.2957592875513372,-0.2957592875513372,rise,rise
linear_regression,2024-02-28,-0.040000000000000036,0.017711535777105405,0,2,5.771153577710544,5.771153577710544,fall,rise
linear_regression,2024-02-29,-0.019999999999999574,-0.020565388962179094,0,0,0.05653889621795201,-0.05653889621795201,fall,fall
linear_regression,2024-03-01,-0.05999999999999961,-0.021559680218670992,0,0,3.844031978132861,3.844031978132861,fall,fall
linear_regression,2024-03-04,0.02999999999999936,-0.015263757291597655,2,0,4.526375729159701,-4.526375729159701,rise,fall
linear_regression,2024-03-05,-0.08999999999999986,0.0013360357736857367,0,1,9.133603577368559,9.133603577368559,fall,flat
linear_regression,2024-03-06,-0.019999999999999574,0.009689811356921537,0,1,2.968981135692111,2.968981135692111,fall,flat
linear_regression,2024-03-07,-0.020000000000000462,0.0006411400125208079,0,1,2.0641140012521273,2.0641140012521273,fall,flat
linear_regression,2024-03-08,0.0,0.004704083069166812,1,1,0.47040830691668123,0.47040830691668123,flat,flat
linear_regression,2024-03-11,0.009999999999999787,-0.01963856561020467,1,0,2.963856561020446,-2.963856561020446,flat,fall
linear_regression,2024-03-12,0.0600000000000005,-0.028628795555969894,2,0,8.86287955559704,-8.86287955559704,rise,fall
linear_regression,2024-03-13,0.03000000000000025,0.01665630713241181,2,2,1.334369286758844,-1.334369286758844,rise,rise
linear_regression,2024-03-14,0.09999999999999964,0.009029702592368396,2,1,9.097029740763125,-9.097029740763125,rise,flat
linear_regression,2024-03-15,0.019999999999999574,0.005880055478824923,2,1,1.411994452117465,-1.411994452117465,rise,flat
linear_regression,2024-03-18,0.03000000000000025,0.007420997010138146,2,1,2.2579002989862103,-2.2579002989862103,rise,flat
linear_regression,2024-03-19,-0.040000000000000036,-0.02067778662505595,0,0,1.9322213374944084,1.9322213374944084,fall,fall
linear_regression,2024-03-20,-0.03000000000000025,-0.013933713246500416,0,0,1.6066286753499832,1.6066286753499832,fall,fall
linear_regression,2024-03-21,0.0,0.0014129884096342102,1,1,0.14129884096342102,0.14129884096342102,flat,flat
linear_regression,2024-03-22,-0.04999999999999982,0.031678191869385114,0,2,8.167819186938493,8.167819186938493,fall,rise
linear_regression,2024-03-25,0.03000000000000025,-0.04406686886113355,2,0,7.40668688611338,-7.40668688611338,rise,fall
linear_regression,2024-03-26,-0.009999999999999787,-0.034215185327912,1,0,2.421518532791221,-2.421518532791221,flat,fall
linear_regression,2024-03-27,-0.040000000000000036,-0.005336420567259881,0,1,3.4663579432740157,3.4663579432740157,fall,flat
linear_regression,2024-03-28,0.0,0.012493095420278325,1,2,1.2493095420278326,1.2493095420278326,flat,rise
linear_regression,2024-04-01,0.1299999999999999,0.02390678586926368,2,2,10.609321413073621,-10.609321413073621,rise,rise
linear_regression,2024-04-02,0.03000000000000025,0.007502765926879873,2,1,2.249723407312038,-2.249723407312038,rise,flat
linear_regression,2024-04-03,0.0,0.01118252082383497,1,2,1.118252082383497,1.118252082383497,flat,rise
linear_regression,2024-04-04,-0.05000000000000071,0.020212039021802377,0,2,7.021203902180309,7.021203902180309,fall,rise
linear_regression,2024-04-05,0.08000000000000007,0.025724524000341416,2,2,5.427547599965865,-5.427547599965865,rise,rise
linear_regression,2024-04-08,0.03000000000000025,-0.009251797135079618,2,1,3.925179713507987,-3.925179713507987,rise,flat
linear_regression,2024-04-09,-0.05999999999999961,0.030659086011238994,0,2,9.06590860112386,9.06590860112386,fall,rise
linear_regression,2024-04-10,0.1899999999999995,0.002546845849336559,2,1,18.745315415066294,-18.745315415066294,rise,flat
linear_regression,2024-04-11,0.009999999999999787,0.0310475076943407,1,2,2.1047507694340917,2.1047507694340917,flat,rise
linear_regression,2024-04-12,-0.05999999999999961,-0.0027879900420376665,0,1,5.721200995796194,5.721200995796194,fall,flat
linear_regression,2024-04-15,0.1299999999999999,-0.005242345784832871,2,1,13.524234578483277,-13.524234578483277,rise,flat
linear_regression,2024-04-16,0.040000000000000036,-0.018764443660953964,2,0,5.8764443660953996,-5.8764443660953996,rise,fall
linear_regression,2024-04-17,-0.08000000000000007,0.01258218258359581,0,2,9.258218258359587,9.258218258359587,fall,rise
linear_regression,2024-04-18,0.04999999999999982,-0.03044267523668241,2,0,8.044267523668223,-8.044267523668223,rise,fall
linear_regression,2024-04-19,-0.019999999999999574,0.01700699217310855,0,2,3.7006992173108126,3.7006992173108126,fall,rise
linear_regression,2024-04-22,0.0,0.01186554632962212,1,2,1.186554632962212,1.186554632962212,flat,rise
linear_regression,2024-04-23,-0.009999999999999787,0.010486745337353054,1,2,2.048674533735284,2.048674533735284,flat,rise
linear_regression,2024-04-24,0.040000000000000036,-0.0026786832860084507,2,1,4.267868328600849,-4.267868328600849,rise,flat
linear_regression,2024-04-25,0.04999999999999982,-0.019829394599251222,2,0,6.982939459925104,-6.982939459925104,rise,fall
linear_regression,2024-04-26,-0.03000000000000025,-0.0019762248051175034,0,1,2.8023775194882745,2.8023775194882745,fall,flat
linear_regression,2024-04-29,-0.040000000000000036,0.00917206810425217,0,1,4.9172068104252205,4.9172068104252205,fall,flat
linear_regression,2024-04-30,0.0600000000000005,-0.008974206725620479,2,1,6.897420672562098,-6.897420672562098,rise,flat
linear_regression,2024-05-01,-0.0600000000000005,-0.019805541665673988,0,0,4.019445833432651,4.019445833432651,fall,fall
linear_regression,2024-05-02,-0.04999999999999982,-0.016645925774775444,0,0,3.335407422522438,3.335407422522438,fall,fall
linear_regression,2024-05-03,-0.08000000000000007,0.02861937504863129,0,2,10.861937504863137,10.861937504863137,fall,rise
linear_regression,2024-05-06,-0.009999999999999787,0.0027552900823266287,1,1,1.2755290082326416,1.2755290082326416,flat,flat
linear_regression,2024-05-07,-0.020000000000000462,-0.020802162081374722,0,0,0.08021620813742601,-0.08021620813742601,fall,fall
linear_regression,2024-05-08,0.010000000000000675,0.03552110904744524,2,2,2.552110904744456,2.552110904744456,rise,rise
linear_regression,2024-05-09,-0.03000000000000025,0.012352030214896517,0,2,4.235203021489677,4.235203021489677,fall,rise
linear_regression,2024-05-10,0.04999999999999982,-0.01787198000911544,2,0,6.787198000911526,-6.787198000911526,rise,fall
linear_regression,2024-05-13,-0.019999999999999574,0.010049147877388555,0,2,3.0049147877388127,3.0049147877388127,fall,rise
linear_regression,2024-05-14,-0.03000000000000025,0.010160258858324295,0,2,4.0160258858324545,4.0160258858324545,fall,rise
linear_regression,2024-05-15,-0.08999999999999986,0.0009275586420163825,0,1,9.092755864201624,9.092755864201624,fall,flat
linear_regression,2024-05-16,0.019999999999999574,-0.00487401001721212,2,1,2.487401001721169,-2.487401001721169,rise,flat
linear_regression,2024-05-17,0.040000000000000036,-0.001819242283454754,2,1,4.181924228345479,-4.181924228345479,rise,flat
linear_regression,2024-05-20,0.020000000000000462,-0.0030744248506120423,2,1,2.3074424850612503,-2.3074424850612503,rise,flat
linear_regression,2024-05-21,-0.03000000000000025,-0.010568733597201611,0,0,1.9431266402798637,1.9431266402798637,fall,fall
linear_regression,2024-05-22,0.019999999999999574,-0.018338555593031755,2,0,3.833855559303133,-3.833855559303133,rise,fall
linear_regression,2024-05-23,0.040000000000000036,0.025163537613942896,2,2,1.4836462386057139,-1.4836462386057139,rise,rise
linear_regression,2024-05-24,-0.009999999999999787,-0.0035926914924484816,1,1,0.6407308507551305,0.6407308507551305,flat,flat
linear_regression,2024-05-28,0.08000000000000007,-0.00745346105996161,2,1,8.745346105996168,-8.745346105996168,rise,flat
linear_regression,2024-05-29,0.07000000000000028,0.016083293638581343,2,2,5.391670636141894,-5.391670636141894,rise,rise
linear_regression,2024-05-30,-0.0600000000000005,-0.02494921192397527,0,0,3.5050788076025228,3.5050788076025228,fall,fall
linear_regression,2024-05-31,-0.040000000000000036,0.003526838518552327,0,1,4.352683851855237,4.352683851855237,fall,flat
linear_regression,2024-06-03,-0.09999999999999964,-0.007812061965318915,0,1,9.218793803468072,9.218793803468072,fall,flat
linear_regression,2024-06-04,-0.08000000000000007,0.006562412198254044,0,1,8.65624121982541,8.65624121982541,fall,flat
linear_regression,2024-06-05,-0.040000000000000036,2.3163028358078562e-05,0,1,4.002316302835811,4.002316302835811,fall,flat
linear_regression,2024-06-06,-0.009999999999999787,-0.0040827561308584455,1,1,0.5917243869141341,0.5917243869141341,flat,flat
linear_regression,2024-06-07,0.14999999999999947,-0.009334489959717448,2,1,15.933448995971691,-15.933448995971691,rise,flat
linear_regression,2024-06-10,0.040000000000000036,0.013357443088144579,2,2,2.6642556911855455,-2.6642556911855455,rise,rise
linear_regression,2024-06-11,-0.08000000000000007,-0.0053570528476554235,0,1,7.464294715234465,7.464294715234465,fall,flat
linear_regression,2024-06-12,-0.08000000000000007,0.020579543392976202,0,2,10.057954339297627,10.057954339297627,fall,rise
linear_regression,2024-06-13,-0.0699999999999994,0.0004271674952601354,0,1,7.042716749525953,7.042716749525953,fall,flat
linear_regression,2024-06-14,-0.040000000000000036,0.012942260300075328,0,2,5.294226030007536,5.294226030007536,fall,rise
linear_regression,2024-06-17,0.08000000000000007,-0.00412388423246113,2,1,8.41238842324612,-8.41238842324612,rise,flat
linear_regression,2024-06-18,-0.0600000000000005,0.011990411332673964,0,2,7.199041133267446,7.199041133267446,fall,rise
linear_regression,2024-06-20,0.03000000000000025,-0.009651329901544157,2,1,3.9651329901544408,-3.9651329901544408,rise,flat
linear_regression,2024-06-21,0.0,0.008291298651891262,1,1,0.8291298651891262,0.8291298651891262,flat,flat
linear_regression,2024-06-24,0.0,-0.012442397551527526,1,0,1.2442397551527526,-1.2442397551527526,flat,fall
linear_regression,2024-06-25,-0.019999999999999574,-0.0035323854681269017,0,1,1.6467614531872672,1.6467614531872672,fall,flat
linear_regression,2024-06-26,0.08999999999999986,0.0027160587743926107,2,1,8.728394122560724,-8.728394122560724,rise,flat
linear_regression,2024-06-27,-0.03000000000000025,0.007189473313582911,0,1,3.718947331358316,3.718947331358316,fall,flat
linear_regression,2024-06-28,0.07000000000000028,-0.023060091309461496,2,0,9.306009130946178,-9.306009130946178,rise,fall
linear_regression,2024-07-01,0.1200000000000001,-0.008001225868653521,2,1,12.800122586865362,-12.800122586865362,rise,flat
linear_regression,2024-07-02,-0.05000000000000071,-0.010775594969049226,0,0,3.922440503095148,3.922440503095148,fall,fall
linear_regression,2024-07-03,-0.0699999999999994,-0.003613425953012955,0,1,6.638657404698645,6.638657404698645,fall,flat
linear_regression,2024-07-05,-0.08000000000000007,0.0030294197061485895,0,1,8.302941970614865,8.302941970614865,fall,flat
linear_regression,2024-07-08,0.0,0.015405255308588033,1,2,1.5405255308588033,1.5405255308588033,flat,rise
linear_regression,2024-07-09,0.019999999999999574,-0.042982614822648646,2,0,6.298261482264822,-6.298261482264822,rise,fall
linear_regression,2024-07-10,-0.019999999999999574,0.005814550197037015,0,1,2.5814550197036588,2.5814550197036588,fall,flat
linear_regression,2024-07-11,-0.08000000000000007,0.028358686965544357,0,2,10.835868696554444,10.835868696554444,fall,rise
linear_regression,2024-07-12,-0.020000000000000462,0.01173667895688368,0,2,3.1736678956884146,3.1736678956884146,fall,rise
linear_regression,2024-07-15,0.05000000000000071,-0.004928827130284367,2,1,5.492882713028507,-5.492882713028507,rise,flat
linear_regression,2024-07-16,-0.0600000000000005,-0.007161540702167428,0,1,5.283845929783307,5.283845929783307,fall,flat
linear_regression,2024-07-17,-0.009999999999999787,0.008205999935000891,1,1,1.8205999935000678,1.8205999935000678,flat,flat
linear_regression,2024-07-18,0.040000000000000036,0.02292386832987214,2,2,1.7076131670127896,-1.7076131670127896,rise,rise
linear_regression,2024-07-19,0.04999999999999982,-0.001660388943880656,2,1,5.1660388943880475,-5.1660388943880475,rise,flat
linear_regression,2024-07-22,0.009999999999999787,0.008532323868396394,1,1,0.14676761316033926,-0.14676761316033926,flat,flat
linear_regression,2024-07-23,-0.009999999999999787,0.00930672042991089,1,1,1.9306720429910675,1.9306720429910675,flat,flat
linear_regression,2024-07-24,0.03000000000000025,-0.016538637772783887,2,0,4.6538637772784135,-4.6538637772784135,rise,fall
linear_regression,2024-07-25,-0.010000000000000675,-0.016394931776088348,0,0,0.6394931776087673,-0.6394931776087673,fall,fall
linear_regression,2024-07-26,-0.0699999999999994,0.015947879347045165,0,2,8.594787934704456,8.594787934704456,fall,rise
linear_regression,2024-07-29,-0.03000000000000025,-0.00824742389652674,0,1,2.175257610347351,2.175257610347351,fall,flat
linear_regression,2024-07-30,-0.019999999999999574,-0.021890009107617927,0,0,0.18900091076183534,-0.18900091076183534,fall,fall
linear_regression,2024-07-31,-0.0600000000000005,-0.006630663440972192,0,1,5.336933655902831,5.336933655902831,fall,flat
linear_regression,2024-08-01,-0.09999999999999964,0.0006939166392947657,0,1,10.069391663929443,10.069391663929443,fall,flat
linear_regression,2024-08-02,-0.1900000000000004,-0.017296526094058493,0,0,17.27034739059419,17.27034739059419,fall,fall
linear_regression,2024-08-05,-0.020000000000000018,0.006131686079589856,0,1,2.6131686079589875,2.6131686079589875,fall,flat
linear_regression,2024-08-06,0.1200000000000001,0.00803644705355596,2,1,11.196355294644414,-11.196355294644414,rise,flat
linear_regression,2024-08-07,0.06000000000000005,0.017400708150796435,2,2,4.259929184920362,-4.259929184920362,rise,rise
linear_regression,2024-08-08,0.03000000000000025,0.02937488139973655,2,2,0.06251186002636973,-0.06251186002636973,rise,rise
linear_regression,2024-08-09,-0.050000000000000266,-0.030284920715924514,0,0,1.9715079284075752,1.9715079284075752,fall,fall
linear_regression,2024-08-12,-0.040000000000000036,-0.008740780603639671,0,1,3.1259219396360365,3.1259219396360365,fall,flat
linear_regression,2024-08-13,-0.04999999999999982,-0.04580121635260094,0,0,0.4198783647398882,0.4198783647398882,fall,fall
linear_regression,2024-08-14,-0.020000000000000018,0.00425475308689295,0,1,2.425475308689297,2.425475308689297,fall,flat
linear_regression,2024-08-15,0.08999999999999986,0.015311370416521763,2,2,7.468862958347809,-7.468862958347809,rise,rise
linear_regression,2024-08-16,-0.029999999999999805,-0.00852710974350962,0,1,2.1472890256490187,2.1472890256490187,fall,flat
linear_regression,2024-08-19,-0.03000000000000025,-0.012094564278484706,0,0,1.7905435721515544,1.7905435721515544,fall,fall
linear_regression,2024-08-20,-0.040000000000000036,-0.012239176873947153,0,0,2.776082312605288,2.776082312605288,fall,fall
linear_regression,2024-08-21,-0.029999999999999805,0.004371330787473005,0,1,3.437133078747281,3.437133078747281,fall,flat
linear_regression,2024-08-22,0.06999999999999984,0.0009371833256937093,2,1,6.906281667430614,-6.906281667430614,rise,flat
linear_regression,2024-08-23,-0.04999999999999982,0.010813538977202272,0,2,6.081353897720209,6.081353897720209,fall,rise
linear_regression,2024-08-26,0.009999999999999787,8.746545722890177e-05,1,1,0.9912534542770884,-0.9912534542770884,flat,flat
linear_regression,2024-08-27,0.010000000000000231,-0.0006787495570565157,2,1,1.0678749557056746,-1.0678749557056746,rise,flat
linear_regression,2024-08-28,0.009999999999999787,-0.01169524454410973,1,0,2.1695244544109515,-2.1695244544109515,flat,fall
linear_regression,2024-08-29,0.03000000000000025,-0.004579202122569581,2,1,3.457920212256983,-3.457920212256983,rise,flat
linear_regression,2024-08-30,0.040000000000000036,-0.022127966381502547,2,0,6.212796638150259,-6.212796638150259,rise,fall
linear_regression,2024-09-03,-0.07000000000000028,0.0019998183282494797,0,1,7.199981832824977,7.199981832824977,fall,flat
linear_regression,2024-09-04,-0.06999999999999984,-0.011301377681983155,0,0,5.869862231801669,5.869862231801669,fall,fall
linear_regression,2024-09-05,-0.040000000000000036,-0.023254928365095906,0,0,1.674507163490413,1.674507163490413,fall,fall
linear_regression,2024-09-06,-0.009999999999999787,0.018286109346550655,1,2,2.8286109346550443,2.8286109346550443,flat,rise
linear_regression,2024-09-09,-0.020000000000000018,0.018391655185114913,0,2,3.8391655185114932,3.8391655185114932,fall,rise
linear_regression,2024-09-10,-0.050000000000000266,-0.01844644692390395,0,0,3.1553553076096317,3.1553553076096317,fall,fall
linear_regression,2024-09-11,0.0,-0.009368826193211582,1,1,0.9368826193211582,-0.9368826193211582,flat,flat
linear_regression,2024-09-12,0.03000000000000025,0.027188017700837883,2,2,0.2811982299162366,-0.2811982299162366,rise,rise
linear_regression,2024-09-13,-0.020000000000000018,0.0027900199234031486,0,1,2.2790019923403166,2.2790019923403166,fall,flat
linear_regression,2024-09-16,-0.03000000000000025,0.008823511962032042,0,1,3.882351196203229,3.882351196203229,fall,flat
linear_regression,2024-09-17,0.020000000000000018,0.017668251369365524,2,2,0.23317486306344942,-0.23317486306344942,rise,rise
linear_regression,2024-09-18,0.050000000000000266,-0.02110504638132999,2,0,7.110504638133025,-7.110504638133025,rise,fall
linear_regression,2024-09-19,0.029999999999999805,-0.011950304431417523,2,0,4.195030443141732,-4.195030443141732,rise,fall
linear_regression,2024-09-20,0.0,-0.030308352862778887,1,0,3.0308352862778887,-3.0308352862778887,flat,fall
linear_regression,2024-09-23,0.020000000000000018,0.023337376257531763,2,2,0.33373762575317456,0.33373762575317456,rise,rise
linear_regression,2024-09-24,-0.009999999999999787,-0.031368126072117516,1,0,2.136812607211773,-2.136812607211773,flat,fall
linear_regression,2024-09-25,0.04999999999999982,-0.005888253488423678,2,1,5.5888253488423505,-5.5888253488423505,rise,flat
linear_regression,2024-09-26,0.0,0.025160611794647913,1,2,2.516061179464791,2.516061179464791,flat,rise
linear_regression,2024-09-27,-0.040000000000000036,0.004358290913953704,0,1,4.435829091395374,4.435829091395374,fall,flat
linear_regression,2024-09-30,0.06000000000000005,-0.0054868010722790165,2,1,6.548680107227907,-6.548680107227907,rise,flat
linear_regression,2024-10-01,-0.06999999999999984,0.021238030069538345,0,2,9.123803006953818,9.123803006953818,fall,rise
linear_regression,2024-10-02,0.04999999999999982,-0.0015598207144330665,2,1,5.1559820714432885,-5.1559820714432885,rise,flat
linear_regression,2024-10-03,0.06000000000000005,-0.015654252416463864,2,0,7.565425241646392,-7.565425241646392,rise,fall
linear_regression,2024-10-04,0.1299999999999999,-0.001196099731421244,2,1,13.119609973142113,-13.119609973142113,rise,flat
linear_regression,2024-10-07,0.050000000000000266,0.035838510248419525,2,2,1.416148975158074,-1.416148975158074,rise,rise
linear_regression,2024-10-08,0.009999999999999787,0.008252425248696946,1,1,0.1747574751302841,-0.1747574751302841,flat,flat
linear_regression,2024-10-09,0.019999999999999574,0.025003787382004695,2,2,0.5003787382005122,0.5003787382005122,rise,rise
linear_regression,2024-10-10,0.03000000000000025,-0.03151025148038482,2,0,6.1510251480385065,-6.1510251480385065,rise,fall
linear_regression,2024-10-11,-0.009999999999999787,-0.04249991620009516,1,0,3.2499916200095376,-3.2499916200095376,flat,fall
linear_regression,2024-10-15,-0.04999999999999982,0.03672507366714711,0,2,8.672507366714694,8.672507366714694,fall,rise
linear_regression,2024-10-16,-0.010000000000000675,0.03920749720371575,0,2,4.920749720371642,4.920749720371642,fall,rise
linear_regression,2024-10-17,0.07000000000000028,-0.006822264968544727,2,1,7.682226496854501,-7.682226496854501,rise,flat
linear_regression,2024-10-18,-0.009999999999999787,0.005465109139876259,1,1,1.5465109139876045,1.5465109139876045,flat,flat
linear_regression,2024-10-21,0.11000000000000032,0.033163061531540125,2,2,7.68369384684602,-7.68369384684602,rise,rise
linear_regression,2024-10-22,0.009999999999999787,-0.00040760968783026927,1,1,1.0407609687830057,-1.0407609687830057,flat,flat
linear_regression,2024-10-23,0.040000000000000036,0.010133294040950105,2,2,2.986670595904993,-2.986670595904993,rise,rise
linear_regression,2024-10-24,-0.03000000000000025,-0.04841617555880319,0,0,1.841617555880294,-1.841617555880294,fall,fall
linear_regression,2024-10-25,0.040000000000000036,-0.017842895183574715,2,0,5.784289518357475,-5.784289518357475,rise,fall
linear_regression,2024-10-28,0.03000000000000025,-0.00579348258283744,2,1,3.579348258283769,-3.579348258283769,rise,flat
linear_regression,2024-10-29,0.0,0.022684794816939,1,2,2.2684794816939,2.2684794816939,flat,rise
linear_regression,2024-10-30,0.009999999999999787,0.005354679901398924,1,1,0.4645320098600863,-0.4645320098600863,flat,flat
linear_regression,2024-10-31,-0.009999999999999787,-0.026719197688435805,1,0,1.6719197688436018,-1.6719197688436018,flat,fall
linear_regression,2024-11-01,0.08999999999999986,0.020701877719090513,2,2,6.929812228090934,-6.929812228090934,rise,rise
linear_regression,2024-11-04,-0.0600000000000005,-0.009003287475744626,0,1,5.099671252425588,5.099671252425588,fall,flat
linear_regression,2024-11-05,-0.04999999999999982,0.016266927495086386,0,2,6.626692749508621,6.626692749508621,fall,rise
linear_regression,2024-11-06,0.16000000000000014,-0.012669487263942052,2,0,17.26694872639422,-17.26694872639422,rise,fall
linear_regression,2024-11-07,-0.11000000000000032,0.052879605623635376,0,2,16.28796056236357,16.28796056236357,fall,rise
linear_regression,2024-11-08,-0.009999999999999787,-0.04821055036250828,1,0,3.8210550362508493,-3.8210550362508493,flat,fall
linear_regression,2024-11-12,0.1299999999999999,0.0014276416508512274,2,1,12.857235834914865,-12.857235834914865,rise,flat
linear_regression,2024-11-13,0.010000000000000675,0.002386002652001287,2,1,0.7613997347999388,-0.7613997347999388,rise,flat
linear_regression,2024-11-14,-0.010000000000000675,0.02701706487165986,0,2,3.701706487166054,3.701706487166054,fall,rise
linear_regression,2024-11-15,0.0,0.01793687975683644,1,2,1.793687975683644,1.793687975683644,flat,rise
linear_regression,2024-11-18,-0.009999999999999787,0.003448946901763926,1,1,1.3448946901763712,1.3448946901763712,flat,flat
linear_regression,2024-11-19,-0.03000000000000025,0.020777735326927612,0,2,5.077773532692786,5.077773532692786,fall,rise
linear_regression,2024-11-20,0.020000000000000462,0.004158923459082059,2,1,1.5841076540918402,-1.5841076540918402,rise,flat
linear_regression,2024-11-21,0.019999999999999574,0.023163483990657093,2,2,0.31634839906575196,0.31634839906575196,rise,rise
linear_regression,2024-11-22,-0.019999999999999574,-0.00638559789414544,0,1,1.3614402105854133,1.3614402105854133,fall,flat
linear_regression,2024-11-25,-0.14000000000000057,0.001064904109675417,0,1,14.106490410967599,14.106490410967599,fall,flat
linear_regression,2024-11-26,0.03000000000000025,0.0011504476758132237,2,1,2.8849552324187027,-2.8849552324187027,rise,flat
linear_regression,2024-11-27,-0.04999999999999982,0.030568653942830645,0,2,8.056865394283047,8.056865394283047,fall,rise
linear_regression,2024-11-29,-0.07000000000000028,0.007676948972583163,0,1,7.7676948972583455,7.7676948972583455,fall,flat
linear_regression,2024-12-02,0.010000000000000675,-0.014201861868101623,2,0,2.4201861868102297,-2.4201861868102297,rise,fall
linear_regression,2024-12-03,0.040000000000000036,-0.026344770275794488,2,0,6.634477027579452,-6.634477027579452,rise,fall
linear_regression,2024-12-04,-0.040000000000000036,0.01254920444413253,0,2,5.254920444413257,5.254920444413257,fall,rise
linear_regression,2024-12-05,-0.020000000000000462,0.026965881851771307,0,2,4.696588185177177,4.696588185177177,fall,rise
linear_regression,2024-12-06,-0.019999999999999574,0.023727766119542786,0,2,4.372776611954237,4.372776611954237,fall,rise
linear_regression,2024-12-09,0.04999999999999982,-0.02971505004635917,2,0,7.971505004635899,-7.971505004635899,rise,fall
linear_regression,2024-12-10,0.019999999999999574,-0.004817265274783206,2,1,2.4817265274782776,-2.4817265274782776,rise,flat
linear_regression,2024-12-11,0.040000000000000036,0.027667160924863536,2,2,1.23328390751365,-1.23328390751365,rise,rise
linear_regression,2024-12-12,0.0600000000000005,0.019602060162480797,2,2,4.03979398375197,-4.03979398375197,rise,rise
linear_regression,2024-12-13,0.08000000000000007,0.004310514521607478,2,1,7.568948547839259,-7.568948547839259,rise,flat
linear_regression,2024-12-16,-0.010000000000000675,-0.009780464192835422,0,1,0.02195358071652529,0.02195358071652529,fall,flat
linear_regression,2024-12-17,0.010000000000000675,-0.017419188262801234,2,0,2.741918826280191,-2.741918826280191,rise,fall
linear_regression,2024-12-18,0.09999999999999964,0.0038665819602914046,2,1,9.613341803970824,-9.613341803970824,rise,flat
linear_regression,2024-12-19,0.07000000000000028,-0.0048294703219850165,2,1,7.482947032198529,-7.482947032198529,rise,flat
linear_regression,2024-12-20,-0.05000000000000071,0.016661905626955843,0,2,6.666190562695655,6.666190562695655,fall,rise
linear_regression,2024-12-23,0.07000000000000028,-0.014317777767312452,2,0,8.431777776731273,-8.431777776731273,rise,fall
linear_regression,2024-12-24,0.0,-0.012720242883262086,1,0,1.2720242883262087,-1.2720242883262087,flat,fall
linear_regression,2024-12-26,-0.009999999999999787,-0.018596395176758655,1,0,0.8596395176758868,-0.8596395176758868,flat,fall
linear_regression,2024-12-27,0.040000000000000036,0.005499159480388972,2,1,3.450084051961107,-3.450084051961107,rise,flat
linear_regression,2024-12-30,-0.07000000000000028,0.02130052620221615,0,2,9.130052620221644,9.130052620221644,fall,rise
linear_regression,2024-12-31,0.03000000000000025,0.015606867589982372,2,2,1.4393132410017877,-1.4393132410017877,rise,rise
linear_regression,2025-01-02,-0.009999999999999787,0.0015045857270949755,1,1,1.1504585727094763,1.1504585727094763,flat,flat
linear_regression,2025-01-03,0.02999999999999936,-0.0012718155147647342,2,1,3.127181551476409,-3.127181551476409,rise,flat
linear_regression,2025-01-06,0.020000000000000462,0.010842561279217242,2,2,0.915743872078322,-0.915743872078322,rise,rise
linear_regression,2025-01-07,0.04999999999999982,0.01544868828085073,2,2,3.4551311719149087,-3.4551311719149087,rise,rise
linear_regression,2025-01-08,0.0,0.03669066448637534,1,2,3.669066448637534,3.669066448637534,flat,rise
linear_regression,2025-01-09,0.009999999999999787,0.016598867541392243,1,2,0.6598867541392457,0.6598867541392457,flat,rise
linear_regression,2025-01-10,0.08999999999999986,0.0232351442357765,2,2,6.676485576422336,-6.676485576422336,rise,rise
linear_regression,2025-01-13,0.020000000000000462,0.004855871330279319,2,1,1.5144128669721142,-1.5144128669721142,rise,flat
linear_regression,2025-01-14,-0.009999999999999787,0.015057482435065161,1,2,2.5057482435064946,2.5057482435064946,flat,rise
linear_regression,2025-01-15,-0.1200000000000001,-0.014918899596313978,0,0,10.508110040368612,10.508110040368612,fall,fall
linear_regression,2025-01-16,-0.04999999999999982,0.014354648822436093,0,2,6.435464882243592,6.435464882243592,fall,rise
linear_regression,2025-01-17,0.0,-0.004078154013950813,1,1,0.4078154013950813,-0.4078154013950813,flat,flat
linear_regression,2025-01-21,-0.040000000000000036,0.012709429717704682,0,2,5.270942971770472,5.270942971770472,fall,rise
linear_regression,2025-01-22,0.02999999999999936,0.010216303542232042,2,2,1.9783696457767321,-1.9783696457767321,rise,rise
linear_regression,2025-01-23,0.05000000000000071,0.02390443609805601,2,2,2.60955639019447,-2.60955639019447,rise,rise
linear_regression,2025-01-24,-0.020000000000000462,0.00264241623565176,0,1,2.2642416235652223,2.2642416235652223,fall,flat
linear_regression,2025-01-27,-0.09999999999999964,-0.0106870765286986,0,0,8.931292347130103,8.931292347130103,fall,fall
linear_regression,2025-01-28,0.019999999999999574,-0.03558559476620034,2,0,5.558559476619991,-5.558559476619991,rise,fall
linear_regression,2025-01-29,0.0,0.004587807436478184,1,1,0.45878074364781835,0.45878074364781835,flat,flat
linear_regression,2025-01-30,-0.03000000000000025,0.015243949053217944,0,2,4.524394905321819,4.524394905321819,fall,rise
linear_regression,2025-01-31,0.0600000000000005,-0.004160251450741071,2,1,6.416025145074157,-6.416025145074157,rise,flat
linear_regression,2025-02-03,-0.040000000000000036,-0.005114150551669215,0,1,3.488584944833082,3.488584944833082,fall,flat
linear_regression,2025-02-04,-0.020000000000000462,0.0008789797255750287,0,1,2.087897972557549,2.087897972557549,fall,flat
linear_regression,2025-02-05,-0.08999999999999986,-0.0017893965725093107,0,1,8.821060342749053,8.821060342749053,fall,flat
linear_regression,2025-02-06,0.020000000000000462,0.013357144448382088,2,2,0.6642855551618374,-0.6642855551618374,rise,rise
linear_regression,2025-02-07,0.040000000000000036,0.026294634859386816,2,2,1.370536514061322,-1.370536514061322,rise,rise
linear_regression,2025-02-10,0.019999999999999574,-0.008380788274775092,2,1,2.8380788274774664,-2.8380788274774664,rise,flat
linear_regression,2025-02-11,0.03000000000000025,-0.006894509281207685,2,1,3.689450928120793,-3.689450928120793,rise,flat
linear_regression,2025-02-12,0.08000000000000007,0.010689830858567655,2,2,6.931016914143242,-6.931016914143242,rise,rise
linear_regression,2025-02-13,-0.10000000000000053,0.00779285798205308,0,1,10.779285798205361,10.779285798205361,fall,flat
linear_regression,2025-02-14,-0.04999999999999982,0.011634271147557622,0,2,6.163427114755744,6.163427114755744,fall,rise
linear_regression,2025-02-18,0.08000000000000007,-0.006198353499506454,2,1,8.619835349950652,-8.619835349950652,rise,flat
linear_regression,2025-02-19,-0.019999999999999574,-0.01213137825604289,0,0,0.7868621743956684,0.7868621743956684,fall,fall
linear_regression,2025-02-20,-0.03000000000000025,-0.008499200848109144,0,1,2.1500799151891106,2.1500799151891106,fall,flat
linear_regression,2025-02-21,-0.08000000000000007,0.006130318896732831,0,1,8.613031889673291,8.613031889673291,fall,flat
linear_regression,2025-02-24,-0.019999999999999574,-0.028212092870093474,0,0,0.82120928700939,-0.82120928700939,fall,fall
linear_regression,2025-02-25,-0.10000000000000053,-0.032521737516474344,0,0,6.747826248352619,6.747826248352619,fall,fall
linear_regression,2025-02-26,-0.04999999999999982,0.017479202510428195,0,2,6.747920251042802,6.747920251042802,fall,rise
linear_regression,2025-02-27,0.040000000000000036,-0.011030245039791877,2,0,5.103024503979191,-5.103024503979191,rise,fall
linear_regression,2025-02-28,-0.04999999999999982,0.004388205473933203,0,1,5.438820547393303,5.438820547393303,fall,flat
linear_regression,2025-03-03,-0.08000000000000007,-0.00834163376960606,0,1,7.165836623039401,7.165836623039401,fall,flat
linear_regression,2025-03-04,0.05999999999999961,-0.008645316638427478,2,1,6.864531663842708,-6.864531663842708,rise,flat
linear_regression,2025-03-05,0.0600000000000005,0.0010311422030395267,2,1,5.896885779696097,-5.896885779696097,rise,flat
linear_regression,2025-03-06,0.009999999999999787,-0.014501235289100503,1,0,2.4501235289100287,-2.4501235289100287,flat,fall
linear_regression,2025-03-07,0.03000000000000025,0.02812511476149167,2,2,0.18748852385085774,-0.18748852385085774,rise,rise
linear_regression,2025-03-10,-0.10000000000000053,0.008858959519800695,0,1,10.885895951980123,10.885895951980123,fall,flat
linear_regression,2025-03-11,0.0600000000000005,-0.02649353187109117,2,0,8.649353187109167,-8.649353187109167,rise,fall
linear_regression,2025-03-12,0.040000000000000036,-0.0009156222022506707,2,1,4.091562220225071,-4.091562220225071,rise,flat
linear_regression,2025-03-13,-0.05000000000000071,-0.013800252667799833,0,0,3.6199747332200873,3.6199747332200873,fall,fall
linear_regression,2025-03-14,0.040000000000000036,-0.02210595751745743,2,0,6.210595751745747,-6.210595751745747,rise,fall
linear_regression,2025-03-17,0.0,-0.0043649019709266785,1,1,0.43649019709266784,-0.43649019709266784,flat,flat
linear_regression,2025-03-18,-0.019999999999999574,0.004147492043307421,0,1,2.4147492043306995,2.4147492043306995,fall,flat
linear_regression,2025-03-19,-0.040000000000000036,0.012214265450445835,0,2,5.221426545044587,5.221426545044587,fall,rise
linear_regression,2025-03-20,-0.009999999999999787,0.0074609562910096135,1,1,1.74609562910094,1.74609562910094,flat,flat
linear_regression,2025-03-21,0.009999999999999787,0.016428328387499854,1,2,0.6428328387500067,0.6428328387500067,flat,rise
linear_regression,2025-03-24,0.08999999999999986,0.012921675498367225,2,2,7.707832450163263,-7.707832450163263,rise,rise
linear_regression,2025-03-25,-0.03000000000000025,-0.020446597086219143,0,0,0.9553402913781105,0.9553402913781105,fall,fall
linear_regression,2025-03-26,0.040000000000000036,-0.005574464491696183,2,1,4.557446449169622,-4.557446449169622,rise,flat
linear_regression,2025-03-27,0.03000000000000025,0.03135121890042293,2,2,0.1351218900422682,0.1351218900422682,rise,rise
linear_regression,2025-03-28,-0.11000000000000032,0.007313160962409309,0,1,11.731316096240963,11.731316096240963,fall,flat
linear_regression,2025-03-31,-0.03999999999999915,0.0045480779349386675,0,1,4.4548077934937815,4.4548077934937815,fall,flat
linear_regression,2025-04-01,-0.0600000000000005,-0.004452377482661659,0,1,5.554762251733884,5.554762251733884,fall,flat
linear_regression,2025-04-02,0.03000000000000025,-0.01719034312514392,2,0,4.719034312514417,-4.719034312514417,rise,fall
linear_regression,2025-04-03,-0.14000000000000057,0.020141662800372724,0,2,16.01416628003733,16.01416628003733,fall,rise
linear_regression,2025-04-04,-0.04999999999999982,-0.007157489656263253,0,1,4.284251034373657,4.284251034373657,fall,flat
linear_regression,2025-04-07,0.14000000000000057,0.0028722531231749754,2,1,13.712774687682561,-13.712774687682561,rise,flat
linear_regression,2025-04-08,0.10999999999999943,-0.0006373019005956495,2,1,11.063730190059507,-11.063730190059507,rise,flat
linear_regression,2025-04-09,0.08000000000000007,0.005500803987969096,2,1,7.4499196012030975,-7.4499196012030975,rise,flat
linear_regression,2025-04-10,0.0600000000000005,-0.0003095503035352538,2,1,6.030955030353575,-6.030955030353575,rise,flat
linear_regression,2025-04-11,0.08000000000000007,-0.016974141924260732,2,0,9.69741419242608,-9.69741419242608,rise,fall
linear_regression,2025-04-14,-0.10000000000000053,-0.018033293558411958,0,0,8.196670644158857,8.196670644158857,fall,fall
linear_regression,2025-04-15,-0.03000000000000025,-0.02563447389360917,0,0,0.4365526106391078,0.4365526106391078,fall,fall
linear_regression,2025-04-16,-0.05999999999999961,-0.016065292206189245,0,0,4.393470779381037,4.393470779381037,fall,fall
linear_regression,2025-04-17,0.04999999999999982,-0.009370862854724337,2,1,5.937086285472416,-5.937086285472416,rise,flat
linear_regression,2025-04-21,0.08000000000000007,-0.0036291616183500392,2,1,8.362916161835011,-8.362916161835011,rise,flat
linear_regression,2025-04-22,-0.009999999999999787,-0.0025125261877159636,1,1,0.7487473812283824,0.7487473812283824,flat,flat
linear_regression,2025-04-23,-0.009999999999999787,-0.022681683765048134,1,0,1.2681683765048346,-1.2681683765048346,flat,fall
linear_regression,2025-04-24,-0.08000000000000007,0.03291216134388672,0,2,11.291216134388678,11.291216134388678,fall,rise
linear_regression,2025-04-25,-0.03000000000000025,-0.016116518224174883,0,0,1.3883481775825366,1.3883481775825366,fall,fall
linear_regression,2025-04-28,-0.05999999999999961,-0.016304641368010984,0,0,4.369535863198863,4.369535863198863,fall,fall
linear_regression,2025-04-29,-0.040000000000000036,0.007989194490527521,0,1,4.798919449052756,4.798919449052756,fall,flat
linear_regression,2025-04-30,-0.020000000000000462,-0.002935689277051878,0,1,1.7064310722948581,1.7064310722948581,fall,flat
linear_regression,2025-05-01,0.08000000000000007,-0.013337972384414677,2,0,9.333797238441473,-9.333797238441473,rise,fall
linear_regression,2025-05-02,0.08000000000000007,0.024322821526229776,2,2,5.567717847377029,-5.567717847377029,rise,rise
linear_regression,2025-05-05,0.03000000000000025,0.031260603267141474,2,2,0.12606032671412248,0.12606032671412248,rise,rise
linear_regression,2025-05-06,-0.0600000000000005,0.0011310911435134944,0,1,6.113109114351399,6.113109114351399,fall,flat
linear_regression,2025-05-07,-0.040000000000000036,-0.015578205660383867,0,0,2.4421794339616167,2.4421794339616167,fall,fall
linear_regression,2025-05-08,0.11000000000000032,-0.028674046373530482,2,0,13.867404637353081,-13.867404637353081,rise,fall
linear_regression,2025-05-09,0.0,-0.009395375899563466,1,1,0.9395375899563466,-0.9395375899563466,flat,flat
linear_regression,2025-05-12,0.08000000000000007,-0.00985696206818531,2,1,8.985696206818538,-8.985696206818538,rise,flat
linear_regression,2025-05-13,0.040000000000000036,-0.005449728524151052,2,1,4.544972852415109,-4.544972852415109,rise,flat
linear_regression,2025-05-14,0.040000000000000036,-0.024337522787396693,2,0,6.433752278739672,-6.433752278739672,rise,fall
linear_regression,2025-05-15,-0.08000000000000007,0.025238968579928852,0,2,10.523896857992893,10.523896857992893,fall,rise
linear_regression,2025-05-16,-0.020000000000000462,-0.011171371928000308,0,0,0.8828628072000154,0.8828628072000154,fall,fall
linear_regression,2025-05-19,0.03000000000000025,-0.029051438444607034,2,0,5.905143844460728,-5.905143844460728,rise,fall
linear_regression,2025-05-20,0.020000000000000462,0.02680526109573042,2,2,0.6805261095729959,0.6805261095729959,rise,rise
linear_regression,2025-05-21,0.09999999999999964,0.005884760444689518,2,1,9.411523955531012,-9.411523955531012,rise,flat
linear_regression,2025-05-22,-0.040000000000000036,-0.05322423212392656,0,0,1.3224232123926525,-1.3224232123926525,fall,fall
linear_regression,2025-05-23,-0.03000000000000025,-0.013112956276254379,0,0,1.688704372374587,1.688704372374587,fall,fall
linear_regression,2025-05-27,-0.08000000000000007,-0.00814899310131081,0,1,7.185100689868926,7.185100689868926,fall,flat
linear_regression,2025-05-28,0.040000000000000036,-0.025090587845711273,2,0,6.509058784571131,-6.509058784571131,rise,fall
linear_regression,2025-05-29,-0.040000000000000036,0.0019686816900303292,0,1,4.196868169003037,4.196868169003037,fall,flat
linear_regression,2025-05-30,-0.019999999999999574,-0.018667300558063055,0,0,0.13326994419365185,0.13326994419365185,fall,fall
linear_regression,2025-06-02,0.04999999999999982,0.034102820031795544,2,2,1.5897179968204278,-1.5897179968204278,rise,rise
linear_regression,2025-06-03,0.0,-0.03453489957140772,1,0,3.4534899571407722,-3.4534899571407722,flat,fall
linear_regression,2025-06-04,-0.08999999999999986,0.004432798188084745,0,1,9.44327981880846,9.44327981880846,fall,flat
linear_regression,2025-06-05,0.03000000000000025,0.03166090162674792,2,2,0.1660901626747674,0.1660901626747674,rise,rise
linear_regression,2025-06-06,0.10999999999999943,-0.0009750732413233293,2,1,11.097507324132277,-11.097507324132277,rise,flat
linear_regression,2025-06-09,-0.019999999999999574,-0.005234062359053127,0,1,1.4765937640946447,1.4765937640946447,fall,flat
linear_regression,2025-06-10,-0.020000000000000462,0.03881417492601989,0,2,5.8814174926020355,5.8814174926020355,fall,rise
linear_regression,2025-06-11,-0.05999999999999961,-0.01590735880689826,0,0,4.4092641193101345,4.4092641193101345,fall,fall
linear_regression,2025-06-12,-0.04999999999999982,-0.011753525124498542,0,0,3.824647487550128,3.824647487550128,fall,fall
linear_regression,2025-06-13,0.04999999999999982,-0.04441597231738478,2,0,9.441597231738461,-9.441597231738461,rise,fall
linear_regression,2025-06-16,0.04999999999999982,0.03855340350902264,2,2,1.144659649097718,-1.144659649097718,rise,rise
linear_regression,2025-06-17,-0.07000000000000028,0.01035372598340956,0,2,8.035372598340984,8.035372598340984,fall,rise
linear_regression,2025-06-18,-0.009999999999999787,0.008707840256696048,1,1,1.8707840256695834,1.8707840256695834,flat,flat
linear_regression,2025-06-20,0.0,0.017610361296757807,1,2,1.7610361296757808,1.7610361296757808,flat,rise
linear_regression,2025-06-23,-0.040000000000000036,-0.0019320824261970762,0,1,3.806791757380296,3.806791757380296,fall,flat
linear_regression,2025-06-24,-0.040000000000000036,-0.030446175622620787,0,0,0.9553824377379249,0.9553824377379249,fall,fall
linear_regression,2025-06-25,-0.009999999999999787,-0.0019081426884541637,1,1,0.8091857311545624,0.8091857311545624,flat,flat
linear_regression,2025-06-26,-0.03000000000000025,0.009053400126615766,0,1,3.9053400126616014,3.9053400126616014,fall,flat
linear_regression,2025-06-27,0.03000000000000025,-0.006406959612945131,2,1,3.6406959612945378,-3.6406959612945378,rise,flat
linear_regression,2025-06-30,-0.04999999999999982,-0.0037077953263836795,0,1,4.629220467361614,4.629220467361614,fall,flat
linear_regression,2025-07-01,0.019999999999999574,-0.013855107888849156,2,0,3.3855107888848726,-3.3855107888848726,rise,fall
linear_regression,2025-07-02,0.040000000000000036,0.03178887472948047,2,2,0.8211125270519565,-0.8211125270519565,rise,rise
linear_regression,2025-07-03,0.04999999999999982,-0.005180362298215268,2,1,5.518036229821509,-5.518036229821509,rise,flat
linear_regression,2025-07-07,0.05000000000000071,-0.006989297053502667,2,1,5.698929705350338,-5.698929705350338,rise,flat
linear_regression,2025-07-08,0.019999999999999574,0.014517151794864212,2,2,0.5482848205135362,-0.5482848205135362,rise,rise
linear_regression,2025-07-09,-0.08000000000000007,0.007360767721287131,0,1,8.73607677212872,8.73607677212872,fall,flat
linear_regression,2025-07-10,0.009999999999999787,0.0076685149388389245,1,1,0.23314850611608623,-0.23314850611608623,flat,flat
linear_regression,2025-07-11,0.08000000000000007,-0.013366097635149073,2,0,9.336609763514915,-9.336609763514915,rise,fall
linear_regression,2025-07-14,0.0,0.03514858818714056,1,2,3.514858818714056,3.514858818714056,flat,rise
linear_regression,2025-07-15,0.07000000000000028,-0.02879918217764597,2,0,9.879918217764626,-9.879918217764626,rise,fall
linear_regression,2025-07-16,-0.040000000000000036,0.030670674511427628,0,2,7.0670674511427665,7.0670674511427665,fall,rise
linear_regression,2025-07-17,0.009999999999999787,-0.016590548053901363,1,0,2.659054805390115,-2.659054805390115,flat,fall
linear_regression,2025-07-18,-0.02999999999999936,0.027392778843436053,0,2,5.739277884343541,5.739277884343541,fall,rise
linear_regression,2025-07-21,-0.0600000000000005,0.0017160453252400248,0,1,6.171604532524052,6.171604532524052,fall,flat
linear_regression,2025-07-22,-0.03000000000000025,-0.020801988516178274,0,0,0.9198011483821975,0.9198011483821975,fall,fall
linear_regression,2025-07-23,0.05000000000000071,-0.012954516584326354,2,0,6.2954516584327065,-6.2954516584327065,rise,fall
linear_regression,2025-07-24,0.02999999999999936,-0.023408134600838543,2,0,5.34081346008379,-5.34081346008379,rise,fall
linear_regression,2025-07-25,-0.02999999999999936,-0.005092215032025111,0,1,2.490778496797425,2.490778496797425,fall,flat
linear_regression,2025-07-28,0.019999999999999574,-0.008928905790404635,2,1,2.892890579040421,-2.892890579040421,rise,flat
linear_regression,2025-07-29,-0.08000000000000007,0.011809732511639467,0,2,9.180973251163953,9.180973251163953,fall,rise
linear_regression,2025-07-30,0.040000000000000036,-0.008909826707905528,2,1,4.890982670790557,-4.890982670790557,rise,flat
linear_regression,2025-07-31,-0.009999999999999787,0.02037934782042582,1,2,3.037934782042561,3.037934782042561,flat,rise
linear_regression,2025-08-01,-0.13999999999999968,0.022793257551556475,0,2,16.279325755155615,16.279325755155615,fall,rise
linear_regression,2025-08-04,-0.010000000000000675,-0.021916460858094945,0,0,1.1916460858094269,-1.1916460858094269,fall,fall
linear_regression,2025-08-05,0.0,0.008428305315150809,1,1,0.8428305315150809,0.8428305315150809,flat,flat
linear_regression,2025-08-06,0.0,0.009381344016372068,1,1,0.9381344016372068,0.9381344016372068,flat,flat
linear_regression,2025-08-07,0.010000000000000675,0.031132454363897246,2,2,2.113245436389657,2.113245436389657,rise,rise
linear_regression,2025-08-08,0.03999999999999915,-0.03958804032563372,2,0,7.958804032563287,-7.958804032563287,rise,fall
linear_regression,2025-08-11,0.0,-0.004405056524334558,1,1,0.44050565243345574,-0.44050565243345574,flat,flat
linear_regression,2025-08-12,0.020000000000000462,0.005630285351922627,2,1,1.4369714648077836,-1.4369714648077836,rise,flat
linear_regression,2025-08-13,-0.04999999999999982,0.008022728765563935,0,1,5.802272876556376,5.802272876556376,fall,flat
linear_regression,2025-08-14,0.04999999999999982,-0.014130455379494871,2,0,6.413045537949468,-6.413045537949468,rise,fall
linear_regression,2025-08-15,0.040000000000000036,-0.00635246652454357,2,1,4.63524665245436,-4.63524665245436,rise,flat
linear_regression,2025-08-18,0.009999999999999787,0.013662204280610301,1,2,0.36622042806105143,0.36622042806105143,flat,rise
linear_regression,2025-08-19,-0.040000000000000036,0.017347337316681442,0,2,5.734733731668148,5.734733731668148,fall,rise
linear_regression,2025-08-20,-0.009999999999999787,-0.01289736292387106,1,0,0.28973629238712734,-0.28973629238712734,flat,fall
linear_regression,2025-08-21,0.040000000000000036,0.00030516437686244936,2,1,3.969483562313759,-3.969483562313759,rise,flat
linear_regression,2025-08-22,-0.07000000000000028,0.00440267086314051,0,1,7.44026708631408,7.44026708631408,fall,flat
linear_regression,2025-08-25,0.020000000000000462,-0.010856150634542368,2,0,3.085615063454283,-3.085615063454283,rise,fall
linear_regression,2025-08-26,-0.020000000000000462,0.0055439278575570615,0,1,2.5543927857557525,2.5543927857557525,fall,flat
linear_regression,2025-08-27,-0.019999999999999574,-0.0047179613723501625,0,1,1.528203862764941,1.528203862764941,fall,flat
linear_regression,2025-08-28,-0.020000000000000462,-0.001112355588903621,0,1,1.888764441109684,1.888764441109684,fall,flat
linear_regression,2025-08-29,0.010000000000000675,0.0014552408866251526,2,1,0.8544759113375523,-0.8544759113375523,rise,flat
linear_regression,2025-09-02,0.04999999999999982,0.010907915878249436,2,2,3.9092084121750386,-3.9092084121750386,rise,rise
linear_regression,2025-09-03,-0.0600000000000005,0.02348804314171721,0,2,8.34880431417177,8.34880431417177,fall,rise
linear_regression,2025-09-04,-0.04999999999999982,-0.015560229227520133,0,0,3.4439770772479688,3.4439770772479688,fall,fall
linear_regression,2025-09-05,-0.07000000000000028,0.008214223126642524,0,1,7.82142231266428,7.82142231266428,fall,flat
linear_regression,2025-09-08,-0.04999999999999982,0.021328772148280353,0,2,7.132877214828018,7.132877214828018,fall,rise
linear_regression,2025-09-09,0.03000000000000025,-0.004880314550672798,2,1,3.4880314550673046,-3.4880314550673046,rise,flat
linear_regression,2025-09-10,-0.040000000000000036,0.02360383696569101,0,2,6.360383696569105,6.360383696569105,fall,rise
linear_regression,2025-09-11,-0.03000000000000025,0.03677619107254562,0,2,6.677619107254587,6.677619107254587,fall,rise
linear_regression,2025-09-12,0.04999999999999982,0.006350256322084177,2,1,4.3649743677915644,-4.3649743677915644,rise,flat
linear_regression,2025-09-15,-0.009999999999999787,0.012305802803144805,1,2,2.2305802803144594,2.2305802803144594,flat,rise
linear_regression,2025-09-16,-0.009999999999999787,-0.0032526737376633074,1,1,0.6747326262336479,0.6747326262336479,flat,flat
linear_regression,2025-09-17,0.019999999999999574,0.017542422726293538,2,2,0.24575772737060358,-0.24575772737060358,rise,rise
linear_regression,2025-09-18,0.05000000000000071,0.008609152497922228,2,1,4.139084750207848,-4.139084750207848,rise,flat
linear_regression,2025-09-19,0.02999999999999936,-0.05413408142874267,2,0,8.413408142874204,-8.413408142874204,rise,fall
linear_regression,2025-09-22,0.010000000000000675,0.0037787491390179288,2,1,0.6221250860982747,-0.6221250860982747,rise,flat
linear_regression,2025-09-23,-0.03000000000000025,-0.01245332867543714,0,0,1.7546671324563108,1.7546671324563108,fall,fall
linear_regression,2025-09-24,0.040000000000000036,-0.022169052851635073,2,0,6.216905285163511,-6.216905285163511,rise,fall
linear_regression,2025-09-25,0.019999999999999574,-0.008453895769189498,2,1,2.8453895769189073,-2.8453895769189073,rise,flat
linear_regression,2025-09-26,0.020000000000000462,0.014241662706049766,2,2,0.5758337293950696,-0.5758337293950696,rise,rise
linear_regression,2025-09-29,-0.04999999999999982,-0.013558924911281441,0,0,3.6441075088718384,3.6441075088718384,fall,fall
linear_regression,2025-09-30,0.009999999999999787,-0.0043751823766752795,1,1,1.4375182376675066,-1.4375182376675066,flat,flat
linear_regression,2025-10-01,-0.040000000000000036,-0.0016591837080993498,0,1,3.8340816291900683,3.8340816291900683,fall,flat
linear_regression,2025-10-02,-0.020000000000000462,0.02549459072867003,0,2,4.549459072867049,4.549459072867049,fall,rise
linear_regression,2025-10-03,0.03000000000000025,0.02747673027848039,2,2,0.25232697215198596,-0.25232697215198596,rise,rise
linear_regression,2025-10-06,0.04999999999999982,0.009561904370706196,2,1,4.043809562929362,-4.043809562929362,rise,flat
linear_regression,2025-10-07,-0.040000000000000036,0.03193191549175774,0,2,7.193191549175777,7.193191549175777,fall,rise
linear_regression,2025-10-08,-0.009999999999999787,0.021492617204425225,1,2,3.1492617204425013,3.1492617204425013,flat,rise
linear_regression,2025-10-09,0.009999999999999787,-0.0038733445936211183,1,1,1.3873344593620904,-1.3873344593620904,flat,flat
linear_regression,2025-10-10,-0.08999999999999986,-0.031211386961623604,0,0,5.878861303837625,5.878861303837625,fall,fall
linear_regression,2025-10-14,-0.019999999999999574,0.012537681624901546,0,2,3.2537681624901116,3.2537681624901116,fall,rise
linear_regression,2025-10-15,0.019999999999999574,0.027678261130066675,2,2,0.7678261130067101,0.7678261130067101,rise,rise
linear_regression,2025-10-16,-0.05999999999999961,0.0010753491179217606,0,1,6.107534911792137,6.107534911792137,fall,flat
linear_regression,2025-10-17,0.02999999999999936,0.015905715744351727,2,2,1.4094284255647633,-1.4094284255647633,rise,rise
linear_regression,2025-10-20,-0.019999999999999574,-0.008497638834946687,0,1,1.1502361165052888,1.1502361165052888,fall,flat
linear_regression,2025-10-21,-0.020000000000000018,0.011120051670863272,0,2,3.112005167086329,3.112005167086329,fall,rise
linear_regression,2025-10-22,-0.009999999999999787,0.025101745336731512,1,2,3.51017453367313,3.51017453367313,flat,rise
linear_regression,2025-10-23,0.03999999999999959,-0.017065924093277497,2,0,5.706592409327708,-5.706592409327708,rise,fall
linear_regression,2025-10-24,0.009999999999999787,0.02399844671473082,1,2,1.3998446714731032,1.3998446714731032,flat,rise
linear_regression,2025-10-27,-0.009999999999999787,-0.013235907128103472,1,0,0.32359071281036855,-0.32359071281036855,flat,fall
linear_regression,2025-10-28,-0.019999999999999574,0.010365558579222715,0,2,3.0365558579222287,3.0365558579222287,fall,rise
linear_regression,2025-10-29,0.08999999999999986,0.017837987448024565,2,2,7.21620125519753,-7.21620125519753,rise,rise
linear_regression,2025-10-30,0.03000000000000025,0.003050273411524399,2,1,2.6949726588475853,-2.6949726588475853,rise,flat
linear_regression,2025-10-31,0.0,0.026531821053669847,1,2,2.6531821053669846,2.6531821053669846,flat,rise
linear_regression,2025-11-03,0.019999999999999574,-0.015817372624978364,2,0,3.5817372624977937,-3.5817372624977937,rise,fall
linear_regression,2025-11-04,-0.03000000000000025,0.007226926682340647,0,1,3.7226926682340897,3.7226926682340897,fall,flat
linear_regression,2025-11-05,0.07000000000000028,-0.020469146968848387,2,0,9.046914696884867,-9.046914696884867,rise,fall
linear_regression,2025-11-06,-0.05999999999999961,0.01778499614388057,0,2,7.778499614388018,7.778499614388018,fall,rise
linear_regression,2025-11-07,0.0,0.011777068764100139,1,2,1.1777068764100138,1.1777068764100138,flat,rise
linear_regression,2025-11-10,0.019999999999999574,-0.009318201380519947,2,1,2.931820138051952,-2.931820138051952,rise,flat
linear_regression,2025-11-12,-0.04999999999999982,-0.0017185241750572343,0,1,4.8281475824942595,4.8281475824942595,fall,flat
linear_regression,2025-11-13,0.03000000000000025,0.021449968409345443,2,2,0.8550031590654806,-0.8550031590654806,rise,rise
linear_regression,2025-11-14,0.02999999999999936,-0.003293952623502327,2,1,3.329395262350169,-3.329395262350169,rise,flat
linear_regression,2025-11-17,-0.009999999999999787,-0.005941841048711156,1,1,0.40581589512886307,0.40581589512886307,flat,flat
linear_regression,2025-11-18,-0.009999999999999787,0.027018364118758315,1,2,3.70183641187581,3.70183641187581,flat,rise
linear_regression,2025-11-19,0.009999999999999787,0.016992767973696508,1,2,0.6992767973696721,0.6992767973696721,flat,rise
linear_regression,2025-11-20,-0.03000000000000025,-0.013182492939157584,0,0,1.6817507060842667,1.6817507060842667,fall,fall
linear_regression,2025-11-21,-0.040000000000000036,0.010212515219403716,0,2,5.021251521940375,5.021251521940375,fall,rise
linear_regression,2025-11-24,-0.019999999999999574,0.009816199733168553,0,1,2.9816199733168123,2.9816199733168123,fall,flat
linear_regression,2025-11-25,-0.03000000000000025,0.009222593181793429,0,1,3.9222593181793677,3.9222593181793677,fall,flat
linear_regression,2025-11-26,-0.009999999999999787,0.007657650060518209,1,1,1.7657650060517998,1.7657650060517998,flat,flat
linear_regression,2025-11-28,0.019999999999999574,0.012124288036146697,2,2,0.7875711963852876,-0.7875711963852876,rise,rise
linear_regression,2025-12-01,0.07000000000000028,-0.0057415520528765,2,1,7.574155205287679,-7.574155205287679,rise,flat
linear_regression,2025-12-02,0.0,0.004921183551939384,1,1,0.4921183551939384,0.4921183551939384,flat,flat
linear_regression,2025-12-03,-0.03000000000000025,-0.005311232760700818,0,1,2.468876723929943,2.468876723929943,fall,flat
linear_regression,2025-12-04,0.05000000000000071,0.02320197121349597,2,2,2.679802878650474,-2.679802878650474,rise,rise
linear_regression,2025-12-05,0.02999999999999936,-0.0010328145269743513,2,1,3.1032814526973715,-3.1032814526973715,rise,flat
linear_regression,2025-12-08,0.03000000000000025,-0.005140808588287824,2,1,3.5140808588288075,-3.5140808588288075,rise,flat
linear_regression,2025-12-09,0.009999999999999787,-0.005341304266629038,1,1,1.5341304266628826,-1.5341304266628826,flat,flat
linear_regression,2025-12-10,-0.04999999999999982,0.004406918662655892,0,1,5.440691866265571,5.440691866265571,fall,flat
linear_regression,2025-12-11,0.009999999999999787,-0.0083121145895401,1,1,1.8312114589539887,-1.8312114589539887,flat,flat
linear_regression,2025-12-12,0.05000000000000071,-0.005313747050723198,2,1,5.531374705072391,-5.531374705072391,rise,flat
linear_regression,2025-12-15,-0.010000000000000675,0.001548769404934737,0,1,1.1548769404935413,1.1548769404935413,fall,flat
linear_regression,2025-12-16,-0.02999999999999936,0.009401164686923811,0,1,3.9401164686923176,3.9401164686923176,fall,flat
linear_regression,2025-12-17,0.009999999999999787,0.016676664796370207,1,2,0.667666479637042,0.667666479637042,flat,rise
linear_regression,2025-12-18,-0.040000000000000036,0.019738605431187595,0,2,5.973860543118763,5.973860543118763,fall,rise
linear_regression,2025-12-19,0.040000000000000036,0.0002311970645555595,2,1,3.976880293544448,-3.976880293544448,rise,flat
linear_regression,2025-12-22,0.009999999999999787,0.0063809031572598755,1,1,0.3619096842739911,-0.3619096842739911,flat,flat
linear_regression,2025-12-23,0.009999999999999787,-0.007087497667726735,1,1,1.7087497667726521,-1.7087497667726521,flat,flat
linear_regression,2025-12-24,-0.02999999999999936,0.020561633008940865,0,2,5.056163300894022,5.056163300894022,fall,rise
linear_regression,2025-12-26,-0.010000000000000675,0.00024582122943381723,0,1,1.0245821229434493,1.0245821229434493,fall,flat
linear_regression,2025-12-29,-0.019999999999999574,0.006470240900235335,0,1,2.647024090023491,2.647024090023491,fall,flat
linear_regression,2025-12-30,0.019999999999999574,-0.008566807752933042,2,1,2.8566807752932615,-2.8566807752932615,rise,flat
linear_regression,2025-12-31,0.040000000000000036,0.0009260987300133429,2,1,3.9073901269986693,-3.9073901269986693,rise,flat
linear_regression,2026-01-02,0.010000000000000675,0.013468876091146716,2,2,0.34688760911460415,0.34688760911460415,rise,rise
linear_regression,2026-01-05,-0.020000000000000462,0.005902422857807767,0,1,2.590242285780823,2.590242285780823,fall,flat
linear_regression,2026-01-06,0.009999999999999787,-0.01282997935134998,1,0,2.282997935134977,-2.282997935134977,flat,fall
linear_regression,2026-01-07,-0.02999999999999936,0.016389084376300024,0,2,4.638908437629938,4.638908437629938,fall,rise
linear_regression,2026-01-08,0.040000000000000036,0.004159564546357532,2,1,3.58404354536425,-3.58404354536425,rise,flat
linear_regression,2026-01-09,-0.010000000000000675,0.0024225075866801684,0,1,1.2422507586680844,1.2422507586680844,fall,flat
linear_regression,2026-01-12,0.010000000000000675,-0.006400575212928278,2,1,1.6400575212928952,-1.6400575212928952,rise,flat
linear_regression,2026-01-13,-0.010000000000000675,-0.009162878776960095,0,1,0.08371212230405806,0.08371212230405806,fall,flat
linear_regression,2026-01-14,-0.02999999999999936,0.008683839225957286,0,1,3.868383922595665,3.868383922595665,fall,flat
linear_regression,2026-01-15,0.019999999999999574,0.018094891205046336,2,2,0.19051087949532378,-0.19051087949532378,rise,rise
linear_regression,2026-01-16,0.07000000000000028,0.00794522858360045,2,1,6.205477141639983,-6.205477141639983,rise,flat
linear_regression,2026-01-20,0.05999999999999961,0.03311835238862608,2,2,2.688164761137353,-2.688164761137353,rise,rise
linear_regression,2026-01-21,-0.040000000000000036,-0.009868300324723142,0,1,3.0131699675276895,3.0131699675276895,fall,flat
linear_regression,2026-01-22,0.0,-0.012685430058564389,1,0,1.2685430058564389,-1.2685430058564389,flat,fall
linear_regression,2026-01-23,-0.019999999999999574,-0.0011519094569073934,0,1,1.884809054309218,1.884809054309218,fall,flat
linear_regression,2026-01-26,-0.020000000000000462,0.003636800575966108,0,1,2.363680057596657,2.363680057596657,fall,flat
linear_regression,2026-01-27,0.020000000000000462,-0.005758684262793282,2,1,2.5758684262793743,-2.5758684262793743,rise,flat
linear_regression,2026-01-28,0.019999999999999574,0.0003018927619123121,2,1,1.9698107238087261,-1.9698107238087261,rise,flat
linear_regression,2026-01-29,-0.019999999999999574,0.013196373242469831,0,2,3.3196373242469406,3.3196373242469406,fall,rise
linear_regression,2026-01-30,0.019999999999999574,0.0008448860354915554,2,1,1.9155113964508017,-1.9155113964508017,rise,flat
linear_regression,2026-02-02,0.03000000000000025,0.010796413775692407,2,2,1.920358622430784,-1.920358622430784,rise,rise
linear_regression,2026-02-03,-0.009999999999999787,-0.008208500091107594,1,1,0.17914999088921926,0.17914999088921926,flat,flat
linear_regression,2026-02-04,0.009999999999999787,0.013543557463465456,1,2,0.35435574634656697,0.35435574634656697,flat,rise
linear_regression,2026-02-05,-0.08000000000000007,-0.012856906658810209,0,0,6.714309334118987,6.714309334118987,fall,fall
linear_regression,2026-02-06,0.009999999999999787,0.012087747969457326,1,2,0.20877479694575396,0.20877479694575396,flat,rise
linear_regression,2026-02-09,0.0,-0.006296152377329471,1,1,0.629615237732947,-0.629615237732947,flat,flat
linear_regression,2026-02-10,-0.05999999999999961,-0.0024863329941948466,0,1,5.751366700580476,5.751366700580476,fall,flat
linear_regression,2026-02-11,0.019999999999999574,0.0005028317091180239,2,1,1.949716829088155,-1.949716829088155,rise,flat
linear_regression,2026-02-12,-0.08999999999999986,0.01101718226616289,0,2,10.101718226616274,10.101718226616274,fall,rise
linear_regression,2026-02-13,-0.04999999999999982,0.007892187133452591,0,1,5.7892187133452415,5.7892187133452415,fall,flat
linear_regression,2026-02-17,0.009999999999999787,0.01572218847574281,1,2,0.5722188475743024,0.5722188475743024,flat,rise
linear_regression,2026-02-18,0.040000000000000036,0.016870211779325302,2,2,2.3129788220674734,-2.3129788220674734,rise,rise
linear_regression,2026-02-19,-0.009999999999999787,0.00901144248722434,1,1,1.9011442487224126,1.9011442487224126,flat,flat
linear_regression,2026-02-20,0.0,0.011438714478760532,1,2,1.1438714478760532,1.1438714478760532,flat,rise
linear_regression,2026-02-23,-0.04999999999999982,-0.009065007493770937,0,1,4.093499250622888,4.093499250622888,fall,flat
linear_regression,2026-02-24,0.009999999999999787,-0.019650647171839005,1,0,2.9650647171838793,-2.9650647171838793,flat,fall
linear_regression,2026-02-25,0.009999999999999787,0.005730364660094508,1,1,0.42696353399052794,-0.42696353399052794,flat,flat
linear_regression,2026-02-26,-0.03000000000000025,-0.004632815798524174,0,1,2.5367184201476074,2.5367184201476074,fall,flat
linear_regression,2026-02-27,-0.04999999999999938,0.02351534521293053,0,2,7.35153452129299,7.35153452129299,fall,rise
linear_regression,2026-03-02,0.07999999999999963,-0.00866294752589268,2,1,8.86629475258923,-8.86629475258923,rise,flat
linear_regression,2026-03-03,0.009999999999999787,0.0035527168423844123,1,1,0.6447283157615374,-0.6447283157615374,flat,flat
linear_regression,2026-03-04,0.03000000000000025,-0.007564543243566132,2,1,3.756454324356638,-3.756454324356638,rise,flat
linear_regression,2026-03-05,0.040000000000000036,-0.01176472435985825,2,0,5.176472435985828,-5.176472435985828,rise,fall
linear_regression,2026-03-06,0.020000000000000462,0.014433259723064668,2,2,0.5566740276935794,-0.5566740276935794,rise,rise
linear_regression,2026-03-09,-0.03000000000000025,-0.015965866589217864,0,0,1.4034133410782386,1.4034133410782386,fall,fall
linear_regression,2026-03-10,0.03000000000000025,0.0035421593216178205,2,1,2.645784067838243,-2.645784067838243,rise,flat
linear_regression,2026-03-11,0.05999999999999961,-0.00877347432851091,2,1,6.877347432851052,-6.877347432851052,rise,flat
linear_regression,2026-03-12,0.05999999999999961,0.021150642091373344,2,2,3.8849357908626265,-3.8849357908626265,rise,rise
linear_regression,2026-03-13,0.010000000000000675,-0.0008659596312368067,2,1,1.0865959631237483,-1.0865959631237483,rise,flat
linear_regression,2026-03-16,-0.04999999999999982,-0.017432867069913933,0,0,3.256713293008589,3.256713293008589,fall,fall
linear_regression,2026-03-17,-0.03000000000000025,-0.008067626276703438,0,1,2.1932373723296807,2.1932373723296807,fall,flat
linear_regression,2026-03-18,0.05999999999999961,0.01611649911926893,2,2,4.388350088073068,-4.388350088073068,rise,rise
linear_regression,2026-03-19,-0.009999999999999787,0.005734183936177029,1,1,1.5734183936176815,1.5734183936176815,flat,flat
linear_regression,2026-03-20,0.13999999999999968,-0.0023000941337005757,2,1,14.230009413370027,-14.230009413370027,rise,flat
linear_regression,2026-03-23,-0.04999999999999982,0.015388116098852683,0,2,6.538811609885251,6.538811609885251,fall,rise
linear_regression,2026-03-24,0.04999999999999982,-0.0037650825881881296,2,1,5.376508258818795,-5.376508258818795,rise,flat
linear_regression,2026-03-25,-0.05999999999999961,-0.006364502425055074,0,1,5.363549757494454,5.363549757494454,fall,flat
linear_regression,2026-03-26,0.08999999999999986,0.00969563307149899,2,1,8.030436692850088,-8.030436692850088,rise,flat
linear_regression,2026-03-27,0.020000000000000462,0.009727010249447809,2,1,1.0272989750552652,-1.0272989750552652,rise,flat
linear_regression,2026-03-30,-0.09000000000000075,0.0020763338174744138,0,1,9.207633381747515,9.207633381747515,fall,flat
linear_regression,2026-03-31,-0.04999999999999982,0.007831951653951143,0,1,5.783195165395097,5.783195165395097,fall,flat
linear_regression,2026-04-01,0.03000000000000025,0.003766916482036529,2,1,2.623308351796372,-2.623308351796372,rise,flat
linear_regression,2026-04-02,-0.020000000000000462,-0.0021674755602954163,0,1,1.7832524439705046,1.7832524439705046,fall,flat
linear_regression,2026-04-03,0.040000000000000036,0.020046671433714327,2,2,1.9953328566285709,-1.9953328566285709,rise,rise
linear_regression,2026-04-06,-0.009999999999999787,0.021886211599836457,1,2,3.188621159983625,3.188621159983625,flat,rise
linear_regression,2026-04-07,-0.009999999999999787,-0.003323125012550862,1,1,0.6676874987448925,0.6676874987448925,flat,flat
linear_regression,2026-04-08,-0.040000000000000036,-0.011384417161552179,0,0,2.8615582838447855,2.8615582838447855,fall,fall
linear_regression,2026-04-09,0.0,-0.0012476026650852698,1,1,0.12476026650852698,-0.12476026650852698,flat,flat
linear_regression,2026-04-10,0.019999999999999574,-0.0026240249959678472,2,1,2.262402499596742,-2.262402499596742,rise,flat
linear_regression,2026-04-13,-0.009999999999999787,0.006022954958889212,1,1,1.6022954958888997,1.6022954958888997,flat,flat
linear_regression,2026-04-14,-0.040000000000000036,0.02113105752491385,0,2,6.113105752491388,6.113105752491388,fall,rise
linear_regression,2026-04-15,0.03000000000000025,0.00952375321166211,2,1,2.047624678833814,-2.047624678833814,rise,flat
linear_regression,2026-04-16,0.03000000000000025,0.0332985950436491,2,2,0.329859504364885,0.329859504364885,rise,rise
linear_regression,2026-04-17,-0.0600000000000005,0.0010426145493390797,0,1,6.104261454933957,6.104261454933957,fall,flat
linear_regression,2026-04-20,0.0,-0.014390821365983804,1,0,1.4390821365983804,-1.4390821365983804,flat,fall
linear_regression,2026-04-21,0.040000000000000036,-0.016998379529581057,2,0,5.699837952958109,-5.699837952958109,rise,fall
linear_regression,2026-04-22,0.0,0.0019099763570337575,1,1,0.19099763570337575,0.19099763570337575,flat,flat
linear_regression,2026-04-23,0.040000000000000036,-0.0036714006528177833,2,1,4.367140065281782,-4.367140065281782,rise,flat
linear_regression,2026-04-24,-0.03000000000000025,0.017614836813529707,0,2,4.7614836813529955,4.7614836813529955,fall,rise
linear_regression,2026-04-27,0.040000000000000036,-0.0053445759582605576,2,1,4.534457595826059,-4.534457595826059,rise,flat
linear_regression,2026-04-28,0.010000000000000675,0.0005800761165828121,2,1,0.9419923883417863,-0.9419923883417863,rise,flat
linear_regression,2026-04-29,0.05999999999999961,0.011699614470507873,2,2,4.830038552949174,-4.830038552949174,rise,rise
linear_regression,2026-04-30,-0.019999999999999574,-3.003215497354196e-05,0,1,1.9969967845026033,1.9969967845026033,fall,flat
linear_regression,2026-05-01,-0.010000000000000675,-0.0022477007488552244,0,1,0.775229925114545,0.775229925114545,fall,flat
linear_regression,2026-05-04,0.0600000000000005,0.008268076355224054,2,1,5.173192364477644,-5.173192364477644,rise,flat
linear_regression,2026-05-05,-0.020000000000000462,0.011609913770807055,0,2,3.1609913770807516,3.1609913770807516,fall,rise
linear_regression,2026-05-06,-0.0699999999999994,0.018258939311223233,0,2,8.825893931122263,8.825893931122263,fall,rise
linear_regression,2026-05-07,0.04999999999999982,-0.0013371153310980646,2,1,5.133711533109789,-5.133711533109789,rise,flat
linear_regression,2026-05-08,-0.03000000000000025,0.009150265933998553,0,1,3.91502659339988,3.91502659339988,fall,flat
linear_regression,2026-05-11,0.040000000000000036,0.020269981790592535,2,2,1.97300182094075,-1.97300182094075,rise,rise
linear_regression,2026-05-12,0.040000000000000036,-0.015951360839558906,2,0,5.595136083955894,-5.595136083955894,rise,fall
linear_regression,2026-05-13,0.0,0.003304644542853761,1,1,0.3304644542853761,0.3304644542853761,flat,flat
linear_regression,2026-05-14,0.009999999999999787,-0.001098998443696546,1,1,1.1098998443696333,-1.1098998443696333,flat,flat
linear_regression,2026-05-15,0.1200000000000001,0.035152641840208124,2,2,8.484735815979198,-8.484735815979198,rise,rise
linear_regression,2026-05-18,0.020000000000000462,-0.0007323795483652473,2,1,2.073237954836571,-2.073237954836571,rise,flat
linear_regression,2026-05-19,0.05999999999999961,-0.021811578485537646,2,0,8.181157848553726,-8.181157848553726,rise,fall
linear_regression,2026-05-20,-0.09999999999999964,-0.0038324865713101723,0,1,9.616751342868946,9.616751342868946,fall,flat
linear_regression,2026-05-21,0.0,-0.005385395321015536,1,1,0.5385395321015536,-0.5385395321015536,flat,flat
linear_regression,2026-05-22,-0.010000000000000675,0.006849984090091554,0,1,1.6849984090092232,1.6849984090092232,fall,flat
linear_regression,2026-05-26,-0.05999999999999961,-0.004157890211494738,0,1,5.5842109788504875,5.5842109788504875,fall,flat
linear_regression,2026-05-27,-0.019999999999999574,-0.04039873494603573,0,0,2.0398734946036154,-2.0398734946036154,fall,fall
linear_regression,2026-05-28,-0.03000000000000025,0.029964268820419162,0,2,5.996426882041941,5.996426882041941,fall,rise
linear_regression,2026-05-29,0.0,-0.016794839617706926,1,0,1.6794839617706927,-1.6794839617706927,flat,fall
linear_regression,2026-06-01,0.019999999999999574,0.021061574471753334,2,2,0.10615744717537602,0.10615744717537602,rise,rise
linear_regression,2026-06-02,-0.009999999999999787,0.011990210952089823,1,2,2.1990210952089613,2.1990210952089613,flat,rise
linear_regression,2026-06-03,0.03000000000000025,-0.013510801656079336,2,0,4.351080165607958,-4.351080165607958,rise,fall
linear_regression,2026-06-04,-0.020000000000000462,0.023045235488658396,0,2,4.304523548865886,4.304523548865886,fall,rise
linear_regression,2026-06-05,0.08000000000000007,-0.0056564240364205326,2,1,8.565642403642059,-8.565642403642059,rise,flat
linear_regression,2026-06-08,0.009999999999999787,0.03645542074624447,1,2,2.645542074624468,2.645542074624468,flat,rise
linear_regression,2026-06-09,-0.02999999999999936,0.013531151283267852,0,2,4.3531151283267215,4.3531151283267215,fall,rise
linear_regression,2026-06-10,0.019999999999999574,0.0017735563028025464,2,1,1.8226443697197028,-1.8226443697197028,rise,flat
linear_regression,2026-06-11,-0.09999999999999964,0.02913136205277237,0,2,12.913136205277201,12.913136205277201,fall,rise
linear_regression,2026-06-12,0.03000000000000025,-0.011113004597067617,2,0,4.111300459706786,-4.111300459706786,rise,fall
linear_regression,2026-06-15,-0.010000000000000675,0.0012793701520331206,0,1,1.1279370152033796,1.1279370152033796,fall,flat
linear_regression,2026-06-16,-0.040000000000000036,0.001541347137125173,0,1,4.154134713712521,4.154134713712521,fall,flat
linear_regression,2026-06-17,0.0600000000000005,-0.004170686744046005,2,1,6.41706867440465,-6.41706867440465,rise,flat
linear_regression,2026-06-18,-0.03000000000000025,0.03168348725124327,0,2,6.1683487251243525,6.1683487251243525,fall,rise
linear_regression,2026-06-22,0.04999999999999982,0.006724809094741558,2,1,4.3275190905258265,-4.3275190905258265,rise,flat
linear_regression,2026-06-23,-0.009999999999999787,-0.014087351335034307,1,0,0.40873513350345203,-0.40873513350345203,flat,fall
linear_regression,2026-06-24,-0.08999999999999986,-0.01268815253267986,0,0,7.7311847467320005,7.7311847467320005,fall,fall
linear_regression,2026-06-25,-0.009999999999999787,-0.0028286823879201126,1,1,0.7171317612079674,0.7171317612079674,flat,flat
linear_regression,2026-06-26,-0.020000000000000462,0.033545271606985186,0,2,5.354527160698565,5.354527160698565,fall,rise
linear_regression,2026-06-29,0.0,-0.013258706451148256,1,0,1.3258706451148257,-1.3258706451148257,flat,fall
linear_regression,2026-06-30,0.0600000000000005,0.013783799089620383,2,2,4.621620091038012,-4.621620091038012,rise,rise
linear_regression,2026-07-01,0.040000000000000036,0.014194675734548119,2,2,2.5805324265451914,-2.5805324265451914,rise,rise
linear_regression,2026-07-02,0.009999999999999787,-0.010660142144247885,1,0,2.0660142144247673,-2.0660142144247673,flat,fall
linear_regression,2026-07-06,-0.009999999999999787,0.014821796140955482,1,2,2.482179614095527,2.482179614095527,flat,rise
linear_regression,2026-07-07,0.0699999999999994,-0.017388803197448892,2,0,8.73888031974483,-8.73888031974483,rise,fall
linear_regression,2026-07-08,0.009999999999999787,-0.006092362848389775,1,1,1.6092362848389563,-1.6092362848389563,flat,flat
linear_regression,2026-07-09,-0.019999999999999574,0.00814408175138359,0,1,2.8144081751383165,2.8144081751383165,fall,flat
linear_regression,2026-07-10,0.019999999999999574,-0.012472978227988969,2,0,3.2472978227988545,-3.2472978227988545,rise,fall
linear_regression,2026-07-13,0.0600000000000005,0.006099683839628938,2,1,5.390031616037156,-5.390031616037156,rise,flat
linear_regression,2026-07-14,-0.040000000000000036,0.017050492361578146,0,2,5.705049236157818,5.705049236157818,fall,rise
linear_regression,2026-07-15,-0.03000000000000025,0.0016293051723307592,0,1,3.1629305172331006,3.1629305172331006,fall,flat
linear_regression,2026-07-16,0.020000000000000462,-0.0014867680007385363,2,1,2.1486768000739,-2.1486768000739,rise,flat
linear_regression,2026-07-17,-0.020000000000000462,-0.005113221022024668,0,1,1.4886778977975794,1.4886778977975794,fall,flat
linear_regression,2026-07-20,0.04999999999999982,0.000287591892985536,2,1,4.9712408107014285,-4.9712408107014285,rise,flat
linear_regression,2026-07-21,0.03000000000000025,0.010002985057861503,2,2,1.9997014942138747,-1.9997014942138747,rise,rise
linear_regression,2026-07-22,0.040000000000000036,0.013257010034780886,2,2,2.674298996521915,-2.674298996521915,rise,rise
linear_regression,2026-07-23,0.040000000000000036,-0.013078239400230944,2,0,5.3078239400230975,-5.3078239400230975,rise,fall
linear_regression,2026-07-24,-0.019999999999999574,-0.008033058968774601,0,1,1.1966941031224971,1.1966941031224971,fall,flat
linear_regression,2026-07-27,-0.040000000000000036,0.00900072305228684,0,1,4.900072305228688,4.900072305228688,fall,flat
linear_regression,2026-07-28,-0.040000000000000036,-0.0031263435691852603,0,1,3.6873656430814776,3.6873656430814776,fall,flat
linear_regression,2026-07-29,0.05999999999999961,0.0190151582374361,2,2,4.098484176256351,-4.098484176256351,rise,rise
linear_regression,2026-07-30,0.009999999999999787,0.019682302032852587,1,2,0.9682302032852801,0.9682302032852801,flat,rise
linear_regression,2026-07-31,0.07000000000000028,-0.0009643972709672132,2,1,7.09643972709675,-7.09643972709675,rise,flat
linear_regression,2026-08-03,-0.04999999999999982,0.015127044066023589,0,2,6.5127044066023405,6.5127044066023405,fall,rise
linear_regression,2026-08-04,-0.07000000000000028,0.0307468416076699,0,2,10.074684160767019,10.074684160767019,fall,rise
linear_regression,2026-08-05,0.0,-0.00045391121930720823,1,1,0.045391121930720826,-0.045391121930720826,flat,flat
linear_regression,2026-08-06,0.0600000000000005,0.009348673858028744,2,1,5.065132614197175,-5.065132614197175,rise,flat
linear_regression,2026-08-07,-0.040000000000000036,-0.01636184968967512,0,0,2.3638150310324915,2.3638150310324915,fall,fall
linear_regression,2026-08-10,0.0699999999999994,0.013920534952086186,2,2,5.607946504791321,-5.607946504791321,rise,rise
linear_regression,2026-08-11,-0.019999999999999574,-0.024541426163624664,0,0,0.454142616362509,-0.454142616362509,fall,fall
linear_regression,2026-08-12,-0.020000000000000462,0.01104095564343138,0,2,3.1040955643431842,3.1040955643431842,fall,rise
linear_regression,2026-08-13,-0.04999999999999982,0.02189424111682734,0,2,7.189424111682715,7.189424111682715,fall,rise
linear_regression,2026-08-14,0.04999999999999982,-0.007670279129288355,2,1,5.767027912928818,-5.767027912928818,rise,flat
linear_regression,2026-08-17,0.040000000000000036,0.00357124813486557,2,1,3.6428751865134466,-3.6428751865134466,rise,flat
linear_regression,2026-08-18,-0.009999999999999787,-0.004072080980768446,1,1,0.592791901923134,0.592791901923134,flat,flat
linear_regression,2026-08-19,-0.05999999999999961,0.0056155154844042075,0,1,6.561551548440383,6.561551548440383,fall,flat
linear_regression,2026-08-20,0.040000000000000036,-0.015615099146572373,2,0,5.561509914657241,-5.561509914657241,rise,fall
linear_regression,2026-08-21,0.04999999999999982,0.0036234652977355994,2,1,4.6376534702264225,-4.6376534702264225,rise,flat
linear_regression,2026-08-24,-0.040000000000000036,0.005602198753191563,0,1,4.560219875319159,4.560219875319159,fall,flat
linear_regression,2026-08-25,-0.0600000000000005,-0.0031546953233251808,0,1,5.684530467667532,5.684530467667532,fall,flat
linear_regression,2026-08-26,0.020000000000000462,0.0185470266592076,2,2,0.14529733407928624,-0.14529733407928624,rise,rise
linear_regression,2026-08-27,0.009999999999999787,0.022952503944976665,1,2,1.2952503944976879,1.2952503944976879,flat,rise
linear_regression,2026-08-28,0.0600000000000005,0.014656700055440182,2,2,4.534329994456032,-4.534329994456032,rise,rise
linear_regression,2026-08-31,0.019999999999999574,-0.004500679127941411,2,1,2.4500679127940983,-2.4500679127940983,rise,flat
linear_regression,2026-09-01,0.040000000000000036,0.030045027099776602,2,2,0.9954972900223433,-0.9954972900223433,rise,rise
linear_regression,2026-09-02,0.0,0.011140523377654659,1,2,1.1140523377654659,1.1140523377654659,flat,rise
linear_regression,2026-09-03,-0.020000000000000462,0.0014575722141927077,0,1,2.1457572214193172,2.1457572214193172,fall,flat
linear_regression,2026-09-04,0.010000000000000675,-0.00210100914294478,2,1,1.2101009142945456,-1.2101009142945456,rise,flat
linear_regression,2026-09-08,0.019999999999999574,0.008968619119712402,2,1,1.1031380880287172,-1.1031380880287172,rise,flat
daily_lstm,2021-03-25,0.009999999999999787,0.006672474090009928,1,1,0.3327525909989859,-0.3327525909989859,flat,flat
daily_lstm,2021-03-26,0.040000000000000036,-0.0004116825293749571,2,1,4.041168252937499,-4.041168252937499,rise,flat
daily_lstm,2021-03-29,0.06000000000000005,0.0009757234365679324,2,1,5.902427656343212,-5.902427656343212,rise,flat
daily_lstm,2021-03-30,0.0,-0.004460339434444904,1,1,0.44603394344449043,-0.44603394344449043,flat,flat
daily_lstm,2021-03-31,0.010000000000000009,0.0041536795906722546,2,1,0.5846320409327754,-0.5846320409327754,rise,flat
daily_lstm,2021-04-01,-0.050000000000000044,-0.005447385832667351,0,1,4.455261416733269,4.455261416733269,fall,flat
daily_lstm,2021-04-02,0.030000000000000027,0.0034388306085020304,2,1,2.6561169391497996,-2.6561169391497996,rise,flat
daily_lstm,2021-04-05,0.010000000000000009,0.004505823366343975,2,1,0.5494176633656034,-0.5494176633656034,rise,flat
daily_lstm,2021-04-06,-0.06000000000000005,-0.0016130937729030848,0,1,5.838690622709697,5.838690622709697,fall,flat
daily_lstm,2021-04-07,0.010000000000000009,0.002363857813179493,2,1,0.7636142186820516,-0.7636142186820516,rise,flat
daily_lstm,2021-04-08,-0.040000000000000036,-0.0014391535660251975,0,1,3.856084643397484,3.856084643397484,fall,flat
daily_lstm,2021-04-09,0.030000000000000027,0.0049099368043243885,2,1,2.509006319567564,-2.509006319567564,rise,flat
daily_lstm,2021-04-12,0.020000000000000018,0.0006328567396849394,2,1,1.9367143260315078,-1.9367143260315078,rise,flat
daily_lstm,2021-04-13,-0.050000000000000044,0.0009576460579410195,0,1,5.095764605794106,5.095764605794106,fall,flat
daily_lstm,2021-04-14,0.0,-0.0021169704850763083,1,1,0.21169704850763083,-0.21169704850763083,flat,flat
daily_lstm,2021-04-15,-0.07999999999999985,0.0016946180257946253,0,1,8.169461802579448,8.169461802579448,fall,flat
daily_lstm,2021-04-16,0.030000000000000027,0.00933055579662323,2,1,2.0669444203376797,-2.0669444203376797,rise,flat
daily_lstm,2021-04-19,0.020000000000000018,0.006189581472426653,2,1,1.3810418527573365,-1.3810418527573365,rise,flat
daily_lstm,2021-04-20,-0.030000000000000027,0.0023409584537148476,0,1,3.2340958453714874,3.2340958453714874,fall,flat
daily_lstm,2021-04-21,-0.010000000000000009,0.0012984247878193855,0,1,1.1298424787819394,1.1298424787819394,fall,flat
daily_lstm,2021-04-22,0.0,0.0032890026923269033,1,1,0.32890026923269033,0.32890026923269033,flat,flat
daily_lstm,2021-04-23,0.010000000000000009,0.003986939322203398,2,1,0.6013060677796611,-0.6013060677796611,rise,flat
daily_lstm,2021-04-26,0.0,0.002743779681622982,1,1,0.2743779681622982,0.2743779681622982,flat,flat
daily_lstm,2021-04-27,0.04999999999999982,0.0005190370720811188,2,1,4.94809629279187,-4.94809629279187,rise,flat
daily_lstm,2021-04-28,0.0,-0.001439619460143149,1,1,0.1439619460143149,-0.1439619460143149,flat,flat
daily_lstm,2021-04-29,0.020000000000000018,-0.003491707146167755,2,1,2.3491707146167773,-2.3491707146167773,rise,flat
daily_lstm,2021-04-30,0.0,-0.003144659101963043,1,1,0.3144659101963043,-0.3144659101963043,flat,flat
daily_lstm,2021-05-03,-0.020000000000000018,-0.0007330400985665619,0,1,1.9266959901433456,1.9266959901433456,fall,flat
daily_lstm,2021-05-04,-0.019999999999999796,-0.005717637948691845,0,1,1.428236205130795,1.428236205130795,fall,flat
daily_lstm,2021-05-05,-0.020000000000000018,0.001974920742213726,0,1,2.1974920742213744,2.1974920742213744,fall,flat
daily_lstm,2021-05-06,-0.010000000000000009,0.0018345220014452934,0,1,1.1834522001445302,1.1834522001445302,fall,flat
daily_lstm,2021-05-07,0.020000000000000018,0.002282999688759446,2,1,1.7717000311240572,-1.7717000311240572,rise,flat
daily_lstm,2021-05-10,0.029999999999999805,-0.0038878959603607655,2,1,3.388789596036057,-3.388789596036057,rise,flat
daily_lstm,2021-05-11,0.010000000000000009,-0.004785819444805384,2,1,1.4785819444805393,-1.4785819444805393,rise,flat
daily_lstm,2021-05-12,0.050000000000000044,-0.007501710671931505,2,1,5.750171067193155,-5.750171067193155,rise,flat
daily_lstm,2021-05-13,-0.030000000000000027,-0.0062491013668477535,0,1,2.3750898633152273,2.3750898633152273,fall,flat
daily_lstm,2021-05-14,-0.030000000000000027,-0.008681511506438255,0,1,2.131848849356177,2.131848849356177,fall,flat
daily_lstm,2021-05-17,0.010000000000000009,0.0011062531266361475,2,1,0.8893746873363861,-0.8893746873363861,rise,flat
daily_lstm,2021-05-18,0.0,-0.0006383843719959259,1,1,0.06383843719959259,-0.06383843719959259,flat,flat
daily_lstm,2021-05-19,0.040000000000000036,-0.0027704723179340363,2,1,4.277047231793407,-4.277047231793407,rise,flat
daily_lstm,2021-05-20,-0.050000000000000044,0.0031468328088521957,0,1,5.314683280885224,5.314683280885224,fall,flat
daily_lstm,2021-05-21,0.0,0.0014619837747886777,1,1,0.14619837747886777,0.14619837747886777,flat,flat
daily_lstm,2021-05-24,-0.019999999999999796,0.0009660265641286969,0,1,2.0966026564128493,2.0966026564128493,fall,flat
daily_lstm,2021-05-25,-0.050000000000000044,0.002746554324403405,0,1,5.274655432440345,5.274655432440345,fall,flat
daily_lstm,2021-05-26,0.020000000000000018,0.00507583050057292,2,1,1.4924169499427098,-1.4924169499427098,rise,flat
daily_lstm,2021-05-27,0.030000000000000027,0.005231971386820078,2,1,2.476802861317995,-2.476802861317995,rise,flat
daily_lstm,2021-05-28,-0.030000000000000027,0.0027085659094154835,0,1,3.270856590941551,3.270856590941551,fall,flat
daily_lstm,2021-06-01,0.040000000000000036,0.004577302373945713,2,1,3.5422697626054322,-3.5422697626054322,rise,flat
daily_lstm,2021-06-02,-0.030000000000000027,-0.002790444530546665,0,1,2.720955546945336,2.720955546945336,fall,flat
daily_lstm,2021-06-03,0.039999999999999813,0.0024060977157205343,2,1,3.759390228427928,-3.759390228427928,rise,flat
daily_lstm,2021-06-04,-0.06999999999999984,-0.0017391786677762866,0,1,6.826082133222355,6.826082133222355,fall,flat
daily_lstm,2021-06-07,0.010000000000000009,0.0034863667096942663,2,1,0.6513633290305743,-0.6513633290305743,rise,flat
daily_lstm,2021-06-08,-0.040000000000000036,0.0004842604394070804,0,1,4.048426043940712,4.048426043940712,fall,flat
daily_lstm,2021-06-09,-0.030000000000000027,0.006193268112838268,0,1,3.6193268112838295,3.6193268112838295,fall,flat
daily_lstm,2021-06-10,-0.050000000000000044,0.004743936471641064,0,1,5.474393647164111,5.474393647164111,fall,flat
daily_lstm,2021-06-11,0.020000000000000018,0.005036550108343363,2,1,1.4963449891656655,-1.4963449891656655,rise,flat
daily_lstm,2021-06-14,0.040000000000000036,0.005839306395500898,2,1,3.4160693604499137,-3.4160693604499137,rise,flat
daily_lstm,2021-06-15,0.0,0.001735953032039106,1,1,0.1735953032039106,0.1735953032039106,flat,flat
daily_lstm,2021-06-16,0.06000000000000005,-0.0006081480532884598,2,1,6.060814805328851,-6.060814805328851,rise,flat
daily_lstm,2021-06-17,-0.050000000000000044,0.004241632763296366,0,1,5.424163276329641,5.424163276329641,fall,flat
daily_lstm,2021-06-18,-0.07000000000000006,0.007705987431108952,0,1,7.770598743110901,7.770598743110901,fall,flat
daily_lstm,2021-06-21,0.050000000000000044,0.011180387809872627,2,2,3.8819612190127417,-3.8819612190127417,rise,rise
daily_lstm,2021-06-22,-0.020000000000000018,-0.001445713103748858,0,1,1.855428689625116,1.855428689625116,fall,flat
daily_lstm,2021-06-23,0.020000000000000018,0.004863345995545387,2,1,1.513665400445463,-1.513665400445463,rise,flat
daily_lstm,2021-06-24,-0.010000000000000009,0.004027092829346657,0,1,1.4027092829346666,1.4027092829346666,fall,flat
daily_lstm,2021-06-25,0.050000000000000044,0.002529302379116416,2,1,4.747069762088363,-4.747069762088363,rise,flat
daily_lstm,2021-06-28,-0.050000000000000044,-0.005952082108706236,0,1,4.404791789129381,4.404791789129381,fall,flat
daily_lstm,2021-06-29,0.0,0.005469697993248701,1,1,0.5469697993248701,0.5469697993248701,flat,flat
daily_lstm,2021-06-30,-0.040000000000000036,-0.0010326649062335491,0,1,3.8967335093766486,3.8967335093766486,fall,flat
daily_lstm,2021-07-01,0.030000000000000027,0.0035718108993023634,2,1,2.6428189100697663,-2.6428189100697663,rise,flat
daily_lstm,2021-07-02,-0.040000000000000036,0.00548882270231843,0,1,4.5488822702318465,4.5488822702318465,fall,flat
daily_lstm,2021-07-06,-0.06999999999999984,0.0013439292088150978,0,1,7.134392920881494,7.134392920881494,fall,flat
daily_lstm,2021-07-07,-0.040000000000000036,0.004659632220864296,0,1,4.465963222086433,4.465963222086433,fall,flat
daily_lstm,2021-07-08,-0.030000000000000027,0.010785977356135845,0,2,4.078597735613587,4.078597735613587,fall,rise
daily_lstm,2021-07-09,0.07000000000000006,0.009731736965477467,2,1,6.02682630345226,-6.02682630345226,rise,flat
daily_lstm,2021-07-12,0.009999999999999787,0.0005910966428928077,1,1,0.9408903357106979,-0.9408903357106979,flat,flat
daily_lstm,2021-07-13,0.040000000000000036,0.0009132639388553798,2,1,3.9086736061144656,-3.9086736061144656,rise,flat
daily_lstm,2021-07-14,-0.04999999999999982,-0.005703495815396309,0,1,4.429650418460351,4.429650418460351,fall,flat
daily_lstm,2021-07-15,-0.06000000000000005,0.0025783577002584934,0,1,6.257835770025855,6.257835770025855,fall,flat
daily_lstm,2021-07-16,0.0,0.006454437039792538,1,1,0.6454437039792538,0.6454437039792538,flat,flat
daily_lstm,2021-07-19,-0.1200000000000001,0.0009277996141463518,0,1,12.092779961414646,12.092779961414646,fall,flat
daily_lstm,2021-07-20,0.040000000000000036,0.01625259965658188,2,2,2.3747400343418157,-2.3747400343418157,rise,rise
daily_lstm,2021-07-21,0.07000000000000006,0.0038863851223140955,2,1,6.611361487768597,-6.611361487768597,rise,flat
daily_lstm,2021-07-22,-0.030000000000000027,0.0032039436046034098,0,1,3.3203943604603436,3.3203943604603436,fall,flat
daily_lstm,2021-07-23,0.030000000000000027,0.006120341829955578,2,1,2.387965817004445,-2.387965817004445,rise,flat
daily_lstm,2021-07-26,-0.010000000000000009,-0.0003164556110277772,0,1,0.9683544388972232,0.9683544388972232,fall,flat
daily_lstm,2021-07-27,-0.040000000000000036,-0.0027629940304905176,0,1,3.723700596950952,3.723700596950952,fall,flat
daily_lstm,2021-07-28,0.010000000000000009,0.0018898361595347524,2,1,0.8110163840465257,-0.8110163840465257,rise,flat
daily_lstm,2021-07-29,0.020000000000000018,0.0002458352828398347,2,1,1.9754164717160183,-1.9754164717160183,rise,flat
daily_lstm,2021-07-30,-0.040000000000000036,0.00036528531927615404,0,1,4.036528531927619,4.036528531927619,fall,flat
daily_lstm,2021-08-02,-0.040000000000000036,-0.0014428241411224008,0,1,3.8557175858877635,3.8557175858877635,fall,flat
daily_lstm,2021-08-03,-0.010000000000000009,0.004041078966110945,0,1,1.4041078966110954,1.4041078966110954,fall,flat
daily_lstm,2021-08-04,0.0,0.0028035840950906277,1,1,0.28035840950906277,0.28035840950906277,flat,flat
daily_lstm,2021-08-05,0.040000000000000036,0.007161698304116726,2,1,3.283830169588331,-3.283830169588331,rise,flat
daily_lstm,2021-08-06,0.08000000000000007,8.662106847623363e-05,2,1,7.991337893152384,-7.991337893152384,rise,flat
daily_lstm,2021-08-09,0.020000000000000018,-0.0042521758005023,2,1,2.425217580050232,-2.425217580050232,rise,flat
daily_lstm,2021-08-10,0.030000000000000027,-0.007797633297741413,2,1,3.779763329774144,-3.779763329774144,rise,flat
daily_lstm,2021-08-11,-0.010000000000000009,-0.0076249525882303715,0,1,0.23750474117696374,0.23750474117696374,fall,flat
daily_lstm,2021-08-12,0.010000000000000009,-0.006888016127049923,2,1,1.6888016127049932,-1.6888016127049932,rise,flat
daily_lstm,2021-08-13,-0.07000000000000006,-0.009799075312912464,0,1,6.02009246870876,6.02009246870876,fall,flat
daily_lstm,2021-08-16,-0.030000000000000027,0.004188250750303268,0,1,3.4188250750303295,3.4188250750303295,fall,flat
daily_lstm,2021-08-17,0.0,0.003946913871914148,1,1,0.39469138719141483,0.39469138719141483,flat,flat
daily_lstm,2021-08-18,0.010000000000000009,0.0015579508617520332,2,1,0.8442049138247976,-0.8442049138247976,rise,flat
daily_lstm,2021-08-19,-0.030000000000000027,0.0050095063634216785,0,1,3.5009506363421705,3.5009506363421705,fall,flat
daily_lstm,2021-08-20,0.020000000000000018,0.005020311567932367,2,1,1.497968843206765,-1.497968843206765,rise,flat
daily_lstm,2021-08-23,-0.010000000000000009,0.006452792789787054,0,1,1.6452792789787063,1.6452792789787063,fall,flat
daily_lstm,2021-08-24,0.040000000000000036,0.0009220619685947895,2,1,3.9077938031405246,-3.9077938031405246,rise,flat
daily_lstm,2021-08-25,0.06000000000000005,-0.0014419894432649016,2,1,6.1441989443264955,-6.1441989443264955,rise,flat
daily_lstm,2021-08-26,-0.010000000000000009,-0.0007401409675367177,0,1,0.9259859032463291,0.9259859032463291,fall,flat
daily_lstm,2021-08-27,-0.030000000000000027,-0.0022125733084976673,0,1,2.778742669150236,2.778742669150236,fall,flat
daily_lstm,2021-08-30,-0.020000000000000018,0.0007789425435476005,0,1,2.077894254354762,2.077894254354762,fall,flat
daily_lstm,2021-08-31,0.010000000000000009,0.0032466580159962177,2,1,0.6753341984003791,-0.6753341984003791,rise,flat
daily_lstm,2021-09-01,0.010000000000000009,-0.0007194820209406316,2,1,1.071948202094064,-1.071948202094064,rise,flat
daily_lstm,2021-09-02,-0.020000000000000018,0.000176943838596344,0,1,2.017694383859636,2.017694383859636,fall,flat
daily_lstm,2021-09-03,0.040000000000000036,0.00041164777940139174,2,1,3.9588352220598644,-3.9588352220598644,rise,flat
daily_lstm,2021-09-07,0.04999999999999982,-0.004195676650851965,2,1,5.419567665085179,-5.419567665085179,rise,flat
daily_lstm,2021-09-08,-0.029999999999999805,-0.005132731981575489,0,1,2.4867268018424316,2.4867268018424316,fall,flat
daily_lstm,2021-09-09,-0.050000000000000044,-0.0008970486233010888,0,1,4.910295137669896,4.910295137669896,fall,flat
daily_lstm,2021-09-10,0.050000000000000044,0.0012416333192959428,2,1,4.87583666807041,-4.87583666807041,rise,flat
daily_lstm,2021-09-13,-0.020000000000000018,0.0004814094863831997,0,1,2.0481409486383217,2.0481409486383217,fall,flat
daily_lstm,2021-09-14,-0.050000000000000044,0.0030015096999704838,0,1,5.300150969997053,5.300150969997053,fall,flat
daily_lstm,2021-09-15,0.030000000000000027,0.007863461971282959,2,1,2.2136538028717068,-2.2136538028717068,rise,flat
daily_lstm,2021-09-16,0.030000000000000027,0.004296175204217434,2,1,2.5703824795782593,-2.5703824795782593,rise,flat
daily_lstm,2021-09-17,0.030000000000000027,0.002299770712852478,2,1,2.770022928714755,-2.770022928714755,rise,flat
daily_lstm,2021-09-20,-0.06000000000000005,-0.0012124128406867385,0,1,5.8787587159313315,5.8787587159313315,fall,flat
daily_lstm,2021-09-21,0.020000000000000018,0.0010081265354529023,2,1,1.8991873464547115,-1.8991873464547115,rise,flat
daily_lstm,2021-09-22,-0.010000000000000009,0.003951367922127247,0,1,1.3951367922127256,1.3951367922127256,fall,flat
daily_lstm,2021-09-23,0.08999999999999986,0.0025979606434702873,2,1,8.740203935652957,-8.740203935652957,rise,flat
daily_lstm,2021-09-24,0.06000000000000005,-0.0012612886494025588,2,1,6.126128864940261,-6.126128864940261,rise,flat
daily_lstm,2021-09-27,0.010000000000000009,-0.011454267427325249,2,0,2.1454267427325258,-2.1454267427325258,rise,fall
daily_lstm,2021-09-28,0.06000000000000005,-0.008810056373476982,2,1,6.8810056373477035,-6.8810056373477035,rise,flat
daily_lstm,2021-09-29,0.010000000000000009,-0.013588307425379753,2,0,2.358830742537976,-2.358830742537976,rise,fall
daily_lstm,2021-09-30,-0.030000000000000027,-0.01194112841039896,0,0,1.8058871589601067,1.8058871589601067,fall,fall
daily_lstm,2021-10-01,-0.040000000000000036,-0.007838106714189053,0,1,3.2161893285810983,3.2161893285810983,fall,flat
daily_lstm,2021-10-04,0.010000000000000009,-0.0018391197081655264,2,1,1.1839119708165535,-1.1839119708165535,rise,flat
daily_lstm,2021-10-05,0.050000000000000044,-0.0010714861564338207,2,1,5.1071486156433865,-5.1071486156433865,rise,flat
daily_lstm,2021-10-06,-0.010000000000000009,-0.005721899215131998,0,1,0.4278100784868011,0.4278100784868011,fall,flat
daily_lstm,2021-10-07,0.050000000000000044,-0.00284955115057528,2,1,5.2849551150575325,-5.2849551150575325,rise,flat
daily_lstm,2021-10-08,0.030000000000000027,-0.008445793762803078,2,1,3.8445793762803104,-3.8445793762803104,rise,flat
daily_lstm,2021-10-12,-0.020000000000000018,-0.008610395714640617,0,1,1.13896042853594,1.13896042853594,fall,flat
daily_lstm,2021-10-13,-0.030000000000000027,0.0007714705425314605,0,1,3.0771470542531487,3.0771470542531487,fall,flat
daily_lstm,2021-10-14,-0.040000000000000036,0.0032935275230556726,0,1,4.329352752305571,4.329352752305571,fall,flat
daily_lstm,2021-10-15,0.07000000000000006,0.0008670356473885477,2,1,6.9132964352611515,-6.9132964352611515,rise,flat
daily_lstm,2021-10-18,0.0,0.004904481582343578,1,1,0.49044815823435783,0.49044815823435783,flat,flat
daily_lstm,2021-10-19,0.05999999999999983,0.004072950221598148,2,1,5.592704977840168,-5.592704977840168,rise,flat
daily_lstm,2021-10-20,0.0,-0.0035918739158660173,1,1,0.35918739158660173,-0.35918739158660173,flat,flat
daily_lstm,2021-10-21,0.030000000000000027,-0.007995123974978924,2,1,3.799512397497895,-3.799512397497895,rise,flat
daily_lstm,2021-10-22,-0.020000000000000018,-0.005318202078342438,0,1,1.468179792165758,1.468179792165758,fall,flat
daily_lstm,2021-10-25,-0.020000000000000018,-0.0023678303696215153,0,1,1.7632169630378502,1.7632169630378502,fall,flat
daily_lstm,2021-10-26,-0.010000000000000009,-0.005686054937541485,0,1,0.4313945062458524,0.4313945062458524,fall,flat
daily_lstm,2021-10-27,-0.08999999999999986,0.005455770995467901,0,1,9.545577099546776,9.545577099546776,fall,flat
daily_lstm,2021-10-28,0.030000000000000027,0.006348840426653624,2,1,2.3651159573346403,-2.3651159573346403,rise,flat
daily_lstm,2021-10-29,-0.020000000000000018,0.009512060321867466,0,1,2.9512060321867484,2.9512060321867484,fall,flat
daily_lstm,2021-11-01,0.030000000000000027,0.01056666299700737,2,2,1.9433337002992657,-1.9433337002992657,rise,rise
daily_lstm,2021-11-02,-0.020000000000000018,-0.0015298654325306416,0,1,1.8470134567469376,1.8470134567469376,fall,flat
daily_lstm,2021-11-03,0.040000000000000036,0.0024523092433810234,2,1,3.754769075661901,-3.754769075661901,rise,flat
daily_lstm,2021-11-04,-0.07000000000000006,4.343433101894334e-05,0,1,7.0043434331019006,7.0043434331019006,fall,flat
daily_lstm,2021-11-05,-0.08000000000000007,0.0011135662207379937,0,1,8.111356622073806,8.111356622073806,fall,flat
daily_lstm,2021-11-08,0.06000000000000005,0.009462704882025719,2,1,5.0537295117974335,-5.0537295117974335,rise,flat
daily_lstm,2021-11-09,-0.050000000000000044,0.005383489187806845,0,1,5.538348918780689,5.538348918780689,fall,flat
daily_lstm,2021-11-10,0.10000000000000009,0.006005637813359499,2,1,9.399436218664059,-9.399436218664059,rise,flat
daily_lstm,2021-11-12,0.020000000000000018,-0.005244475789368153,2,1,2.524447578936817,-2.524447578936817,rise,flat
daily_lstm,2021-11-15,0.04999999999999982,-0.013448722660541534,2,0,6.344872266054136,-6.344872266054136,rise,fall
daily_lstm,2021-11-16,0.0,-0.012235110625624657,1,0,1.2235110625624657,-1.2235110625624657,flat,fall
daily_lstm,2021-11-17,-0.029999999999999805,-0.01096146646887064,0,0,1.9038533531129165,1.9038533531129165,fall,fall
daily_lstm,2021-11-18,-0.010000000000000009,-0.005817810073494911,0,1,0.41821899265050977,0.41821899265050977,fall,flat
daily_lstm,2021-11-19,-0.050000000000000044,-0.0001958595385076478,0,1,4.98041404614924,4.98041404614924,fall,flat
daily_lstm,2021-11-22,0.08999999999999986,0.0050462763756513596,2,1,8.49537236243485,-8.49537236243485,rise,flat
daily_lstm,2021-11-23,0.040000000000000036,-0.006599216256290674,2,1,4.659921625629071,-4.659921625629071,rise,flat
daily_lstm,2021-11-24,-0.030000000000000027,-0.009772253222763538,0,1,2.022774677723649,2.022774677723649,fall,flat
daily_lstm,2021-11-26,-0.15999999999999992,-5.0166061555501074e-05,0,1,15.994983393844443,15.994983393844443,fall,flat
daily_lstm,2021-11-29,0.040000000000000036,0.01914713904261589,2,2,2.0852860957384145,-2.0852860957384145,rise,rise
daily_lstm,2021-11-30,-0.09000000000000008,0.0038535944186151028,0,1,9.385359441861517,9.385359441861517,fall,flat
daily_lstm,2021-12-01,0.0,0.01351169589906931,1,2,1.351169589906931,1.351169589906931,flat,rise
daily_lstm,2021-12-02,0.010000000000000009,0.005933214910328388,2,1,0.40667850896716207,-0.40667850896716207,rise,flat
daily_lstm,2021-12-03,-0.08999999999999986,0.007587413303554058,0,1,9.758741330355392,9.758741330355392,fall,flat
daily_lstm,2021-12-06,0.07999999999999985,0.004815729334950447,2,1,7.51842706650494,-7.51842706650494,rise,flat
daily_lstm,2021-12-07,0.050000000000000044,0.004262583330273628,2,1,4.573741666972642,-4.573741666972642,rise,flat
daily_lstm,2021-12-08,0.040000000000000036,-0.005138685926795006,2,1,4.513868592679504,-4.513868592679504,rise,flat
daily_lstm,2021-12-09,-0.030000000000000027,-0.011454356834292412,0,0,1.8545643165707615,1.8545643165707615,fall,fall
daily_lstm,2021-12-10,-0.010000000000000009,-0.010403364896774292,0,0,0.04033648967742831,-0.04033648967742831,fall,fall
daily_lstm,2021-12-13,-0.06000000000000005,-0.006891930941492319,0,1,5.310806905850773,5.310806905850773,fall,flat
daily_lstm,2021-12-14,0.020000000000000018,0.003212203038856387,2,1,1.678779696114363,-1.678779696114363,rise,flat
daily_lstm,2021-12-15,0.030000000000000027,0.00020633651001844555,2,1,2.979366348998158,-2.979366348998158,rise,flat
daily_lstm,2021-12-16,-0.030000000000000027,-0.004113691858947277,0,1,2.588630814105275,2.588630814105275,fall,flat
daily_lstm,2021-12-17,-0.030000000000000027,-0.007414327934384346,0,1,2.258567206561568,2.258567206561568,fall,flat
daily_lstm,2021-12-20,0.020000000000000018,0.0021143839694559574,2,1,1.788561603054406,-1.788561603054406,rise,flat
daily_lstm,2021-12-21,0.050000000000000044,-0.003736624028533697,2,1,5.373662402853374,-5.373662402853374,rise,flat
daily_lstm,2021-12-22,-0.020000000000000018,-0.0046884287148714066,0,1,1.5311571285128611,1.5311571285128611,fall,flat
daily_lstm,2021-12-23,0.040000000000000036,-0.0036166771315038204,2,1,4.361667713150386,-4.361667713150386,rise,flat
daily_lstm,2021-12-27,-0.020000000000000018,-0.009883932769298553,0,1,1.0116067230701464,1.0116067230701464,fall,flat
daily_lstm,2021-12-28,0.010000000000000009,-0.005907232407480478,2,1,1.5907232407480487,-1.5907232407480487,rise,flat
daily_lstm,2021-12-29,0.06000000000000005,0.000726190977729857,2,1,5.92738090222702,-5.92738090222702,rise,flat
daily_lstm,2021-12-30,-0.030000000000000027,-0.003309414954856038,0,1,2.669058504514399,2.669058504514399,fall,flat
daily_lstm,2021-12-31,0.0,0.0009638178744353354,1,1,0.09638178744353354,0.09638178744353354,flat,flat
daily_lstm,2022-01-03,0.10999999999999988,0.003970236051827669,2,1,10.60297639481722,-10.60297639481722,rise,flat
daily_lstm,2022-01-04,0.030000000000000027,-0.0051629915833473206,2,1,3.5162991583347347,-3.5162991583347347,rise,flat
daily_lstm,2022-01-05,0.050000000000000044,-0.016702016815543175,2,0,6.670201681554322,-6.670201681554322,rise,fall
daily_lstm,2022-01-06,0.020000000000000018,-0.011222956702113152,2,0,3.122295670211317,-3.122295670211317,rise,fall
daily_lstm,2022-01-07,0.030000000000000027,-0.010174022056162357,2,0,4.017402205616238,-4.017402205616238,rise,fall
daily_lstm,2022-01-10,0.020000000000000018,-0.009716968052089214,2,1,2.971696805208923,-2.971696805208923,rise,flat
daily_lstm,2022-01-11,-0.030000000000000027,-0.011325996369123459,0,0,1.8674003630876568,1.8674003630876568,fall,fall
daily_lstm,2022-01-12,-0.010000000000000009,-0.006529512349516153,0,1,0.34704876504838555,0.34704876504838555,fall,flat
daily_lstm,2022-01-13,-0.040000000000000036,-0.0063079544343054295,0,1,3.3692045565694606,3.3692045565694606,fall,flat
daily_lstm,2022-01-14,0.08000000000000007,-0.0020055731292814016,2,1,8.200557312928147,-8.200557312928147,rise,flat
daily_lstm,2022-01-18,0.09000000000000008,-0.006704991217702627,2,1,9.67049912177027,-9.67049912177027,rise,flat
daily_lstm,2022-01-19,-0.040000000000000036,-0.01081834640353918,0,0,2.9181653596460855,2.9181653596460855,fall,fall
daily_lstm,2022-01-20,0.0,-0.011353857815265656,1,0,1.1353857815265656,-1.1353857815265656,flat,fall
daily_lstm,2022-01-21,-0.08000000000000007,-0.006165344268083572,0,1,7.38346557319165,7.38346557319165,fall,flat
daily_lstm,2022-01-24,0.0,0.004279063083231449,1,1,0.4279063083231449,0.4279063083231449,flat,flat
daily_lstm,2022-01-25,0.030000000000000027,-0.00034410663647577167,2,1,3.03441066364758,-3.03441066364758,rise,flat
daily_lstm,2022-01-26,0.07000000000000006,0.0035299418959766626,2,1,6.64700581040234,-6.64700581040234,rise,flat
daily_lstm,2022-01-27,-0.040000000000000036,-0.0009319445816799998,0,1,3.9068055418320036,3.9068055418320036,fall,flat
daily_lstm,2022-01-28,-0.030000000000000027,0.0020725387148559093,0,1,3.2072538714855936,3.2072538714855936,fall,flat
daily_lstm,2022-01-31,0.010000000000000009,0.002124928869307041,2,1,0.7875071130692968,-0.7875071130692968,rise,flat
daily_lstm,2022-02-01,0.020000000000000018,-0.0035825998056679964,2,1,2.3582599805668014,-2.3582599805668014,rise,flat
daily_lstm,2022-02-02,-0.030000000000000027,0.001562337507493794,0,1,3.156233750749382,3.156233750749382,fall,flat
daily_lstm,2022-02-03,0.040000000000000036,-0.0007908413535915315,2,1,4.079084135359157,-4.079084135359157,rise,flat
daily_lstm,2022-02-04,0.10999999999999988,1.2951773896929808e-05,2,1,10.998704822610295,-10.998704822610295,rise,flat
daily_lstm,2022-02-07,-0.010000000000000009,-0.013019528239965439,0,0,0.301952823996543,-0.301952823996543,fall,fall
daily_lstm,2022-02-08,0.040000000000000036,-0.01682697981595993,2,0,5.682697981595997,-5.682697981595997,rise,fall
daily_lstm,2022-02-09,-0.020000000000000018,-0.009769270196557045,0,1,1.0230729803442973,1.0230729803442973,fall,flat
daily_lstm,2022-02-10,0.08999999999999986,-0.00876451563090086,2,1,9.876451563090072,-9.876451563090072,rise,flat
daily_lstm,2022-02-11,-0.10999999999999988,-0.021563051268458366,0,0,8.843694873154151,8.843694873154151,fall,fall
daily_lstm,2022-02-14,0.06000000000000005,-0.03100828267633915,2,0,9.10082826763392,-9.10082826763392,rise,fall
daily_lstm,2022-02-15,0.06999999999999984,-0.015501863323152065,2,0,8.55018633231519,-8.55018633231519,rise,fall
daily_lstm,2022-02-16,-0.020000000000000018,-0.010585918091237545,0,0,0.9414081908762473,0.9414081908762473,fall,fall
daily_lstm,2022-02-17,-0.05999999999999983,-0.0007789218216203153,0,1,5.922107817837952,5.922107817837952,fall,flat
daily_lstm,2022-02-18,-0.050000000000000044,-0.0017383182421326637,0,1,4.826168175786738,4.826168175786738,fall,flat
daily_lstm,2022-02-22,0.020000000000000018,0.00539559219032526,2,1,1.4604407809674758,-1.4604407809674758,rise,flat
daily_lstm,2022-02-23,0.050000000000000044,0.0007987184217199683,2,1,4.920128157828008,-4.920128157828008,rise,flat
daily_lstm,2022-02-24,-0.030000000000000027,-0.002884097397327423,0,1,2.7115902602672604,2.7115902602672604,fall,flat
daily_lstm,2022-02-25,0.010000000000000009,-0.008249540813267231,2,1,1.824954081326724,-1.824954081326724,rise,flat
daily_lstm,2022-02-28,-0.1399999999999999,-0.0021308946888893843,0,1,13.786910531111051,13.786910531111051,fall,flat
daily_lstm,2022-03-01,-0.1100000000000001,0.006733253598213196,0,1,11.67332535982133,11.67332535982133,fall,flat
daily_lstm,2022-03-02,0.14000000000000012,0.004661157261580229,2,1,13.53388427384199,-13.53388427384199,rise,flat
daily_lstm,2022-03-03,0.0,-0.023544106632471085,1,0,2.3544106632471085,-2.3544106632471085,flat,fall
daily_lstm,2022-03-04,-0.1200000000000001,-0.018246399238705635,0,0,10.175360076129447,10.175360076129447,fall,fall
daily_lstm,2022-03-07,0.040000000000000036,-0.006594161503016949,2,1,4.659416150301698,-4.659416150301698,rise,flat
daily_lstm,2022-03-08,0.08000000000000007,-0.006414172705262899,2,1,8.641417270526297,-8.641417270526297,rise,flat
daily_lstm,2022-03-09,0.07999999999999985,0.0004964063409715891,2,1,7.950359365902826,-7.950359365902826,rise,flat
daily_lstm,2022-03-10,0.040000000000000036,-0.0033972212113440037,2,1,4.339722121134404,-4.339722121134404,rise,flat
daily_lstm,2022-03-11,0.020000000000000018,-0.014038882218301296,2,0,3.4038882218301314,-3.4038882218301314,rise,fall
daily_lstm,2022-03-14,0.14000000000000012,-0.004746557213366032,2,1,14.474655721336616,-14.474655721336616,rise,flat
daily_lstm,2022-03-15,0.009999999999999787,-0.013530995696783066,1,0,2.3530995696782853,-2.3530995696782853,flat,fall
daily_lstm,2022-03-16,0.040000000000000036,-0.019580254331231117,2,0,5.958025433123115,-5.958025433123115,rise,fall
daily_lstm,2022-03-17,0.010000000000000231,0.0016339352587237954,2,1,0.8366064741276436,-0.8366064741276436,rise,flat
daily_lstm,2022-03-18,-0.06000000000000005,-0.008796731941401958,0,1,5.1203268058598095,5.1203268058598095,fall,flat
daily_lstm,2022-03-21,0.17999999999999972,0.00014920929970685393,2,1,17.985079070029286,-17.985079070029286,rise,flat
daily_lstm,2022-03-22,0.06000000000000005,-0.008011330850422382,2,1,6.801133085042244,-6.801133085042244,rise,flat
daily_lstm,2022-03-23,-0.06000000000000005,-0.0019003207562491298,0,1,5.809967924375092,5.809967924375092,fall,flat
daily_lstm,2022-03-24,0.020000000000000018,-0.0057653263211250305,2,1,2.576532632112505,-2.576532632112505,rise,flat
daily_lstm,2022-03-25,0.14000000000000012,0.007801580708473921,2,1,13.21984192915262,-13.21984192915262,rise,flat
daily_lstm,2022-03-28,-0.020000000000000018,-0.0014859462389722466,0,1,1.8514053761027771,1.8514053761027771,fall,flat
daily_lstm,2022-03-29,-0.04999999999999982,-0.01570771262049675,0,0,3.4292287379503072,3.4292287379503072,fall,fall
daily_lstm,2022-03-30,-0.06000000000000005,-0.007907667197287083,0,1,5.209233280271297,5.209233280271297,fall,flat
daily_lstm,2022-03-31,-0.03000000000000025,0.000949559616856277,0,1,3.0949559616856526,3.0949559616856526,fall,flat
daily_lstm,2022-04-01,0.07000000000000028,0.009737222455441952,2,1,6.026277754455833,-6.026277754455833,rise,flat
daily_lstm,2022-04-04,0.029999999999999805,0.007550752256065607,2,1,2.2449247743934198,-2.2449247743934198,rise,flat
daily_lstm,2022-04-05,0.1200000000000001,-0.0015629874542355537,2,1,12.156298745423566,-12.156298745423566,rise,flat
daily_lstm,2022-04-06,0.06999999999999984,-0.0010307938791811466,2,1,7.103079387918099,-7.103079387918099,rise,flat
daily_lstm,2022-04-07,0.050000000000000266,-0.010744585655629635,2,0,6.07445856556299,-6.07445856556299,rise,fall
daily_lstm,2022-04-08,0.06000000000000005,-0.012972875498235226,2,0,7.297287549823528,-7.297287549823528,rise,fall
daily_lstm,2022-04-11,0.06999999999999984,-0.018484873697161674,2,0,8.848487369716151,-8.848487369716151,rise,fall
daily_lstm,2022-04-12,-0.06999999999999984,-0.013598153367638588,0,0,5.640184663236125,5.640184663236125,fall,fall
daily_lstm,2022-04-13,-0.020000000000000018,-0.020343884825706482,0,0,0.03438848257064642,-0.03438848257064642,fall,fall
daily_lstm,2022-04-14,0.1299999999999999,-0.011337298899888992,2,0,14.133729889988889,-14.133729889988889,rise,fall
daily_lstm,2022-04-18,0.020000000000000018,-0.01491677388548851,2,0,3.491677388548853,-3.491677388548853,rise,fall
daily_lstm,2022-04-19,0.08000000000000007,-0.021960914134979248,2,0,10.196091413497932,-10.196091413497932,rise,fall
daily_lstm,2022-04-20,-0.08000000000000007,-0.018211664631962776,0,0,6.1788335368037295,6.1788335368037295,fall,fall
daily_lstm,2022-04-21,0.04999999999999982,-0.014025810174643993,2,0,6.402581017464382,-6.402581017464382,rise,fall
daily_lstm,2022-04-22,0.0,-0.0034873473923653364,1,1,0.34873473923653364,-0.34873473923653364,flat,flat
daily_lstm,2022-04-25,-0.08999999999999986,-0.00920239556580782,0,1,8.079760443419204,8.079760443419204,fall,flat
daily_lstm,2022-04-26,-0.040000000000000036,0.0036810513120144606,0,1,4.36810513120145,4.36810513120145,fall,flat
daily_lstm,2022-04-27,0.04999999999999982,0.005940317176282406,2,1,4.405968282371742,-4.405968282371742,rise,flat
daily_lstm,2022-04-28,0.03000000000000025,-0.004195847548544407,2,1,3.4195847548544656,-3.4195847548544656,rise,flat
daily_lstm,2022-04-29,0.040000000000000036,0.0012765949359163642,2,1,3.872340506408367,-3.872340506408367,rise,flat
daily_lstm,2022-05-02,0.10000000000000009,-0.0046860468573868275,2,1,10.468604685738692,-10.468604685738692,rise,flat
daily_lstm,2022-05-03,-0.020000000000000018,-0.010937575250864029,0,0,0.9062424749135989,0.9062424749135989,fall,fall
daily_lstm,2022-05-04,-0.040000000000000036,-0.005519393365830183,0,1,3.4480606634169852,3.4480606634169852,fall,flat
daily_lstm,2022-05-05,0.11999999999999966,-0.004876625724136829,2,1,12.48766257241365,-12.48766257241365,rise,flat
daily_lstm,2022-05-06,0.07000000000000028,-0.012386510148644447,2,0,8.238651014864473,-8.238651014864473,rise,fall
daily_lstm,2022-05-09,-0.07000000000000028,-0.013779396191239357,0,0,5.622060380876093,5.622060380876093,fall,fall
daily_lstm,2022-05-10,-0.05999999999999961,-0.005090557970106602,0,1,5.490944202989301,5.490944202989301,fall,flat
daily_lstm,2022-05-11,-0.08000000000000007,-0.004270461853593588,0,1,7.572953814640648,7.572953814640648,fall,flat
daily_lstm,2022-05-12,-0.07000000000000028,-0.006731494329869747,0,1,6.326850567013054,6.326850567013054,fall,flat
daily_lstm,2022-05-13,0.0900000000000003,0.004270239733159542,2,1,8.572976026684076,-8.572976026684076,rise,flat
daily_lstm,2022-05-16,-0.050000000000000266,0.0034397372510284185,0,1,5.3439737251028685,5.3439737251028685,fall,flat
daily_lstm,2022-05-17,0.10000000000000009,-0.006037462502717972,2,1,10.603746250271806,-10.603746250271806,rise,flat
daily_lstm,2022-05-18,-0.08999999999999986,-0.007299698423594236,0,1,8.270030157640562,8.270030157640562,fall,flat
daily_lstm,2022-05-19,-0.050000000000000266,-0.005399561952799559,0,1,4.460043804720071,4.460043804720071,fall,flat
daily_lstm,2022-05-20,-0.06000000000000005,-0.003352261846885085,0,1,5.664773815311497,5.664773815311497,fall,flat
daily_lstm,2022-05-23,0.08000000000000007,0.004647283349186182,2,1,7.535271665081389,-7.535271665081389,rise,flat
daily_lstm,2022-05-24,-0.10000000000000009,-0.00019131747831124812,0,1,9.980868252168884,9.980868252168884,fall,flat
daily_lstm,2022-05-25,-0.009999999999999787,0.004424733575433493,1,1,1.442473357543328,1.442473357543328,flat,flat
daily_lstm,2022-05-26,0.0,-0.002406437648460269,1,1,0.2406437648460269,-0.2406437648460269,flat,flat
daily_lstm,2022-05-27,-0.009999999999999787,-0.0024153050035238266,1,1,0.758469499647596,0.758469499647596,flat,flat
daily_lstm,2022-05-31,0.10999999999999988,-0.000501435250043869,2,1,11.050143525004374,-11.050143525004374,rise,flat
daily_lstm,2022-06-01,0.08999999999999986,-0.0033822397235780954,2,1,9.338223972357795,-9.338223972357795,rise,flat
daily_lstm,2022-06-02,-0.020000000000000018,-0.001138907391577959,0,1,1.8861092608422059,1.8861092608422059,fall,flat
daily_lstm,2022-06-03,0.040000000000000036,-0.01654714345932007,2,0,5.65471434593201,-5.65471434593201,rise,fall
daily_lstm,2022-06-06,0.08000000000000007,-0.005788775626569986,2,1,8.578877562657006,-8.578877562657006,rise,flat
daily_lstm,2022-06-07,-0.06000000000000005,-0.010747809894382954,0,0,4.92521901056171,4.92521901056171,fall,fall
daily_lstm,2022-06-08,0.04999999999999982,-0.01052949856966734,2,0,6.052949856966716,-6.052949856966716,rise,fall
daily_lstm,2022-06-09,0.010000000000000231,-0.0031628357246518135,2,1,1.3162835724652044,-1.3162835724652044,rise,flat
daily_lstm,2022-06-10,0.10999999999999988,-0.0030166918877512217,2,1,11.30166918877511,-11.30166918877511,rise,flat
daily_lstm,2022-06-13,0.28000000000000025,-0.008895203471183777,2,1,28.889520347118403,-28.889520347118403,rise,flat
daily_lstm,2022-06-14,0.06000000000000005,-0.003459043800830841,2,1,6.345904380083089,-6.345904380083089,rise,flat
daily_lstm,2022-06-15,-0.16000000000000014,-0.023193946108222008,0,0,13.680605389177813,13.680605389177813,fall,fall
daily_lstm,2022-06-16,-0.050000000000000266,-0.04520552232861519,0,0,0.4794477671385078,0.4794477671385078,fall,fall
daily_lstm,2022-06-17,-0.029999999999999805,-0.0015507492935284972,0,1,2.8449250706471307,2.8449250706471307,fall,flat
daily_lstm,2022-06-21,0.06000000000000005,0.000198365596588701,2,1,5.980163440341135,-5.980163440341135,rise,flat
daily_lstm,2022-06-22,-0.1499999999999999,-0.008679160848259926,0,1,14.132083915173999,14.132083915173999,fall,flat
daily_lstm,2022-06-23,-0.07000000000000028,-0.007792395073920488,0,1,6.22076049260798,6.22076049260798,fall,flat
daily_lstm,2022-06-24,0.040000000000000036,-0.0013624451821669936,2,1,4.136244518216703,-4.136244518216703,rise,flat
daily_lstm,2022-06-27,0.07000000000000028,0.0033442603889852762,2,1,6.665573961101501,-6.665573961101501,rise,flat
daily_lstm,2022-06-28,0.0,0.005966015625745058,1,1,0.5966015625745058,0.5966015625745058,flat,flat
daily_lstm,2022-06-29,-0.10000000000000009,-0.002460239455103874,0,1,9.753976054489621,9.753976054489621,fall,flat
daily_lstm,2022-06-30,-0.1200000000000001,-0.0012201651697978377,0,1,11.877983483020227,11.877983483020227,fall,flat
daily_lstm,2022-07-01,-0.10000000000000009,0.005554984789341688,0,1,10.555498478934178,10.555498478934178,fall,flat
daily_lstm,2022-07-05,-0.06000000000000005,0.00760438060387969,0,1,6.760438060387974,6.760438060387974,fall,flat
daily_lstm,2022-07-06,0.11000000000000032,0.02064109407365322,2,2,8.93589059263471,-8.93589059263471,rise,rise
daily_lstm,2022-07-07,0.07999999999999963,0.008621848188340664,2,1,7.137815181165896,-7.137815181165896,rise,flat
daily_lstm,2022-07-08,0.08000000000000007,0.0025208492297679186,2,1,7.747915077023215,-7.747915077023215,rise,flat
daily_lstm,2022-07-11,-0.09999999999999964,-0.005617216695100069,0,1,9.438278330489958,9.438278330489958,fall,flat
daily_lstm,2022-07-12,-0.03000000000000025,0.004884238820523024,0,1,3.4884238820523272,3.4884238820523272,fall,flat
daily_lstm,2022-07-13,-0.04999999999999982,0.01949467882514,0,2,6.949467882513982,6.949467882513982,fall,rise
daily_lstm,2022-07-14,0.04999999999999982,0.004605036694556475,2,1,4.539496330544335,-4.539496330544335,rise,flat
daily_lstm,2022-07-15,-0.029999999999999805,0.008383444510400295,0,1,3.83834445104001,3.83834445104001,fall,flat
daily_lstm,2022-07-18,0.029999999999999805,-0.001327470992691815,2,1,3.132747099269162,-3.132747099269162,rise,flat
daily_lstm,2022-07-19,0.04999999999999982,6.105539796408266e-05,2,1,4.993894460203574,-4.993894460203574,rise,flat
daily_lstm,2022-07-20,0.03000000000000025,-0.0034580351784825325,2,1,3.345803517848278,-3.345803517848278,rise,flat
daily_lstm,2022-07-21,-0.1299999999999999,-0.002879507141187787,0,1,12.71204928588121,12.71204928588121,fall,flat
daily_lstm,2022-07-22,-0.14000000000000012,-0.002816256834194064,0,1,13.718374316580606,13.718374316580606,fall,flat
daily_lstm,2022-07-25,0.040000000000000036,0.008893806487321854,2,1,3.110619351267818,-3.110619351267818,rise,flat
daily_lstm,2022-07-26,0.0,0.00848983135074377,1,1,0.8489831350743771,0.8489831350743771,flat,flat
daily_lstm,2022-07-27,-0.03000000000000025,0.0063402545638382435,0,1,3.634025456383849,3.634025456383849,fall,flat
daily_lstm,2022-07-28,-0.09999999999999964,-0.004398848861455917,0,1,9.560115113854373,9.560115113854373,fall,flat
daily_lstm,2022-07-29,-0.010000000000000231,-0.0036388272419571877,0,1,0.6361172758043043,0.6361172758043043,fall,flat
daily_lstm,2022-08-01,-0.06999999999999984,0.0012340635294094682,0,1,7.123406352940931,7.123406352940931,fall,flat
daily_lstm,2022-08-02,0.1499999999999999,0.008753393776714802,2,1,14.124660622328511,-14.124660622328511,rise,flat
daily_lstm,2022-08-03,-0.020000000000000018,0.01235094666481018,0,2,3.23509466648102,3.23509466648102,fall,rise
daily_lstm,2022-08-04,-0.04999999999999982,0.00201284047216177,0,1,5.201284047216159,5.201284047216159,fall,flat
daily_lstm,2022-08-05,0.1499999999999999,-0.003919788636267185,2,1,15.39197886362671,-15.39197886362671,rise,flat
daily_lstm,2022-08-08,-0.06000000000000005,-0.0004156986833550036,0,1,5.958430131664505,5.958430131664505,fall,flat
daily_lstm,2022-08-09,0.029999999999999805,-0.010366275906562805,2,0,4.036627590656261,-4.036627590656261,rise,fall
daily_lstm,2022-08-10,-0.020000000000000018,0.007200327701866627,0,1,2.7200327701866645,2.7200327701866645,fall,flat
daily_lstm,2022-08-11,0.0900000000000003,-0.004096906632184982,2,1,9.409690663218528,-9.409690663218528,rise,flat
daily_lstm,2022-08-12,-0.03000000000000025,0.0019346646731719375,0,1,3.1934664673172186,3.1934664673172186,fall,flat
daily_lstm,2022-08-15,-0.04999999999999982,-0.0013806904898956418,0,1,4.861930951010418,4.861930951010418,fall,flat
daily_lstm,2022-08-16,0.029999999999999805,0.001402736990712583,2,1,2.859726300928722,-2.859726300928722,rise,flat
daily_lstm,2022-08-17,0.07000000000000028,0.006157394498586655,2,1,6.384260550141363,-6.384260550141363,rise,flat
daily_lstm,2022-08-18,-0.010000000000000231,0.005126340314745903,0,1,1.5126340314746134,1.5126340314746134,fall,flat
daily_lstm,2022-08-19,0.10000000000000009,-0.0019898696336895227,2,1,10.198986963368961,-10.198986963368961,rise,flat
daily_lstm,2022-08-22,0.04999999999999982,0.003311753738671541,2,1,4.668824626132828,-4.668824626132828,rise,flat
daily_lstm,2022-08-23,0.020000000000000018,-0.005725554656237364,2,1,2.572555465623738,-2.572555465623738,rise,flat
daily_lstm,2022-08-24,0.06000000000000005,-0.012854010798037052,2,0,7.2854010798037105,-7.2854010798037105,rise,fall
daily_lstm,2022-08-25,-0.08000000000000007,-0.015375573188066483,0,0,6.462442681193359,6.462442681193359,fall,fall
daily_lstm,2022-08-26,0.010000000000000231,-0.011129055172204971,2,0,2.1129055172205202,-2.1129055172205202,rise,fall
daily_lstm,2022-08-29,0.08000000000000007,0.007380739785730839,2,1,7.261926021426923,-7.261926021426923,rise,flat
daily_lstm,2022-08-30,-0.010000000000000231,0.009403026662766933,0,1,1.9403026662767164,1.9403026662767164,fall,flat
daily_lstm,2022-08-31,0.040000000000000036,0.0012030914658680558,2,1,3.879690853413198,-3.879690853413198,rise,flat
daily_lstm,2022-09-01,0.10999999999999988,0.003866717917844653,2,1,10.613328208215522,-10.613328208215522,rise,flat
daily_lstm,2022-09-02,-0.05999999999999961,0.0019946559332311153,0,1,6.1994655933230725,6.1994655933230725,fall,flat
daily_lstm,2022-09-06,0.1299999999999999,-0.012616819702088833,2,0,14.261681970208873,-14.261681970208873,rise,fall
daily_lstm,2022-09-07,-0.06000000000000005,0.0002687577798496932,0,1,6.026875777984975,6.026875777984975,fall,flat
daily_lstm,2022-09-08,0.020000000000000018,-0.010780592449009418,2,0,3.0780592449009436,-3.0780592449009436,rise,fall
daily_lstm,2022-09-09,0.040000000000000036,-0.005930421873927116,2,1,4.593042187392715,-4.593042187392715,rise,flat
daily_lstm,2022-09-12,0.040000000000000036,-0.006860395427793264,2,1,4.68603954277933,-4.68603954277933,rise,flat
daily_lstm,2022-09-13,0.04999999999999982,-0.005497397854924202,2,1,5.549739785492402,-5.549739785492402,rise,flat
daily_lstm,2022-09-14,-0.009999999999999787,-0.012531914748251438,1,0,0.25319147482516513,-0.25319147482516513,flat,fall
daily_lstm,2022-09-15,0.040000000000000036,-0.010228095576167107,2,0,5.022809557616714,-5.022809557616714,rise,fall
daily_lstm,2022-09-16,0.0,0.003685874631628394,1,1,0.3685874631628394,0.3685874631628394,flat,flat
daily_lstm,2022-09-19,0.040000000000000036,-0.007575511932373047,2,1,4.757551193237308,-4.757551193237308,rise,flat
daily_lstm,2022-09-20,0.07999999999999963,0.003844199003651738,2,1,7.615580099634789,-7.615580099634789,rise,flat
daily_lstm,2022-09-21,-0.06000000000000005,0.0005499561666510999,0,1,6.054995616665115,6.054995616665115,fall,flat
daily_lstm,2022-09-22,0.1900000000000004,0.003641335293650627,2,1,18.635866470634976,-18.635866470634976,rise,flat
daily_lstm,2022-09-23,-0.010000000000000231,0.015301578678190708,0,2,2.530157867819094,2.530157867819094,fall,rise
daily_lstm,2022-09-26,0.18999999999999995,0.006162530276924372,2,1,18.383746972307556,-18.383746972307556,rise,flat
daily_lstm,2022-09-27,0.0900000000000003,0.01880541257560253,2,2,7.119458742439777,-7.119458742439777,rise,rise
daily_lstm,2022-09-28,-0.25,-0.0128181092441082,0,0,23.71818907558918,23.71818907558918,fall,fall
daily_lstm,2022-09-29,0.03999999999999959,0.017699742689728737,2,2,2.2300257310270855,-2.2300257310270855,rise,rise
daily_lstm,2022-09-30,0.07000000000000028,-6.614140147576109e-05,2,1,7.0066141401476045,-7.0066141401476045,rise,flat
daily_lstm,2022-10-03,-0.16000000000000014,-0.0043398248963057995,0,1,15.566017510369434,15.566017510369434,fall,flat
daily_lstm,2022-10-04,-0.04999999999999982,0.007112306077033281,0,1,5.71123060770331,5.71123060770331,fall,flat
daily_lstm,2022-10-05,0.13999999999999968,0.02014206163585186,2,2,11.985793836414782,-11.985793836414782,rise,rise
daily_lstm,2022-10-06,0.07000000000000028,0.022512981668114662,2,2,4.748701833188562,-4.748701833188562,rise,rise
daily_lstm,2022-10-07,0.06000000000000005,0.005573321599513292,2,1,5.442667840048676,-5.442667840048676,rise,flat
daily_lstm,2022-10-11,0.040000000000000036,-0.006034787744283676,2,1,4.603478774428371,-4.603478774428371,rise,flat
daily_lstm,2022-10-12,-0.020000000000000018,0.0038262868765741587,0,1,2.3826286876574176,2.3826286876574176,fall,flat
daily_lstm,2022-10-13,0.06000000000000005,-0.004701470024883747,2,1,6.47014700248838,-6.47014700248838,rise,flat
daily_lstm,2022-10-14,0.029999999999999805,-0.010525001212954521,2,0,4.052500121295433,-4.052500121295433,rise,fall
daily_lstm,2022-10-17,0.019999999999999574,-0.009128637611865997,2,1,2.912863761186557,-2.912863761186557,rise,flat
daily_lstm,2022-10-18,-0.009999999999999787,-0.0006546418881043792,1,1,0.9345358111895408,0.9345358111895408,flat,flat
daily_lstm,2022-10-19,0.1299999999999999,-0.0003885623882524669,2,1,13.038856238825236,-13.038856238825236,rise,flat
daily_lstm,2022-10-20,0.10000000000000053,0.003622442949563265,2,1,9.637755705043727,-9.637755705043727,rise,flat
daily_lstm,2022-10-21,-0.03000000000000025,-0.004399748519062996,0,1,2.5600251480937253,2.5600251480937253,fall,flat
daily_lstm,2022-10-24,0.040000000000000036,-0.026094280183315277,2,0,6.609428018331531,-6.609428018331531,rise,fall
daily_lstm,2022-10-25,-0.15000000000000036,-0.0112835094332695,0,0,13.871649056673085,13.871649056673085,fall,fall
daily_lstm,2022-10-26,-0.05999999999999961,-0.0029153376817703247,0,1,5.7084662318229284,5.7084662318229284,fall,flat
daily_lstm,2022-10-27,-0.08000000000000007,-0.0021086467895656824,0,1,7.789135321043439,7.789135321043439,fall,flat
daily_lstm,2022-10-28,0.05999999999999961,0.003031472209841013,2,1,5.69685277901586,-5.69685277901586,rise,flat
daily_lstm,2022-10-31,0.08000000000000007,0.007252704817801714,2,1,7.274729518219836,-7.274729518219836,rise,flat
daily_lstm,2022-11-01,-0.02999999999999936,0.004797027446329594,0,1,3.4797027446328954,3.4797027446328954,fall,flat
daily_lstm,2022-11-02,0.02999999999999936,0.007007927168160677,2,1,2.2992072831838684,-2.2992072831838684,rise,flat
daily_lstm,2022-11-03,0.040000000000000036,0.009890538640320301,2,1,3.0109461359679734,-3.0109461359679734,rise,flat
daily_lstm,2022-11-04,0.03000000000000025,0.007727204356342554,2,1,2.2272795643657695,-2.2272795643657695,rise,flat
daily_lstm,2022-11-07,0.04999999999999982,-0.011531527154147625,2,0,6.153152715414745,-6.153152715414745,rise,fall
daily_lstm,2022-11-08,-0.08000000000000007,-0.004897122737020254,0,1,7.510287726297982,7.510287726297982,fall,flat
daily_lstm,2022-11-09,-0.019999999999999574,-0.0157078355550766,0,0,0.42921644449229746,0.42921644449229746,fall,fall
daily_lstm,2022-11-10,-0.30000000000000027,-0.006482126656919718,0,1,29.351787334308057,29.351787334308057,fall,flat
daily_lstm,2022-11-14,0.06000000000000005,0.020151477307081223,2,2,3.984852269291883,-3.984852269291883,rise,rise
daily_lstm,2022-11-15,-0.08000000000000007,0.006525346077978611,0,1,8.652534607797868,8.652534607797868,fall,flat
daily_lstm,2022-11-16,-0.1299999999999999,0.0027873374056071043,0,1,13.2787337405607,13.2787337405607,fall,flat
daily_lstm,2022-11-17,0.10000000000000009,0.008518880233168602,2,1,9.148111976683149,-9.148111976683149,rise,flat
daily_lstm,2022-11-18,0.04999999999999982,0.024770237505435944,2,2,2.522976249456388,-2.522976249456388,rise,rise
daily_lstm,2022-11-21,0.010000000000000231,0.010383869521319866,2,2,0.038386952131963525,0.038386952131963525,rise,rise
daily_lstm,2022-11-22,-0.07000000000000028,0.003039854345843196,0,1,7.303985434584348,7.303985434584348,fall,flat
daily_lstm,2022-11-23,-0.04999999999999982,0.0016759373247623444,0,1,5.167593732476217,5.167593732476217,fall,flat
daily_lstm,2022-11-25,-0.029999999999999805,0.0009897019481286407,0,1,3.0989701948128445,3.0989701948128445,fall,flat
daily_lstm,2022-11-28,0.009999999999999787,0.006435188930481672,1,1,0.35648110695181146,-0.35648110695181146,flat,flat
daily_lstm,2022-11-29,0.06000000000000005,0.0026697535067796707,2,1,5.733024649322038,-5.733024649322038,rise,flat
daily_lstm,2022-11-30,-0.06999999999999984,0.0010734302923083305,0,1,7.107343029230817,7.107343029230817,fall,flat
daily_lstm,2022-12-01,-0.15000000000000036,-0.011674130335450172,0,0,13.832586966455018,13.832586966455018,fall,fall
daily_lstm,2022-12-02,-0.020000000000000018,-0.0015466499608010054,0,1,1.8453350039199012,1.8453350039199012,fall,flat
daily_lstm,2022-12-05,0.0900000000000003,0.006534923799335957,2,1,8.346507620066435,-8.346507620066435,rise,flat
daily_lstm,2022-12-06,-0.0900000000000003,0.010004710406064987,0,2,10.000471040606529,10.000471040606529,fall,rise
daily_lstm,2022-12-07,-0.08999999999999986,-0.006838093511760235,0,1,8.316190648823962,8.316190648823962,fall,flat
daily_lstm,2022-12-08,0.06000000000000005,-0.0031792365480214357,2,1,6.317923654802149,-6.317923654802149,rise,flat
daily_lstm,2022-12-09,0.08999999999999986,0.013125022873282433,2,2,7.6874977126717425,-7.6874977126717425,rise,rise
daily_lstm,2022-12-12,0.040000000000000036,0.00757992547005415,2,1,3.2420074529945886,-3.2420074529945886,rise,flat
daily_lstm,2022-12-13,-0.10000000000000009,-0.00034780806163325906,0,1,9.965219193836683,9.965219193836683,fall,flat
daily_lstm,2022-12-14,-0.019999999999999574,-0.018603641539812088,0,0,0.13963584601874857,0.13963584601874857,fall,fall
daily_lstm,2022-12-15,-0.050000000000000266,-0.008826691657304764,0,1,4.11733083426955,4.11733083426955,fall,flat
daily_lstm,2022-12-16,0.040000000000000036,-0.004138058051466942,2,1,4.413805805146698,-4.413805805146698,rise,flat
daily_lstm,2022-12-19,0.08999999999999986,-0.0006682724924758077,2,1,9.066827249247567,-9.066827249247567,rise,flat
daily_lstm,2022-12-20,0.1200000000000001,0.002688484964892268,2,1,11.731151503510784,-11.731151503510784,rise,flat
daily_lstm,2022-12-21,-0.009999999999999787,-0.0019435205031186342,1,1,0.8056479496881153,0.8056479496881153,flat,flat
daily_lstm,2022-12-22,-0.010000000000000231,-0.017394209280610085,0,0,0.7394209280609854,-0.7394209280609854,fall,fall
daily_lstm,2022-12-23,0.08000000000000007,-0.011220102198421955,2,0,9.122010219842203,-9.122010219842203,rise,fall
daily_lstm,2022-12-27,0.08999999999999986,-0.008222091011703014,2,1,9.822209101170287,-9.822209101170287,rise,flat
daily_lstm,2022-12-28,0.040000000000000036,-0.0011789596173912287,2,1,4.117895961739126,-4.117895961739126,rise,flat
daily_lstm,2022-12-29,-0.04999999999999982,-0.014779829420149326,0,0,3.5220170579850496,3.5220170579850496,fall,fall
daily_lstm,2022-12-30,0.04999999999999982,-0.013785232789814472,2,0,6.3785232789814295,-6.3785232789814295,rise,fall
daily_lstm,2023-01-03,-0.08999999999999986,-0.007922615855932236,0,1,8.207738414406762,8.207738414406762,fall,flat
daily_lstm,2023-01-04,-0.10000000000000009,-0.004905184730887413,0,1,9.509481526911268,9.509481526911268,fall,flat
daily_lstm,2023-01-05,0.020000000000000018,0.0008495418587699533,2,1,1.9150458141230065,-1.9150458141230065,rise,flat
daily_lstm,2023-01-06,-0.16000000000000014,0.014288928359746933,0,2,17.428892835974708,17.428892835974708,fall,rise
daily_lstm,2023-01-09,-0.020000000000000018,0.009528586640954018,0,1,2.9528586640954035,2.9528586640954035,fall,flat
daily_lstm,2023-01-10,0.08000000000000007,0.015451302751898766,2,2,6.4548697248101305,-6.4548697248101305,rise,rise
daily_lstm,2023-01-11,-0.06999999999999984,0.015130762942135334,0,2,8.513076294213517,8.513076294213517,fall,rise
daily_lstm,2023-01-12,-0.10999999999999988,0.0005727847456000745,0,1,11.057278474559995,11.057278474559995,fall,flat
daily_lstm,2023-01-13,0.06000000000000005,-0.006274654064327478,2,1,6.627465406432753,-6.627465406432753,rise,flat
daily_lstm,2023-01-17,0.03999999999999959,0.005713621154427528,2,1,3.4286378845572063,-3.4286378845572063,rise,flat
daily_lstm,2023-01-18,-0.1599999999999997,0.001193564385175705,0,1,16.119356438517542,16.119356438517542,fall,flat
daily_lstm,2023-01-19,0.020000000000000018,-0.0031909742392599583,2,1,2.3190974239259976,-2.3190974239259976,rise,flat
daily_lstm,2023-01-20,0.08999999999999986,0.005951824132353067,2,1,8.404817586764679,-8.404817586764679,rise,flat
daily_lstm,2023-01-23,0.040000000000000036,0.007407389581203461,2,1,3.2592610418796575,-3.2592610418796575,rise,flat
daily_lstm,2023-01-24,-0.06000000000000005,-0.003791754599660635,0,1,5.620824540033942,5.620824540033942,fall,flat
daily_lstm,2023-01-25,0.0,-0.0068725962191820145,1,1,0.6872596219182014,-0.6872596219182014,flat,flat
daily_lstm,2023-01-26,0.03000000000000025,-0.007426731754094362,2,1,3.742673175409461,-3.742673175409461,rise,flat
daily_lstm,2023-01-27,0.029999999999999805,-5.574148963205516e-05,2,1,3.005574148963186,-3.005574148963186,rise,flat
daily_lstm,2023-01-30,0.029999999999999805,-0.002371871843934059,2,1,3.2371871843933864,-3.2371871843933864,rise,flat
daily_lstm,2023-01-31,-0.029999999999999805,-0.0038118171505630016,0,1,2.6188182849436803,2.6188182849436803,fall,flat
daily_lstm,2023-02-01,-0.1299999999999999,-0.01479398738592863,0,0,11.520601261407126,11.520601261407126,fall,fall
daily_lstm,2023-02-02,0.009999999999999787,-0.0038169468753039837,1,1,1.381694687530377,-1.381694687530377,flat,flat
daily_lstm,2023-02-03,0.1299999999999999,0.002767939120531082,2,1,12.723206087946881,-12.723206087946881,rise,flat
daily_lstm,2023-02-06,0.10000000000000009,0.007707325741648674,2,1,9.229267425835141,-9.229267425835141,rise,flat
daily_lstm,2023-02-07,0.040000000000000036,-0.0072168041951954365,2,1,4.721680419519547,-4.721680419519547,rise,flat
daily_lstm,2023-02-08,-0.040000000000000036,-0.009440570138394833,0,1,3.0559429861605203,3.0559429861605203,fall,flat
daily_lstm,2023-02-09,0.040000000000000036,-0.011657739989459515,2,0,5.165773998945955,-5.165773998945955,rise,fall
daily_lstm,2023-02-10,0.07000000000000028,0.0017486201832070947,2,1,6.825137981679319,-6.825137981679319,rise,flat
daily_lstm,2023-02-13,-0.020000000000000018,0.0025744386948645115,0,1,2.257443869486453,2.257443869486453,fall,flat
daily_lstm,2023-02-14,0.04999999999999982,-0.012671451084315777,2,0,6.26714510843156,-6.26714510843156,rise,fall
daily_lstm,2023-02-15,0.040000000000000036,0.003247871994972229,2,1,3.6752128005027807,-3.6752128005027807,rise,flat
daily_lstm,2023-02-16,0.04999999999999982,-0.006834002677351236,2,1,5.683400267735106,-5.683400267735106,rise,flat
daily_lstm,2023-02-17,-0.040000000000000036,-0.0041722506284713745,0,1,3.582774937152866,3.582774937152866,fall,flat
daily_lstm,2023-02-21,0.13000000000000034,-0.01038205437362194,2,0,14.038205437362228,-14.038205437362228,rise,fall
daily_lstm,2023-02-22,-0.020000000000000018,0.005028171930462122,0,1,2.502817193046214,2.502817193046214,fall,flat
daily_lstm,2023-02-23,-0.050000000000000266,-0.012478785589337349,0,0,3.7521214410662918,3.7521214410662918,fall,fall
daily_lstm,2023-02-24,0.07000000000000028,-0.010375238955020905,2,0,8.037523895502119,-8.037523895502119,rise,fall
daily_lstm,2023-02-27,-0.03000000000000025,0.0032492848113179207,0,1,3.324928481131817,3.324928481131817,fall,flat
daily_lstm,2023-02-28,0.0,-0.020879602059721947,1,0,2.0879602059721947,-2.0879602059721947,flat,fall
daily_lstm,2023-03-01,0.08999999999999986,-0.012934896163642406,2,0,10.293489616364226,-10.293489616364226,rise,fall
daily_lstm,2023-03-02,0.07000000000000028,-0.0018951622769236565,2,1,7.189516227692394,-7.189516227692394,rise,flat
daily_lstm,2023-03-03,-0.10999999999999988,-0.00632628146559,0,1,10.367371853440988,10.367371853440988,fall,flat
daily_lstm,2023-03-06,0.009999999999999787,-0.012507200241088867,1,0,2.2507200241088654,-2.2507200241088654,flat,fall
daily_lstm,2023-03-07,-0.009999999999999787,-0.0031542887445539236,1,1,0.6845711255445863,0.6845711255445863,flat,flat
daily_lstm,2023-03-08,0.009999999999999787,0.0011219473090022802,1,1,0.8878052690997507,-0.8878052690997507,flat,flat
daily_lstm,2023-03-09,-0.04999999999999982,-0.00021541447495110333,0,1,4.978458552504872,4.978458552504872,fall,flat
daily_lstm,2023-03-10,-0.22999999999999998,-0.011808996088802814,0,0,21.81910039111972,21.81910039111972,fall,fall
daily_lstm,2023-03-13,-0.15000000000000036,-0.0017416960326954722,0,1,14.825830396730488,14.825830396730488,fall,flat
daily_lstm,2023-03-14,0.0900000000000003,-0.0253999512642622,2,0,11.53999512642625,-11.53999512642625,rise,fall
daily_lstm,2023-03-15,-0.13000000000000034,-0.03934267908334732,0,0,9.065732091665302,9.065732091665302,fall,fall
daily_lstm,2023-03-16,0.050000000000000266,-0.049201492220163345,2,0,9.920149222016361,-9.920149222016361,rise,fall
daily_lstm,2023-03-17,-0.16999999999999993,-0.029871828854084015,0,0,14.012817114591591,14.012817114591591,fall,fall
daily_lstm,2023-03-20,0.08000000000000007,-0.05894007161259651,2,0,13.894007161259658,-13.894007161259658,rise,fall
daily_lstm,2023-03-21,0.11999999999999966,-0.01556675136089325,2,0,13.556675136089291,-13.556675136089291,rise,fall
daily_lstm,2023-03-22,-0.10999999999999988,0.0051296548917889595,0,1,11.512965489178884,11.512965489178884,fall,flat
daily_lstm,2023-03-23,-0.10000000000000009,-0.02057987079024315,0,0,7.942012920975694,7.942012920975694,fall,fall
daily_lstm,2023-03-24,0.0,-0.011855199001729488,1,0,1.1855199001729488,-1.1855199001729488,flat,fall
daily_lstm,2023-03-27,0.1499999999999999,-0.003034917637705803,2,1,15.303491763770571,-15.303491763770571,rise,flat
daily_lstm,2023-03-28,0.020000000000000018,0.010084090754389763,2,2,0.9915909245610255,-0.9915909245610255,rise,rise
daily_lstm,2023-03-29,0.020000000000000018,-0.010674169287085533,2,0,3.067416928708555,-3.067416928708555,rise,fall
daily_lstm,2023-03-30,-0.020000000000000018,-0.001358470763079822,0,1,1.8641529236920196,1.8641529236920196,fall,flat
daily_lstm,2023-03-31,-0.06999999999999984,0.012388469651341438,0,2,8.238846965134128,8.238846965134128,fall,rise
daily_lstm,2023-04-03,-0.04999999999999982,0.0073308818973600864,0,1,5.733088189735991,5.733088189735991,fall,flat
daily_lstm,2023-04-04,-0.08000000000000007,0.007447315379977226,0,1,8.74473153799773,8.74473153799773,fall,flat
daily_lstm,2023-04-05,-0.050000000000000266,0.004409491084516048,0,1,5.4409491084516315,5.4409491084516315,fall,flat
daily_lstm,2023-04-06,0.0,0.010096030309796333,1,2,1.0096030309796333,1.0096030309796333,flat,rise
daily_lstm,2023-04-07,0.0900000000000003,0.008588539436459541,2,1,8.141146056354076,-8.141146056354076,rise,flat
daily_lstm,2023-04-10,0.020000000000000018,0.013208217918872833,2,2,0.6791782081127185,-0.6791782081127185,rise,rise
daily_lstm,2023-04-11,0.020000000000000018,0.004528389312326908,2,1,1.547161068767311,-1.547161068767311,rise,flat
daily_lstm,2023-04-12,-0.020000000000000018,0.0008061137050390244,0,1,2.080611370503904,2.080611370503904,fall,flat
daily_lstm,2023-04-13,0.040000000000000036,-0.00781620666384697,2,1,4.7816206663847005,-4.7816206663847005,rise,flat
daily_lstm,2023-04-14,0.06999999999999984,0.009093339554965496,2,1,6.090666044503434,-6.090666044503434,rise,flat
daily_lstm,2023-04-17,0.08000000000000007,0.0021208880934864283,2,1,7.787911190651364,-7.787911190651364,rise,flat
daily_lstm,2023-04-18,-0.020000000000000018,-0.00040612678276374936,0,1,1.9593873217236268,1.9593873217236268,fall,flat
daily_lstm,2023-04-19,0.020000000000000018,-0.014027672819793224,2,0,3.402767281979324,-3.402767281979324,rise,fall
daily_lstm,2023-04-20,-0.06000000000000005,-0.0033956742845475674,0,1,5.660432571545249,5.660432571545249,fall,flat
daily_lstm,2023-04-21,0.029999999999999805,-0.012956368736922741,2,0,4.2956368736922546,-4.2956368736922546,rise,fall
daily_lstm,2023-04-24,-0.04999999999999982,-0.0003071307437494397,0,1,4.969286925625038,4.969286925625038,fall,flat
daily_lstm,2023-04-25,-0.1200000000000001,-0.000850849028211087,0,1,11.914915097178902,11.914915097178902,fall,flat
daily_lstm,2023-04-26,0.03000000000000025,-0.0008753971778787673,2,1,3.0875397177879016,-3.0875397177879016,rise,flat
daily_lstm,2023-04-27,0.09999999999999964,-0.004701043013483286,2,1,10.470104301348293,-10.470104301348293,rise,flat
daily_lstm,2023-04-28,-0.08999999999999986,0.002379045356065035,0,1,9.23790453560649,9.23790453560649,fall,flat
daily_lstm,2023-05-01,0.1499999999999999,-0.011061090975999832,2,0,16.106109097599976,-16.106109097599976,rise,fall
daily_lstm,2023-05-02,-0.1499999999999999,0.02211914025247097,0,2,17.21191402524709,17.21191402524709,fall,rise
daily_lstm,2023-05-03,-0.06000000000000005,-0.01183410920202732,0,0,4.816589079797273,4.816589079797273,fall,fall
daily_lstm,2023-05-04,-0.009999999999999787,0.005281911697238684,1,1,1.528191169723847,1.528191169723847,flat,flat
daily_lstm,2023-05-05,0.06999999999999984,0.005199017934501171,2,1,6.480098206549867,-6.480098206549867,rise,flat
daily_lstm,2023-05-08,0.08000000000000007,-0.00013658366515301168,2,1,8.013658366515308,-8.013658366515308,rise,flat
daily_lstm,2023-05-09,0.009999999999999787,0.0033724745735526085,1,1,0.6627525426447178,-0.6627525426447178,flat,flat
daily_lstm,2023-05-10,-0.09999999999999964,-0.008893338963389397,0,1,9.110666103661025,9.110666103661025,fall,flat
daily_lstm,2023-05-11,-0.040000000000000036,-0.018807141110301018,0,0,2.1192858889699018,2.1192858889699018,fall,fall
daily_lstm,2023-05-12,0.06999999999999984,0.002088505309075117,2,1,6.791149469092472,-6.791149469092472,rise,flat
daily_lstm,2023-05-15,0.040000000000000036,0.009895549155771732,2,1,3.0104450844228303,-3.0104450844228303,rise,flat
daily_lstm,2023-05-16,0.040000000000000036,-0.008368752896785736,2,1,4.836875289678577,-4.836875289678577,rise,flat
daily_lstm,2023-05-17,0.029999999999999805,0.010705963708460331,2,2,1.9294036291539474,-1.9294036291539474,rise,rise
daily_lstm,2023-05-18,0.08000000000000007,0.0011272762203589082,2,1,7.887272377964116,-7.887272377964116,rise,flat
daily_lstm,2023-05-19,0.050000000000000266,0.0034182320814579725,2,1,4.658176791854229,-4.658176791854229,rise,flat
daily_lstm,2023-05-22,0.020000000000000018,-0.00028009864035993814,2,1,2.0280098640359956,-2.0280098640359956,rise,flat
daily_lstm,2023-05-23,-0.020000000000000018,-0.00025913657736964524,0,1,1.9740863422630373,1.9740863422630373,fall,flat
daily_lstm,2023-05-24,0.029999999999999805,-0.003302258439362049,2,1,3.3302258439361854,-3.3302258439361854,rise,flat
daily_lstm,2023-05-25,0.10000000000000009,0.004356530494987965,2,1,9.564346950501212,-9.564346950501212,rise,flat
daily_lstm,2023-05-26,-0.03000000000000025,0.013528573326766491,0,2,4.352857332676674,4.352857332676674,fall,rise
daily_lstm,2023-05-30,-0.10999999999999988,-0.0014040317619219422,0,1,10.859596823807793,10.859596823807793,fall,flat
daily_lstm,2023-05-31,-0.04999999999999982,0.012105445377528667,0,2,6.210544537752849,6.210544537752849,fall,rise
daily_lstm,2023-06-01,-0.03000000000000025,0.013202774338424206,0,2,4.3202774338424454,4.3202774338424454,fall,rise
daily_lstm,2023-06-02,0.08000000000000007,0.009833043441176414,2,1,7.016695655882366,-7.016695655882366,rise,flat
daily_lstm,2023-06-05,0.0,0.008628638461232185,1,1,0.8628638461232185,0.8628638461232185,flat,flat
daily_lstm,2023-06-06,0.010000000000000231,-0.010579720139503479,2,0,2.057972013950371,-2.057972013950371,rise,fall
daily_lstm,2023-06-07,0.08999999999999986,0.0016547470586374402,2,1,8.834525294136242,-8.834525294136242,rise,flat
daily_lstm,2023-06-08,-0.06000000000000005,0.0035535942297428846,0,1,6.355359422974294,6.355359422974294,fall,flat
daily_lstm,2023-06-09,0.020000000000000018,-0.014257600530982018,2,0,3.4257600530982035,-3.4257600530982035,rise,fall
daily_lstm,2023-06-12,-0.020000000000000018,0.00020326273806858808,0,1,2.0203262738068606,2.0203262738068606,fall,flat
daily_lstm,2023-06-13,0.10999999999999988,-0.0030211140401661396,2,1,11.302111404016602,-11.302111404016602,rise,flat
daily_lstm,2023-06-14,-0.009999999999999787,0.013131600804626942,1,2,2.313160080462673,2.313160080462673,flat,rise
daily_lstm,2023-06-15,-0.10999999999999988,-0.0034631628077477217,0,1,10.653683719225215,10.653683719225215,fall,flat
daily_lstm,2023-06-16,0.04999999999999982,-0.01571357250213623,2,0,6.571357250213605,-6.571357250213605,rise,fall
daily_lstm,2023-06-20,-0.029999999999999805,0.005232400726526976,0,1,3.523240072652678,3.523240072652678,fall,flat
daily_lstm,2023-06-21,-0.020000000000000018,-0.0036489113699644804,0,1,1.6351088630035537,1.6351088630035537,fall,flat
daily_lstm,2023-06-22,0.07999999999999963,-0.0002752564032562077,2,1,8.027525640325583,-8.027525640325583,rise,flat
daily_lstm,2023-06-23,-0.05999999999999961,0.007711509242653847,0,1,6.771150924265346,6.771150924265346,fall,flat
daily_lstm,2023-06-26,-0.020000000000000018,-0.011979921720921993,0,0,0.8020078279078025,0.8020078279078025,fall,fall
daily_lstm,2023-06-27,0.04999999999999982,0.0032584555447101593,2,1,4.674154445528966,-4.674154445528966,rise,flat
daily_lstm,2023-06-28,-0.06000000000000005,0.005665817763656378,0,1,6.566581776365643,6.566581776365643,fall,flat
daily_lstm,2023-06-29,0.14000000000000012,-0.009122136980295181,2,1,14.91221369802953,-14.91221369802953,rise,flat
daily_lstm,2023-06-30,-0.040000000000000036,0.010414344258606434,0,2,5.041434425860647,5.041434425860647,fall,rise
daily_lstm,2023-07-03,0.04999999999999982,-0.011602646671235561,2,0,6.160264667123538,-6.160264667123538,rise,fall
daily_lstm,2023-07-05,0.0900000000000003,-0.0022304521407932043,2,1,9.22304521407935,-9.22304521407935,rise,flat
daily_lstm,2023-07-06,0.09999999999999964,0.0006591843557544053,2,1,9.934081564424524,-9.934081564424524,rise,flat
daily_lstm,2023-07-07,0.009999999999999787,0.0029123725835233927,1,1,0.7087627416476394,-0.7087627416476394,flat,flat
daily_lstm,2023-07-10,-0.04999999999999982,-0.018323052674531937,0,0,3.1676947325467886,3.1676947325467886,fall,fall
daily_lstm,2023-07-11,-0.019999999999999574,-0.016850097104907036,0,0,0.3149902895092538,0.3149902895092538,fall,fall
daily_lstm,2023-07-12,-0.13000000000000034,-0.0048017012886703014,0,1,12.519829871133004,12.519829871133004,fall,flat
daily_lstm,2023-07-13,-0.10000000000000009,-0.00749309454113245,0,1,9.250690545886764,9.250690545886764,fall,flat
daily_lstm,2023-07-14,0.07000000000000028,0.00017597836267668754,2,1,6.98240216373236,-6.98240216373236,rise,flat
daily_lstm,2023-07-17,-0.020000000000000018,0.004434408154338598,0,1,2.4434408154338616,2.4434408154338616,fall,flat
daily_lstm,2023-07-18,-0.010000000000000231,-0.008945182897150517,0,1,0.10548171028497144,0.10548171028497144,fall,flat
daily_lstm,2023-07-19,-0.04999999999999982,-0.0051041254773736,0,1,4.489587452262622,4.489587452262622,fall,flat
daily_lstm,2023-07-20,0.10000000000000009,-0.0028921037446707487,2,1,10.289210374467084,-10.289210374467084,rise,flat
daily_lstm,2023-07-21,-0.010000000000000231,0.012304003350436687,0,2,2.230400335043692,2.230400335043692,fall,rise
daily_lstm,2023-07-24,0.020000000000000018,-0.007207010872662067,2,1,2.7207010872662085,-2.7207010872662085,rise,flat
daily_lstm,2023-07-25,0.050000000000000266,-0.0018097227439284325,2,1,5.18097227439287,-5.18097227439287,rise,flat
daily_lstm,2023-07-26,-0.050000000000000266,-0.00630346080288291,0,1,4.369653919711736,4.369653919711736,fall,flat
daily_lstm,2023-07-27,0.1499999999999999,-0.015500877983868122,2,0,16.550087798386805,-16.550087798386805,rise,fall
daily_lstm,2023-07-28,-0.04999999999999982,0.008283013477921486,0,1,5.828301347792131,5.828301347792131,fall,flat
daily_lstm,2023-07-31,0.010000000000000231,-0.017449120059609413,2,0,2.7449120059609644,-2.7449120059609644,rise,fall
daily_lstm,2023-08-01,0.07999999999999963,-0.004923395346850157,2,1,8.492339534684978,-8.492339534684978,rise,flat
daily_lstm,2023-08-02,0.03000000000000025,-0.0008415397605858743,2,1,3.0841539760586123,-3.0841539760586123,rise,flat
daily_lstm,2023-08-03,0.1200000000000001,-0.013349597342312336,2,0,13.334959734231244,-13.334959734231244,rise,fall
daily_lstm,2023-08-04,-0.15000000000000036,-0.005793134216219187,0,1,14.420686578378117,14.420686578378117,fall,flat
daily_lstm,2023-08-07,0.040000000000000036,-0.0159160029143095,2,0,5.591600291430954,-5.591600291430954,rise,fall
daily_lstm,2023-08-08,-0.07000000000000028,-0.005670298356562853,0,1,6.432970164343743,6.432970164343743,fall,flat
daily_lstm,2023-08-09,-0.019999999999999574,-0.0022851270623505116,0,1,1.7714872937649062,1.7714872937649062,fall,flat
daily_lstm,2023-08-10,0.08999999999999986,-0.002767830388620496,2,1,9.276783038862035,-9.276783038862035,rise,flat
daily_lstm,2023-08-11,0.07000000000000028,0.005287663545459509,2,1,6.4712336454540775,-6.4712336454540775,rise,flat
daily_lstm,2023-08-14,0.03000000000000025,0.00021593851852230728,2,1,2.978406148147794,-2.978406148147794,rise,flat
daily_lstm,2023-08-15,0.019999999999999574,-0.012654273770749569,2,0,3.2654273770749143,-3.2654273770749143,rise,fall
daily_lstm,2023-08-16,0.07000000000000028,-0.015304404310882092,2,0,8.530440431088238,-8.530440431088238,rise,fall
daily_lstm,2023-08-17,0.019999999999999574,-0.0071947649121284485,2,1,2.719476491212802,-2.719476491212802,rise,flat
daily_lstm,2023-08-18,-0.040000000000000036,-0.015533874742686749,0,0,2.4466125257313287,2.4466125257313287,fall,fall
daily_lstm,2023-08-21,0.08000000000000007,-0.017571469768881798,2,0,9.757146976888187,-9.757146976888187,rise,fall
daily_lstm,2023-08-22,0.0,-0.005487597081810236,1,1,0.5487597081810236,-0.5487597081810236,flat,flat
daily_lstm,2023-08-23,-0.14999999999999947,-0.009178136475384235,0,1,14.082186352461523,14.082186352461523,fall,flat
daily_lstm,2023-08-24,0.040000000000000036,-0.014782777056097984,2,0,5.478277705609802,-5.478277705609802,rise,fall
daily_lstm,2023-08-25,0.019999999999999574,0.0064736008644104,2,1,1.3526399135589173,-1.3526399135589173,rise,flat
daily_lstm,2023-08-28,-0.04999999999999982,0.005587815307080746,0,1,5.558781530708057,5.558781530708057,fall,flat
daily_lstm,2023-08-29,-0.08000000000000007,-0.007996723987162113,0,1,7.200327601283796,7.200327601283796,fall,flat
daily_lstm,2023-08-30,0.0,-0.0100217554718256,1,0,1.00217554718256,-1.00217554718256,flat,fall
daily_lstm,2023-08-31,-0.03000000000000025,0.0015007219044491649,0,1,3.1500721904449414,3.1500721904449414,fall,flat
daily_lstm,2023-09-01,0.08999999999999986,-0.002773497486487031,2,1,9.277349748648689,-9.277349748648689,rise,flat
daily_lstm,2023-09-05,0.08999999999999986,0.00562824634835124,2,1,8.437175365164862,-8.437175365164862,rise,flat
daily_lstm,2023-09-06,0.03000000000000025,-2.4097431378322653e-05,2,1,3.002409743137857,-3.002409743137857,rise,flat
daily_lstm,2023-09-07,-0.03000000000000025,-0.00836475845426321,0,1,2.163524154573704,2.163524154573704,fall,flat
daily_lstm,2023-09-08,-0.009999999999999787,-0.021981406956911087,1,0,1.19814069569113,-1.19814069569113,flat,fall
daily_lstm,2023-09-11,0.03000000000000025,-0.008170226588845253,2,1,3.81702265888455,-3.81702265888455,rise,flat
daily_lstm,2023-09-12,-0.020000000000000462,-0.007847996428608894,0,1,1.2152003571391568,1.2152003571391568,fall,flat
daily_lstm,2023-09-13,-0.019999999999999574,-0.009730950929224491,0,1,1.0269049070775083,1.0269049070775083,fall,flat
daily_lstm,2023-09-14,0.040000000000000036,-0.010355961509048939,2,0,5.035596150904897,-5.035596150904897,rise,fall
daily_lstm,2023-09-15,0.040000000000000036,-0.005478433333337307,2,1,4.547843333333734,-4.547843333333734,rise,flat
daily_lstm,2023-09-18,-0.009999999999999787,-0.006418691948056221,1,1,0.3581308051943566,0.3581308051943566,flat,flat
daily_lstm,2023-09-19,0.04999999999999982,-0.013071632012724876,2,0,6.30716320127247,-6.30716320127247,rise,fall
daily_lstm,2023-09-20,-0.020000000000000462,-0.0061480398289859295,0,1,1.3851960171014532,1.3851960171014532,fall,flat
daily_lstm,2023-09-21,0.14000000000000057,-0.010601058602333069,2,0,15.060105860233364,-15.060105860233364,rise,fall
daily_lstm,2023-09-22,-0.04999999999999982,0.006811043247580528,0,1,5.681104324758035,5.681104324758035,fall,flat
daily_lstm,2023-09-25,0.10999999999999943,-0.01701376400887966,2,0,12.70137640088791,-12.70137640088791,rise,fall
daily_lstm,2023-09-26,0.009999999999999787,-0.0013393505942076445,1,1,1.1339350594207431,-1.1339350594207431,flat,flat
daily_lstm,2023-09-27,0.05000000000000071,-0.013726290315389633,2,0,6.372629031539034,-6.372629031539034,rise,fall
daily_lstm,2023-09-28,-0.020000000000000462,-0.010166388005018234,0,0,0.9833611994982228,0.9833611994982228,fall,fall
daily_lstm,2023-09-29,0.0,-0.02183534950017929,1,0,2.183534950017929,-2.183534950017929,flat,fall
daily_lstm,2023-10-02,0.10000000000000053,-0.01664832793176174,2,0,11.664832793176227,-11.664832793176227,rise,fall
daily_lstm,2023-10-03,0.11999999999999922,-0.0028819236904382706,2,1,12.288192369043749,-12.288192369043749,rise,flat
daily_lstm,2023-10-04,-0.07999999999999918,-0.008273374289274216,0,1,7.172662571072497,7.172662571072497,fall,flat
daily_lstm,2023-10-05,-0.010000000000000675,-0.026671141386032104,0,0,1.667114138603143,-1.667114138603143,fall,fall
daily_lstm,2023-10-06,0.0600000000000005,-0.020200392231345177,2,0,8.020039223134567,-8.020039223134567,rise,fall
daily_lstm,2023-10-10,-0.1200000000000001,-0.008964442647993565,0,1,11.103555735200654,11.103555735200654,fall,flat
daily_lstm,2023-10-11,-0.08000000000000007,-0.020749403163790703,0,0,5.925059683620937,5.925059683620937,fall,fall
daily_lstm,2023-10-12,0.1200000000000001,-0.006556694861501455,2,1,12.655669486150156,-12.655669486150156,rise,flat
daily_lstm,2023-10-13,-0.07000000000000028,0.01521243155002594,0,2,8.521243155002622,8.521243155002622,fall,rise
daily_lstm,2023-10-16,0.08000000000000007,-0.009374808520078659,2,1,8.937480852007873,-8.937480852007873,rise,flat
daily_lstm,2023-10-17,0.1200000000000001,0.0029615529347211123,2,1,11.7038447065279,-11.7038447065279,rise,flat
daily_lstm,2023-10-18,0.08000000000000007,0.004591985139995813,2,1,7.540801486000426,-7.540801486000426,rise,flat
daily_lstm,2023-10-19,0.07000000000000028,-0.008449198678135872,2,1,7.844919867813616,-7.844919867813616,rise,flat
daily_lstm,2023-10-20,-0.05000000000000071,-0.015276920981705189,0,0,3.472307901829552,3.472307901829552,fall,fall
daily_lstm,2023-10-23,-0.0699999999999994,-0.025377942249178886,0,0,4.462205775082051,4.462205775082051,fall,fall
daily_lstm,2023-10-24,-0.03000000000000025,-0.014078986831009388,0,0,1.592101316899086,1.592101316899086,fall,fall
daily_lstm,2023-10-25,0.1200000000000001,-0.00698383804410696,2,1,12.698383804410707,-12.698383804410707,rise,flat
daily_lstm,2023-10-26,-0.08999999999999986,0.003247879445552826,0,1,9.324787944555268,9.324787944555268,fall,flat
daily_lstm,2023-10-27,-0.020000000000000462,-0.018108518794178963,0,0,0.18914812058214991,0.18914812058214991,fall,fall
daily_lstm,2023-10-30,0.040000000000000036,-0.009571456350386143,2,1,4.957145635038618,-4.957145635038618,rise,flat
daily_lstm,2023-10-31,0.0,-0.0010194831993430853,1,1,0.10194831993430853,-0.10194831993430853,flat,flat
daily_lstm,2023-11-01,-0.11000000000000032,-0.006821503862738609,0,1,10.317849613726171,10.317849613726171,fall,flat
daily_lstm,2023-11-02,-0.09999999999999964,-0.017620425671339035,0,0,8.237957432866061,8.237957432866061,fall,fall
daily_lstm,2023-11-03,-0.09999999999999964,-0.0019756860565394163,0,1,9.802431394346023,9.802431394346023,fall,flat
daily_lstm,2023-11-06,0.09999999999999964,-0.003917084075510502,2,1,10.391708407551015,-10.391708407551015,rise,flat
daily_lstm,2023-11-07,-0.08999999999999986,0.012516053393483162,0,2,10.251605339348302,10.251605339348302,fall,rise
daily_lstm,2023-11-08,-0.08999999999999986,-0.004077442921698093,0,1,8.592255707830176,8.592255707830176,fall,flat
daily_lstm,2023-11-09,0.1299999999999999,0.002737178234383464,2,1,12.726282176561643,-12.726282176561643,rise,flat
daily_lstm,2023-11-10,-0.009999999999999787,0.02346399426460266,1,2,3.346399426460245,3.346399426460245,flat,rise
daily_lstm,2023-11-13,0.019999999999999574,-0.003689094679430127,2,1,2.36890946794297,-2.36890946794297,rise,flat
daily_lstm,2023-11-14,-0.1899999999999995,-0.0028418749570846558,0,1,18.715812504291485,18.715812504291485,fall,flat
daily_lstm,2023-11-15,0.08999999999999986,-0.009344084188342094,2,1,9.934408418834195,-9.934408418834195,rise,flat
daily_lstm,2023-11-16,-0.08000000000000007,0.001095592975616455,0,1,8.109559297561653,8.109559297561653,fall,flat
daily_lstm,2023-11-17,-0.009999999999999787,-0.013261975720524788,1,0,0.3261975720525001,-0.3261975720525001,flat,fall
daily_lstm,2023-11-20,-0.020000000000000462,-0.003347981022670865,0,1,1.6652018977329597,1.6652018977329597,fall,flat
daily_lstm,2023-11-21,-0.009999999999999787,-0.004888772498816252,1,1,0.5111227501183535,0.5111227501183535,flat,flat
daily_lstm,2023-11-22,0.009999999999999787,-0.006569297984242439,1,1,1.6569297984242226,-1.6569297984242226,flat,flat
daily_lstm,2023-11-24,0.04999999999999982,-0.00048735158634372056,2,1,5.048735158634354,-5.048735158634354,rise,flat
daily_lstm,2023-11-27,-0.08000000000000007,-0.002240452915430069,0,1,7.775954708457,7.775954708457,fall,flat
daily_lstm,2023-11-28,-0.04999999999999982,-0.017594076693058014,0,0,3.240592330694181,3.240592330694181,fall,fall
daily_lstm,2023-11-29,-0.07000000000000028,-0.009573433548212051,0,1,6.042656645178823,6.042656645178823,fall,flat
daily_lstm,2023-11-30,0.10000000000000053,-0.01105647161602974,2,0,11.105647161603027,-11.105647161603027,rise,fall
daily_lstm,2023-12-01,-0.15000000000000036,0.0010147573193535209,0,1,15.101475731935388,15.101475731935388,fall,flat
daily_lstm,2023-12-04,0.0600000000000005,-0.015286900103092194,2,0,7.528690010309269,-7.528690010309269,rise,fall
daily_lstm,2023-12-05,-0.10000000000000053,-0.003948516212403774,0,1,9.605148378759676,9.605148378759676,fall,flat
daily_lstm,2023-12-06,-0.05999999999999961,-0.010538705624639988,0,0,4.946129437535962,4.946129437535962,fall,fall
daily_lstm,2023-12-07,0.019999999999999574,0.0003659177746158093,2,1,1.9634082225383764,-1.9634082225383764,rise,flat
daily_lstm,2023-12-08,0.09000000000000075,0.00337925530038774,2,1,8.6620744699613,-8.6620744699613,rise,flat
daily_lstm,2023-12-11,0.0,0.00964734423905611,1,1,0.964734423905611,0.964734423905611,flat,flat
daily_lstm,2023-12-12,-0.03000000000000025,-0.007051405031234026,0,1,2.2948594968766223,2.2948594968766223,fall,flat
daily_lstm,2023-12-13,-0.16000000000000014,-0.009833557531237602,0,1,15.016644246876254,15.016644246876254,fall,flat
daily_lstm,2023-12-14,-0.1200000000000001,-0.008737252093851566,0,1,11.126274790614854,11.126274790614854,fall,flat
daily_lstm,2023-12-15,-0.009999999999999787,0.006334489677101374,1,1,1.633448967710116,1.633448967710116,flat,flat
daily_lstm,2023-12-18,0.040000000000000036,0.008632928133010864,2,1,3.136707186698917,-3.136707186698917,rise,flat
daily_lstm,2023-12-19,-0.020000000000000018,0.010038940235972404,0,2,3.0038940235972422,3.0038940235972422,fall,rise
daily_lstm,2023-12-20,-0.07000000000000028,-0.0010749027132987976,0,1,6.892509728670149,6.892509728670149,fall,flat
daily_lstm,2023-12-21,0.03000000000000025,-0.007534888572990894,2,1,3.7534888572991143,-3.7534888572991143,rise,flat
daily_lstm,2023-12-22,0.009999999999999787,-0.003082771087065339,1,1,1.3082771087065126,-1.3082771087065126,flat,flat
daily_lstm,2023-12-26,-0.009999999999999787,-0.005428710486739874,1,1,0.4571289513259913,0.4571289513259913,flat,flat
daily_lstm,2023-12-27,-0.10000000000000009,-0.0017748345853760839,0,1,9.8225165414624,9.8225165414624,fall,flat
daily_lstm,2023-12-28,0.04999999999999982,-0.009159437380731106,2,1,5.915943738073093,-5.915943738073093,rise,flat
daily_lstm,2023-12-29,0.040000000000000036,0.003614561166614294,2,1,3.638543883338574,-3.638543883338574,rise,flat
daily_lstm,2024-01-02,0.07000000000000028,-0.005596226081252098,2,1,7.559622608125238,-7.559622608125238,rise,flat
daily_lstm,2024-01-03,-0.040000000000000036,0.0022013878915458918,0,1,4.220138789154593,4.220138789154593,fall,flat
daily_lstm,2024-01-04,0.08000000000000007,-0.01410957332700491,2,0,9.410957332700498,-9.410957332700498,rise,fall
daily_lstm,2024-01-05,0.05999999999999961,0.0003452461969573051,2,1,5.96547538030423,-5.96547538030423,rise,flat
daily_lstm,2024-01-08,-0.040000000000000036,-0.008783597499132156,0,1,3.121640250086788,3.121640250086788,fall,flat
daily_lstm,2024-01-09,0.009999999999999787,-0.015411349013447762,1,0,2.541134901344755,-2.541134901344755,flat,fall
daily_lstm,2024-01-10,0.020000000000000462,-0.00867462158203125,2,1,2.867462158203171,-2.867462158203171,rise,flat
daily_lstm,2024-01-11,-0.06000000000000005,-0.007173498161137104,0,1,5.282650183886295,5.282650183886295,fall,flat
daily_lstm,2024-01-12,-0.020000000000000018,-0.015049504116177559,0,0,0.4950495883822459,0.4950495883822459,fall,fall
daily_lstm,2024-01-16,0.11000000000000032,-0.014590688981115818,2,0,12.459068898111614,-12.459068898111614,rise,fall
daily_lstm,2024-01-17,0.02999999999999936,-0.004504919517785311,2,1,3.450491951778467,-3.450491951778467,rise,flat
daily_lstm,2024-01-18,0.040000000000000036,-0.003431865479797125,2,1,4.343186547979716,-4.343186547979716,rise,flat
daily_lstm,2024-01-19,0.010000000000000675,-0.013130038976669312,2,0,2.3130038976669987,-2.3130038976669987,rise,fall
daily_lstm,2024-01-22,-0.040000000000000036,-0.006436907686293125,0,1,3.356309231370691,3.356309231370691,fall,flat
daily_lstm,2024-01-23,0.02999999999999936,-0.011099820956587791,2,0,4.109982095658715,-4.109982095658715,rise,fall
daily_lstm,2024-01-24,0.040000000000000036,-0.0018093464896082878,2,1,4.180934648960832,-4.180934648960832,rise,flat
daily_lstm,2024-01-25,-0.040000000000000036,-0.005501665640622377,0,1,3.449833435937766,3.449833435937766,fall,flat
daily_lstm,2024-01-26,0.010000000000000675,-0.015187879092991352,2,0,2.5187879092992027,-2.5187879092992027,rise,fall
daily_lstm,2024-01-29,-0.07000000000000028,-0.0059755160473287106,0,1,6.402448395267157,6.402448395267157,fall,flat
daily_lstm,2024-01-30,-0.020000000000000462,-0.010456239804625511,0,0,0.9543760195374951,0.9543760195374951,fall,fall
daily_lstm,2024-01-31,-0.0699999999999994,0.0012601986527442932,0,1,7.126019865274369,7.126019865274369,fall,flat
daily_lstm,2024-02-01,-0.1200000000000001,-0.008652725256979465,0,1,11.134727474302064,11.134727474302064,fall,flat
daily_lstm,2024-02-02,0.16000000000000014,-0.00195492897182703,2,1,16.195492897182717,-16.195492897182717,rise,flat
daily_lstm,2024-02-05,0.13999999999999968,0.016815321519970894,2,2,12.318467848002879,-12.318467848002879,rise,rise
daily_lstm,2024-02-06,-0.08000000000000007,0.007686398457735777,0,1,8.768639845773585,8.768639845773585,fall,flat
daily_lstm,2024-02-07,0.0,-0.01352556049823761,1,0,1.352556049823761,-1.352556049823761,flat,fall
daily_lstm,2024-02-08,0.0600000000000005,0.0006846324540674686,2,1,5.931536754593303,-5.931536754593303,rise,flat
daily_lstm,2024-02-09,0.019999999999999574,0.001736640464514494,2,1,1.826335953548508,-1.826335953548508,rise,flat
daily_lstm,2024-02-12,0.0,-0.0038704322651028633,1,1,0.38704322651028633,-0.38704322651028633,flat,flat
daily_lstm,2024-02-13,0.13999999999999968,-0.006614850368350744,2,1,14.661485036835042,-14.661485036835042,rise,flat
daily_lstm,2024-02-14,-0.040000000000000036,0.005622506607323885,0,1,4.562250660732392,4.562250660732392,fall,flat
daily_lstm,2024-02-15,-0.02999999999999936,-0.026137787848711014,0,0,0.38622121512883467,0.38622121512883467,fall,fall
daily_lstm,2024-02-16,0.05999999999999961,-0.010144943371415138,2,0,7.014494337141475,-7.014494337141475,rise,fall
daily_lstm,2024-02-20,-0.03000000000000025,0.0045280056074261665,0,1,3.4528005607426415,3.4528005607426415,fall,flat
daily_lstm,2024-02-21,0.05000000000000071,-0.00916318129748106,2,1,5.916318129748177,-5.916318129748177,rise,flat
daily_lstm,2024-02-22,0.009999999999999787,-0.0009854311356320977,1,1,1.0985431135631885,-1.0985431135631885,flat,flat
daily_lstm,2024-02-23,-0.07000000000000028,-0.0011228362563997507,0,1,6.887716374360053,6.887716374360053,fall,flat
daily_lstm,2024-02-26,0.020000000000000462,-0.007627035025507212,2,1,2.7627035025507674,-2.7627035025507674,rise,flat
daily_lstm,2024-02-27,0.02999999999999936,0.0030768117867410183,2,1,2.692318821325834,-2.692318821325834,rise,flat
daily_lstm,2024-02-28,-0.040000000000000036,-0.000900803308468312,0,1,3.9099196691531724,3.9099196691531724,fall,flat
daily_lstm,2024-02-29,-0.019999999999999574,-0.009943019598722458,0,1,1.0056980401277116,1.0056980401277116,fall,flat
daily_lstm,2024-03-01,-0.05999999999999961,-0.002972497371956706,0,1,5.70275026280429,5.70275026280429,fall,flat
daily_lstm,2024-03-04,0.02999999999999936,-0.011224213987588882,2,0,4.122421398758824,-4.122421398758824,rise,fall
daily_lstm,2024-03-05,-0.08999999999999986,-0.006772810127586126,0,1,8.322718987241373,8.322718987241373,fall,flat
daily_lstm,2024-03-06,-0.019999999999999574,-0.013696257956326008,0,0,0.6303742043673566,0.6303742043673566,fall,fall
daily_lstm,2024-03-07,-0.020000000000000462,-0.0021786815486848354,0,1,1.7821318451315626,1.7821318451315626,fall,flat
daily_lstm,2024-03-08,0.0,-0.004360954277217388,1,1,0.4360954277217388,-0.4360954277217388,flat,flat
daily_lstm,2024-03-11,0.009999999999999787,-0.002548723481595516,1,1,1.2548723481595303,-1.2548723481595303,flat,flat
daily_lstm,2024-03-12,0.0600000000000005,-3.6578549043042585e-05,2,1,6.003657854904354,-6.003657854904354,rise,flat
daily_lstm,2024-03-13,0.03000000000000025,0.002119688782840967,2,1,2.788031121715928,-2.788031121715928,rise,flat
daily_lstm,2024-03-14,0.09999999999999964,-0.006436382886022329,2,1,10.643638288602197,-10.643638288602197,rise,flat
daily_lstm,2024-03-15,0.019999999999999574,-0.0018609584076330066,2,1,2.186095840763258,-2.186095840763258,rise,flat
daily_lstm,2024-03-18,0.03000000000000025,-0.010317203588783741,2,0,4.031720358878399,-4.031720358878399,rise,fall
daily_lstm,2024-03-19,-0.040000000000000036,-0.01009538397192955,0,0,2.9904616028070485,2.9904616028070485,fall,fall
daily_lstm,2024-03-20,-0.03000000000000025,-0.014044705778360367,0,0,1.5955294221639882,1.5955294221639882,fall,fall
daily_lstm,2024-03-21,0.0,-0.012507498264312744,1,0,1.2507498264312744,-1.2507498264312744,flat,fall
daily_lstm,2024-03-22,-0.04999999999999982,-0.006387666799128056,0,1,4.361233320087177,4.361233320087177,fall,flat
daily_lstm,2024-03-25,0.03000000000000025,-0.010789836756885052,2,0,4.07898367568853,-4.07898367568853,rise,fall
daily_lstm,2024-03-26,-0.009999999999999787,0.0041022165678441525,1,1,1.410221656784394,1.410221656784394,flat,flat
daily_lstm,2024-03-27,-0.040000000000000036,-0.005131328944116831,0,1,3.4868671055883205,3.4868671055883205,fall,flat
daily_lstm,2024-03-28,0.0,-0.007891282439231873,1,1,0.7891282439231873,-0.7891282439231873,flat,flat
daily_lstm,2024-04-01,0.1299999999999999,-8.937170059652999e-05,2,1,13.008937170059642,-13.008937170059642,rise,flat
daily_lstm,2024-04-02,0.03000000000000025,0.00837004091590643,2,1,2.162995908409382,-2.162995908409382,rise,flat
daily_lstm,2024-04-03,0.0,-0.014551809057593346,1,0,1.4551809057593346,-1.4551809057593346,flat,fall
daily_lstm,2024-04-04,-0.05000000000000071,-0.01440943218767643,0,0,3.559056781232428,3.559056781232428,fall,fall
daily_lstm,2024-04-05,0.08000000000000007,-0.015023224987089634,2,0,9.50232249870897,-9.50232249870897,rise,fall
daily_lstm,2024-04-08,0.03000000000000025,-0.0011891770409420133,2,1,3.118917704094226,-3.118917704094226,rise,flat
daily_lstm,2024-04-09,-0.05999999999999961,-0.007772132288664579,0,1,5.222786771133503,5.222786771133503,fall,flat
daily_lstm,2024-04-10,0.1899999999999995,-0.017787406221032143,2,0,20.778740622103165,-20.778740622103165,rise,fall
daily_lstm,2024-04-11,0.009999999999999787,0.005188500043004751,1,1,0.48114999569950356,-0.48114999569950356,flat,flat
daily_lstm,2024-04-12,-0.05999999999999961,-0.020511208102107048,0,0,3.948879189789256,3.948879189789256,fall,fall
daily_lstm,2024-04-15,0.1299999999999999,-0.015905946493148804,2,0,14.59059464931487,-14.59059464931487,rise,fall
daily_lstm,2024-04-16,0.040000000000000036,0.005595254711806774,2,1,3.440474528819326,-3.440474528819326,rise,flat
daily_lstm,2024-04-17,-0.08000000000000007,-0.006216139532625675,0,1,7.37838604673744,7.37838604673744,fall,flat
daily_lstm,2024-04-18,0.04999999999999982,-0.015556568279862404,2,0,6.555656827986223,-6.555656827986223,rise,fall
daily_lstm,2024-04-19,-0.019999999999999574,-0.0010387878865003586,0,1,1.8961212113499215,1.8961212113499215,fall,flat
daily_lstm,2024-04-22,0.0,-0.011547700501978397,1,0,1.1547700501978397,-1.1547700501978397,flat,fall
daily_lstm,2024-04-23,-0.009999999999999787,-0.01038585975766182,1,0,0.03858597576620326,-0.03858597576620326,flat,fall
daily_lstm,2024-04-24,0.040000000000000036,-0.006097766105085611,2,1,4.609776610508565,-4.609776610508565,rise,flat
daily_lstm,2024-04-25,0.04999999999999982,-0.0063639115542173386,2,1,5.636391155421716,-5.636391155421716,rise,flat
daily_lstm,2024-04-26,-0.03000000000000025,-0.005098188761621714,0,1,2.4901811238378535,2.4901811238378535,fall,flat
daily_lstm,2024-04-29,-0.040000000000000036,-0.014440324157476425,0,0,2.555967584252361,2.555967584252361,fall,fall
daily_lstm,2024-04-30,0.0600000000000005,-0.0148769561201334,2,0,7.48769561201339,-7.48769561201339,rise,fall
daily_lstm,2024-05-01,-0.0600000000000005,-1.0180539902648889e-05,0,1,5.998981946009785,5.998981946009785,fall,flat
daily_lstm,2024-05-02,-0.04999999999999982,-0.01645735651254654,0,0,3.3542643487453283,3.3542643487453283,fall,fall
daily_lstm,2024-05-03,-0.08000000000000007,-0.010204616002738476,0,0,6.9795383997261595,6.9795383997261595,fall,fall
daily_lstm,2024-05-06,-0.009999999999999787,-0.008610274642705917,1,1,0.13897253572938695,0.13897253572938695,flat,flat
daily_lstm,2024-05-07,-0.020000000000000462,-0.0027737333439290524,0,1,1.722626665607141,1.722626665607141,fall,flat
daily_lstm,2024-05-08,0.010000000000000675,-0.0016983876703307033,2,1,1.1698387670331378,-1.1698387670331378,rise,flat
daily_lstm,2024-05-09,-0.03000000000000025,-0.0030716571491211653,0,1,2.6928342850879083,2.6928342850879083,fall,flat
daily_lstm,2024-05-10,0.04999999999999982,-0.00724829314276576,2,1,5.724829314276558,-5.724829314276558,rise,flat
daily_lstm,2024-05-13,-0.019999999999999574,0.0005233348929323256,0,1,2.05233348929319,2.05233348929319,fall,flat
daily_lstm,2024-05-14,-0.03000000000000025,-0.012142368592321873,0,0,1.7857631407678376,1.7857631407678376,fall,fall
daily_lstm,2024-05-15,-0.08999999999999986,-0.008368490263819695,0,1,8.163150973618016,8.163150973618016,fall,flat
daily_lstm,2024-05-16,0.019999999999999574,-0.010396082885563374,2,0,3.0396082885562947,-3.0396082885562947,rise,fall
daily_lstm,2024-05-17,0.040000000000000036,0.0034909038804471493,2,1,3.6509096119552886,-3.6509096119552886,rise,flat
daily_lstm,2024-05-20,0.020000000000000462,0.000658455363009125,2,1,1.9341544636991337,-1.9341544636991337,rise,flat
daily_lstm,2024-05-21,-0.03000000000000025,-0.006200968753546476,0,1,2.3799031246453772,2.3799031246453772,fall,flat
daily_lstm,2024-05-22,0.019999999999999574,-0.011245767585933208,2,0,3.124576758593278,-3.124576758593278,rise,fall
daily_lstm,2024-05-23,0.040000000000000036,-0.0033961201552301645,2,1,4.33961201552302,-4.33961201552302,rise,flat
daily_lstm,2024-05-24,-0.009999999999999787,-0.001675943611189723,1,1,0.8324056388810064,0.8324056388810064,flat,flat
daily_lstm,2024-05-28,0.08000000000000007,-0.00901800487190485,2,1,8.901800487190492,-8.901800487190492,rise,flat
daily_lstm,2024-05-29,0.07000000000000028,-0.003171862568706274,2,1,7.317186256870656,-7.317186256870656,rise,flat
daily_lstm,2024-05-30,-0.0600000000000005,-0.0060106306336820126,0,1,5.3989369366318485,5.3989369366318485,fall,flat
daily_lstm,2024-05-31,-0.040000000000000036,-0.019662829115986824,0,0,2.033717088401321,2.033717088401321,fall,fall
daily_lstm,2024-06-03,-0.09999999999999964,-0.012074021622538567,0,0,8.792597837746108,8.792597837746108,fall,fall
daily_lstm,2024-06-04,-0.08000000000000007,-0.005561221856623888,0,1,7.443877814337618,7.443877814337618,fall,flat
daily_lstm,2024-06-05,-0.040000000000000036,0.0009444515453651547,0,1,4.094445154536519,4.094445154536519,fall,flat
daily_lstm,2024-06-06,-0.009999999999999787,0.0019052507122978568,1,1,1.1905250712297644,1.1905250712297644,flat,flat
daily_lstm,2024-06-07,0.14999999999999947,0.0010091298026964068,2,1,14.899087019730306,-14.899087019730306,rise,flat
daily_lstm,2024-06-10,0.040000000000000036,0.012364068999886513,2,2,2.7635931000113523,-2.7635931000113523,rise,rise
daily_lstm,2024-06-11,-0.08000000000000007,-0.010487472638487816,0,0,6.9512527361512255,6.9512527361512255,fall,fall
daily_lstm,2024-06-12,-0.08000000000000007,-0.012054451741278172,0,0,6.79455482587219,6.79455482587219,fall,fall
daily_lstm,2024-06-13,-0.0699999999999994,-0.00865519791841507,0,1,6.134480208158433,6.134480208158433,fall,flat
daily_lstm,2024-06-14,-0.040000000000000036,-0.005075754132121801,0,1,3.4924245867878234,3.4924245867878234,fall,flat
daily_lstm,2024-06-17,0.08000000000000007,0.0022058489266783,2,1,7.779415107332177,-7.779415107332177,rise,flat
daily_lstm,2024-06-18,-0.0600000000000005,0.009564285166561604,0,1,6.95642851665621,6.95642851665621,fall,flat
daily_lstm,2024-06-20,0.03000000000000025,-0.010286347009241581,2,0,4.028634700924183,-4.028634700924183,rise,fall
daily_lstm,2024-06-21,0.0,-0.0008556637912988663,1,1,0.08556637912988663,-0.08556637912988663,flat,flat
daily_lstm,2024-06-24,0.0,-0.005623997189104557,1,1,0.5623997189104557,-0.5623997189104557,flat,flat
daily_lstm,2024-06-25,-0.019999999999999574,-0.006076334975659847,0,1,1.3923665024339726,1.3923665024339726,fall,flat
daily_lstm,2024-06-26,0.08999999999999986,-0.006327587645500898,2,1,9.632758764550076,-9.632758764550076,rise,flat
daily_lstm,2024-06-27,-0.03000000000000025,0.0025780422147363424,0,1,3.257804221473659,3.257804221473659,fall,flat
daily_lstm,2024-06-28,0.07000000000000028,-0.016403451561927795,2,0,8.640345156192808,-8.640345156192808,rise,fall
daily_lstm,2024-07-01,0.1200000000000001,-0.0071349116042256355,2,1,12.713491160422574,-12.713491160422574,rise,flat
daily_lstm,2024-07-02,-0.05000000000000071,-0.007836022414267063,0,1,4.216397758573365,4.216397758573365,fall,flat
daily_lstm,2024-07-03,-0.0699999999999994,-0.022618332877755165,0,0,4.738166712224423,4.738166712224423,fall,fall
daily_lstm,2024-07-05,-0.08000000000000007,-0.01641910709440708,0,0,6.358089290559299,6.358089290559299,fall,fall
daily_lstm,2024-07-08,0.0,-0.011008634231984615,1,0,1.1008634231984615,-1.1008634231984615,flat,fall
daily_lstm,2024-07-09,0.019999999999999574,-0.0025615377817302942,2,1,2.256153778172987,-2.256153778172987,rise,flat
daily_lstm,2024-07-10,-0.019999999999999574,-0.00014481945254374295,0,1,1.985518054745583,1.985518054745583,fall,flat
daily_lstm,2024-07-11,-0.08000000000000007,-0.005978570319712162,0,1,7.402142968028791,7.402142968028791,fall,flat
daily_lstm,2024-07-12,-0.020000000000000462,-0.018007701262831688,0,0,0.1992298737168774,0.1992298737168774,fall,fall
daily_lstm,2024-07-15,0.05000000000000071,-0.007193055935204029,2,1,5.719305593520474,-5.719305593520474,rise,flat
daily_lstm,2024-07-16,-0.0600000000000005,-0.002397214062511921,0,1,5.760278593748858,5.760278593748858,fall,flat
daily_lstm,2024-07-17,-0.009999999999999787,-0.007037932984530926,1,1,0.2962067015468861,0.2962067015468861,flat,flat
daily_lstm,2024-07-18,0.040000000000000036,-0.0040253824554383755,2,1,4.402538245543841,-4.402538245543841,rise,flat
daily_lstm,2024-07-19,0.04999999999999982,-0.001100574852898717,2,1,5.110057485289854,-5.110057485289854,rise,flat
daily_lstm,2024-07-22,0.009999999999999787,-0.004087896551936865,1,1,1.4087896551936652,-1.4087896551936652,flat,flat
daily_lstm,2024-07-23,-0.009999999999999787,-0.011403790675103664,1,0,0.14037906751038776,-0.14037906751038776,flat,fall
daily_lstm,2024-07-24,0.03000000000000025,-0.013065051287412643,2,0,4.306505128741289,-4.306505128741289,rise,fall
daily_lstm,2024-07-25,-0.010000000000000675,-0.015075702220201492,0,0,0.5075702220200817,-0.5075702220200817,fall,fall
daily_lstm,2024-07-26,-0.0699999999999994,-0.009576191194355488,0,1,6.042380880564391,6.042380880564391,fall,flat
daily_lstm,2024-07-29,-0.03000000000000025,-0.01445771474391222,0,0,1.5542285256088029,1.5542285256088029,fall,fall
daily_lstm,2024-07-30,-0.019999999999999574,-0.005547699052840471,0,1,1.4452300947159102,1.4452300947159102,fall,flat
daily_lstm,2024-07-31,-0.0600000000000005,-0.0042818221263587475,0,1,5.571817787364175,5.571817787364175,fall,flat
daily_lstm,2024-08-01,-0.09999999999999964,-0.007187867071479559,0,1,9.281213292852009,9.281213292852009,fall,flat
daily_lstm,2024-08-02,-0.1900000000000004,-0.010623740032315254,0,0,17.937625996768514,17.937625996768514,fall,fall
daily_lstm,2024-08-05,-0.020000000000000018,-0.023413727059960365,0,0,0.34137270599603475,-0.34137270599603475,fall,fall
daily_lstm,2024-08-06,0.1200000000000001,-0.01330681424587965,2,0,13.330681424587976,-13.330681424587976,rise,fall
daily_lstm,2024-08-07,0.06000000000000005,0.002747658407315612,2,1,5.725234159268444,-5.725234159268444,rise,flat
daily_lstm,2024-08-08,0.03000000000000025,-0.003722721477970481,2,1,3.372272147797073,-3.372272147797073,rise,flat
daily_lstm,2024-08-09,-0.050000000000000266,-0.006018040701746941,0,1,4.398195929825333,4.398195929825333,fall,flat
daily_lstm,2024-08-12,-0.040000000000000036,-0.00818750262260437,0,1,3.1812497377395665,3.1812497377395665,fall,flat
daily_lstm,2024-08-13,-0.04999999999999982,-0.006576826795935631,0,1,4.342317320406419,4.342317320406419,fall,flat
daily_lstm,2024-08-14,-0.020000000000000018,-0.00839777011424303,0,1,1.1602229885756987,1.1602229885756987,fall,flat
daily_lstm,2024-08-15,0.08999999999999986,0.00254977960139513,2,1,8.745022039860473,-8.745022039860473,rise,flat
daily_lstm,2024-08-16,-0.029999999999999805,0.010097256861627102,0,2,4.009725686162691,4.009725686162691,fall,rise
daily_lstm,2024-08-19,-0.03000000000000025,-0.00981674063950777,0,1,2.018325936049248,2.018325936049248,fall,flat
daily_lstm,2024-08-20,-0.040000000000000036,-0.0025520469062030315,0,1,3.7447953093797004,3.7447953093797004,fall,flat
daily_lstm,2024-08-21,-0.029999999999999805,-0.0039154174737632275,0,1,2.6084582526236577,2.6084582526236577,fall,flat
daily_lstm,2024-08-22,0.06999999999999984,-0.007240151055157185,2,1,7.7240151055157025,-7.7240151055157025,rise,flat
daily_lstm,2024-08-23,-0.04999999999999982,0.0038542579859495163,0,1,5.385425798594934,5.385425798594934,fall,flat
daily_lstm,2024-08-26,0.009999999999999787,-0.01486114040017128,1,0,2.4861140400171067,-2.4861140400171067,flat,fall
daily_lstm,2024-08-27,0.010000000000000231,-0.0033755020704120398,2,1,1.337550207041227,-1.337550207041227,rise,flat
daily_lstm,2024-08-28,0.009999999999999787,-0.004602375905960798,1,1,1.4602375905960585,-1.4602375905960585,flat,flat
daily_lstm,2024-08-29,0.03000000000000025,-0.004877938888967037,2,1,3.4877938888967286,-3.4877938888967286,rise,flat
daily_lstm,2024-08-30,0.040000000000000036,-0.002245548414066434,2,1,4.224554841406647,-4.224554841406647,rise,flat
daily_lstm,2024-09-03,-0.07000000000000028,-0.005550488363951445,0,1,6.444951163604884,6.444951163604884,fall,flat
daily_lstm,2024-09-04,-0.06999999999999984,-0.012316079810261726,0,0,5.768392018973811,5.768392018973811,fall,fall
daily_lstm,2024-09-05,-0.040000000000000036,-0.011459632776677608,0,0,2.8540367223322427,2.8540367223322427,fall,fall
daily_lstm,2024-09-06,-0.009999999999999787,-0.0028867824003100395,1,1,0.7113217599689747,0.7113217599689747,flat,flat
daily_lstm,2024-09-09,-0.020000000000000018,-0.008433768525719643,0,1,1.1566231474280375,1.1566231474280375,fall,flat
daily_lstm,2024-09-10,-0.050000000000000266,-0.003264353144913912,0,1,4.6735646855086355,4.6735646855086355,fall,flat
daily_lstm,2024-09-11,0.0,-0.007400740869343281,1,1,0.7400740869343281,-0.7400740869343281,flat,flat
daily_lstm,2024-09-12,0.03000000000000025,-0.0015255010221153498,2,1,3.15255010221156,-3.15255010221156,rise,flat
daily_lstm,2024-09-13,-0.020000000000000018,-0.004572065081447363,0,1,1.5427934918552655,1.5427934918552655,fall,flat
daily_lstm,2024-09-16,-0.03000000000000025,-0.01579163782298565,0,0,1.42083621770146,1.42083621770146,fall,fall
daily_lstm,2024-09-17,0.020000000000000018,-0.011848400346934795,2,0,3.1848400346934813,-3.1848400346934813,rise,fall
daily_lstm,2024-09-18,0.050000000000000266,-0.002790316939353943,2,1,5.279031693935421,-5.279031693935421,rise,flat
daily_lstm,2024-09-19,0.029999999999999805,-0.007911729626357555,2,1,3.791172962635736,-3.791172962635736,rise,flat
daily_lstm,2024-09-20,0.0,-0.00966791994869709,1,1,0.966791994869709,-0.966791994869709,flat,flat
daily_lstm,2024-09-23,0.020000000000000018,-0.011265006847679615,2,0,3.1265006847679633,-3.1265006847679633,rise,fall
daily_lstm,2024-09-24,-0.009999999999999787,-0.008742431178689003,1,1,0.12575688213107838,0.12575688213107838,flat,flat
daily_lstm,2024-09-25,0.04999999999999982,-0.012169587425887585,2,0,6.216958742588741,-6.216958742588741,rise,fall
daily_lstm,2024-09-26,0.0,-0.006494904402643442,1,1,0.6494904402643442,-0.6494904402643442,flat,flat
daily_lstm,2024-09-27,-0.040000000000000036,-0.0033720971550792456,0,1,3.662790284492079,3.662790284492079,fall,flat
daily_lstm,2024-09-30,0.06000000000000005,-0.013177379034459591,2,0,7.317737903445964,-7.317737903445964,rise,fall
daily_lstm,2024-10-01,-0.06999999999999984,0.001805318403057754,0,1,7.180531840305759,7.180531840305759,fall,flat
daily_lstm,2024-10-02,0.04999999999999982,-0.01008967962116003,2,0,6.008967962115985,-6.008967962115985,rise,fall
daily_lstm,2024-10-03,0.06000000000000005,0.002269546501338482,2,1,5.773045349866157,-5.773045349866157,rise,flat
daily_lstm,2024-10-04,0.1299999999999999,0.004036974161863327,2,1,12.596302583813657,-12.596302583813657,rise,flat
daily_lstm,2024-10-07,0.050000000000000266,0.004655900411307812,2,1,4.5344099588692455,-4.5344099588692455,rise,flat
daily_lstm,2024-10-08,0.009999999999999787,-0.005512756295502186,1,1,1.5512756295501973,-1.5512756295501973,flat,flat
daily_lstm,2024-10-09,0.019999999999999574,-0.012340689077973366,2,0,3.234068907797294,-3.234068907797294,rise,fall
daily_lstm,2024-10-10,0.03000000000000025,-0.002094190800562501,2,1,3.209419080056275,-3.209419080056275,rise,flat
daily_lstm,2024-10-11,-0.009999999999999787,-0.006242415867745876,1,1,0.37575841322539105,0.37575841322539105,flat,flat
daily_lstm,2024-10-15,-0.04999999999999982,-0.011447449214756489,0,0,3.8552550785243334,3.8552550785243334,fall,fall
daily_lstm,2024-10-16,-0.010000000000000675,-0.003682647366076708,0,1,0.6317352633923967,0.6317352633923967,fall,flat
daily_lstm,2024-10-17,0.07000000000000028,-0.0007217764505185187,2,1,7.07217764505188,-7.07217764505188,rise,flat
daily_lstm,2024-10-18,-0.009999999999999787,0.0035503909457474947,1,1,1.3550390945747282,1.3550390945747282,flat,flat
daily_lstm,2024-10-21,0.11000000000000032,-0.009269745089113712,2,1,11.926974508911403,-11.926974508911403,rise,flat
daily_lstm,2024-10-22,0.009999999999999787,-0.000840444234199822,1,1,1.0840444234199609,-1.0840444234199609,flat,flat
daily_lstm,2024-10-23,0.040000000000000036,-0.011553535237908363,2,0,5.15535352379084,-5.15535352379084,rise,fall
daily_lstm,2024-10-24,-0.03000000000000025,-0.005748022813349962,0,1,2.4251977186650286,2.4251977186650286,fall,flat
daily_lstm,2024-10-25,0.040000000000000036,-0.01295608188956976,2,0,5.2956081889569795,-5.2956081889569795,rise,fall
daily_lstm,2024-10-28,0.03000000000000025,-0.004019289277493954,2,1,3.4019289277494202,-3.4019289277494202,rise,flat
daily_lstm,2024-10-29,0.0,-0.005130771081894636,1,1,0.5130771081894636,-0.5130771081894636,flat,flat
daily_lstm,2024-10-30,0.009999999999999787,-0.005954293999820948,1,1,1.5954293999820734,-1.5954293999820734,flat,flat
daily_lstm,2024-10-31,-0.009999999999999787,-0.003170207142829895,1,1,0.6829792857169892,0.6829792857169892,flat,flat
daily_lstm,2024-11-01,0.08999999999999986,-0.005794215947389603,2,1,9.579421594738946,-9.579421594738946,rise,flat
daily_lstm,2024-11-04,-0.0600000000000005,-0.002871475648134947,0,1,5.712852435186555,5.712852435186555,fall,flat
daily_lstm,2024-11-05,-0.04999999999999982,-0.01144983060657978,0,0,3.855016939342004,3.855016939342004,fall,fall
daily_lstm,2024-11-06,0.16000000000000014,-0.0028611139860004187,2,1,16.286111398600056,-16.286111398600056,rise,flat
daily_lstm,2024-11-07,-0.11000000000000032,0.008558586239814758,0,1,11.855858623981508,11.855858623981508,fall,flat
daily_lstm,2024-11-08,-0.009999999999999787,-0.013743937946856022,1,0,0.3743937946856235,-0.3743937946856235,flat,fall
daily_lstm,2024-11-12,0.1299999999999999,0.002335224999114871,2,1,12.766477500088502,-12.766477500088502,rise,flat
daily_lstm,2024-11-13,0.010000000000000675,0.00959743931889534,2,1,0.040256068110533505,-0.040256068110533505,rise,flat
daily_lstm,2024-11-14,-0.010000000000000675,-0.0180180836468935,0,0,0.8018083646892826,-0.8018083646892826,fall,fall
daily_lstm,2024-11-15,0.0,-0.006457986310124397,1,1,0.6457986310124397,-0.6457986310124397,flat,flat
daily_lstm,2024-11-18,-0.009999999999999787,-0.01152811199426651,1,0,0.15281119942667232,-0.15281119942667232,flat,fall
daily_lstm,2024-11-19,-0.03000000000000025,-0.010237510316073895,0,0,1.9762489683926354,1.9762489683926354,fall,fall
daily_lstm,2024-11-20,0.020000000000000462,-0.006618342362344265,2,1,2.6618342362344727,-2.6618342362344727,rise,flat
daily_lstm,2024-11-21,0.019999999999999574,-0.001832844689488411,2,1,2.1832844689487985,-2.1832844689487985,rise,flat
daily_lstm,2024-11-22,-0.019999999999999574,-0.004774052649736404,0,1,1.522594735026317,1.522594735026317,fall,flat
daily_lstm,2024-11-25,-0.14000000000000057,-0.007541777566075325,0,1,13.245822243392524,13.245822243392524,fall,flat
daily_lstm,2024-11-26,0.03000000000000025,-0.004643670748919249,2,1,3.4643670748919497,-3.4643670748919497,rise,flat
daily_lstm,2024-11-27,-0.04999999999999982,0.0005395818734541535,0,1,5.053958187345398,5.053958187345398,fall,flat
daily_lstm,2024-11-29,-0.07000000000000028,-0.006272330414503813,0,1,6.372766958549647,6.372766958549647,fall,flat
daily_lstm,2024-12-02,0.010000000000000675,-0.0034447917714715004,2,1,1.3444791771472175,-1.3444791771472175,rise,flat
daily_lstm,2024-12-03,0.040000000000000036,0.00014205777551978827,2,1,3.9857942224480247,-3.9857942224480247,rise,flat
daily_lstm,2024-12-04,-0.040000000000000036,-0.003576665185391903,0,1,3.6423334814608133,3.6423334814608133,fall,flat
daily_lstm,2024-12-05,-0.020000000000000462,-0.010918177664279938,0,0,0.9081822335720524,0.9081822335720524,fall,fall
daily_lstm,2024-12-06,-0.019999999999999574,-0.00799395889043808,0,1,1.2006041109561494,1.2006041109561494,fall,flat
daily_lstm,2024-12-09,0.04999999999999982,-0.013377579860389233,2,0,6.3377579860389055,-6.3377579860389055,rise,fall
daily_lstm,2024-12-10,0.019999999999999574,-0.006314827594906092,2,1,2.6314827594905665,-2.6314827594905665,rise,flat
daily_lstm,2024-12-11,0.040000000000000036,-0.009412821382284164,2,1,4.94128213822842,-4.94128213822842,rise,flat
daily_lstm,2024-12-12,0.0600000000000005,-0.011882279999554157,2,0,7.1882279999554655,-7.1882279999554655,rise,fall
daily_lstm,2024-12-13,0.08000000000000007,-0.013632931746542454,2,0,9.363293174654252,-9.363293174654252,rise,fall
daily_lstm,2024-12-16,-0.010000000000000675,-0.013544119894504547,0,0,0.3544119894503872,-0.3544119894503872,fall,fall
daily_lstm,2024-12-17,0.010000000000000675,-0.01641850732266903,2,0,2.6418507322669704,-2.6418507322669704,rise,fall
daily_lstm,2024-12-18,0.09999999999999964,-0.010242505930364132,2,0,11.024250593036378,-11.024250593036378,rise,fall
daily_lstm,2024-12-19,0.07000000000000028,-9.83045538305305e-05,2,1,7.0098304553830815,-7.0098304553830815,rise,flat
daily_lstm,2024-12-20,-0.05000000000000071,-0.014516915194690228,0,0,3.5483084805310483,3.5483084805310483,fall,fall
daily_lstm,2024-12-23,0.07000000000000028,-0.020972566679120064,2,0,9.097256667912035,-9.097256667912035,rise,fall
daily_lstm,2024-12-24,0.0,-0.007081134710460901,1,1,0.7081134710460901,-0.7081134710460901,flat,flat
daily_lstm,2024-12-26,-0.009999999999999787,-0.011688168160617352,1,0,0.16881681606175647,-0.16881681606175647,flat,fall
daily_lstm,2024-12-27,0.040000000000000036,-0.016512565314769745,2,0,5.651256531476978,-5.651256531476978,rise,fall
daily_lstm,2024-12-30,-0.07000000000000028,-0.016377758234739304,0,0,5.362224176526098,5.362224176526098,fall,fall
daily_lstm,2024-12-31,0.03000000000000025,-0.01435901504009962,2,0,4.435901504009987,-4.435901504009987,rise,fall
daily_lstm,2025-01-02,-0.009999999999999787,-0.00629023602232337,1,1,0.3709763977676417,0.3709763977676417,flat,flat
daily_lstm,2025-01-03,0.02999999999999936,-0.010281844064593315,2,0,4.028184406459268,-4.028184406459268,rise,fall
daily_lstm,2025-01-06,0.020000000000000462,-0.009614414535462856,2,1,2.961441453546332,-2.961441453546332,rise,flat
daily_lstm,2025-01-07,0.04999999999999982,-0.012618279084563255,2,0,6.261827908456308,-6.261827908456308,rise,fall
daily_lstm,2025-01-08,0.0,-0.011419476941227913,1,0,1.1419476941227913,-1.1419476941227913,flat,fall
daily_lstm,2025-01-09,0.009999999999999787,-0.015494965016841888,1,0,2.5494965016841675,-2.5494965016841675,flat,fall
daily_lstm,2025-01-10,0.08999999999999986,-0.014986986294388771,2,0,10.498698629438863,-10.498698629438863,rise,fall
daily_lstm,2025-01-13,0.020000000000000462,-0.0048271724954247475,2,1,2.482717249542521,-2.482717249542521,rise,flat
daily_lstm,2025-01-14,-0.009999999999999787,-0.018698837608098984,1,0,0.8698837608099197,-0.8698837608099197,flat,fall
daily_lstm,2025-01-15,-0.1200000000000001,-0.019538715481758118,0,0,10.046128451824199,10.046128451824199,fall,fall
daily_lstm,2025-01-16,-0.04999999999999982,-0.011791818775236607,0,0,3.8208181224763216,3.8208181224763216,fall,fall
daily_lstm,2025-01-17,0.0,-0.003358833258971572,1,1,0.3358833258971572,-0.3358833258971572,flat,flat
daily_lstm,2025-01-21,-0.040000000000000036,0.0012087272480130196,0,1,4.1208727248013055,4.1208727248013055,fall,flat
daily_lstm,2025-01-22,0.02999999999999936,-0.002866125199943781,2,1,3.286612519994314,-3.286612519994314,rise,flat
daily_lstm,2025-01-23,0.05000000000000071,0.000989181688055396,2,1,4.9010818311945314,-4.9010818311945314,rise,flat
daily_lstm,2025-01-24,-0.020000000000000462,-0.0038552263285964727,0,1,1.614477367140399,1.614477367140399,fall,flat
daily_lstm,2025-01-27,-0.09999999999999964,-0.010417710989713669,0,0,8.958228901028598,8.958228901028598,fall,fall
daily_lstm,2025-01-28,0.019999999999999574,-0.009634891524910927,2,1,2.96348915249105,-2.96348915249105,rise,flat
daily_lstm,2025-01-29,0.0,-0.00521541852504015,1,1,0.521541852504015,-0.521541852504015,flat,flat
daily_lstm,2025-01-30,-0.03000000000000025,-0.004773521330207586,0,1,2.5226478669792662,2.5226478669792662,fall,flat
daily_lstm,2025-01-31,0.0600000000000005,-0.00853721983730793,2,1,6.853721983730843,-6.853721983730843,rise,flat
daily_lstm,2025-02-03,-0.040000000000000036,-0.003654837142676115,0,1,3.634516285732392,3.634516285732392,fall,flat
daily_lstm,2025-02-04,-0.020000000000000462,-0.004404501058161259,0,1,1.5595498941839203,1.5595498941839203,fall,flat
daily_lstm,2025-02-05,-0.08999999999999986,-0.005708860699087381,0,1,8.429113930091248,8.429113930091248,fall,flat
daily_lstm,2025-02-06,0.020000000000000462,-0.001266107545234263,2,1,2.1266107545234725,-2.1266107545234725,rise,flat
daily_lstm,2025-02-07,0.040000000000000036,0.00586587842553854,2,1,3.4134121574461496,-3.4134121574461496,rise,flat
daily_lstm,2025-02-10,0.019999999999999574,0.0036305668763816357,2,1,1.6369433123617938,-1.6369433123617938,rise,flat
daily_lstm,2025-02-11,0.03000000000000025,-0.006879940629005432,2,1,3.687994062900568,-3.687994062900568,rise,flat
daily_lstm,2025-02-12,0.08000000000000007,-0.006421030033379793,2,1,8.642103003337986,-8.642103003337986,rise,flat
daily_lstm,2025-02-13,-0.10000000000000053,-0.004477059468626976,0,1,9.552294053137356,9.552294053137356,fall,flat
daily_lstm,2025-02-14,-0.04999999999999982,-0.0148495277389884,0,0,3.5150472261011423,3.5150472261011423,fall,fall
daily_lstm,2025-02-18,0.08000000000000007,-0.007997148670256138,2,1,8.799714867025621,-8.799714867025621,rise,flat
daily_lstm,2025-02-19,-0.019999999999999574,0.0008906243601813912,0,1,2.0890624360180965,2.0890624360180965,fall,flat
daily_lstm,2025-02-20,-0.03000000000000025,-0.010431916452944279,0,0,1.956808354705597,1.956808354705597,fall,fall
daily_lstm,2025-02-21,-0.08000000000000007,-0.011501781642436981,0,0,6.849821835756309,6.849821835756309,fall,fall
daily_lstm,2025-02-24,-0.019999999999999574,-0.010133733041584492,0,0,0.9866266958415082,0.9866266958415082,fall,fall
daily_lstm,2025-02-25,-0.10000000000000053,-0.0016611629398539662,0,1,9.833883706014657,9.833883706014657,fall,flat
daily_lstm,2025-02-26,-0.04999999999999982,-0.001939007663168013,0,1,4.806099233683181,4.806099233683181,fall,flat
daily_lstm,2025-02-27,0.040000000000000036,0.002802679780870676,2,1,3.719732021912936,-3.719732021912936,rise,flat
daily_lstm,2025-02-28,-0.04999999999999982,0.007172688841819763,0,1,5.7172688841819586,5.7172688841819586,fall,flat
daily_lstm,2025-03-03,-0.08000000000000007,-0.00360886100679636,0,1,7.639113899320371,7.639113899320371,fall,flat
daily_lstm,2025-03-04,0.05999999999999961,-0.0020160458516329527,2,1,6.201604585163256,-6.201604585163256,rise,flat
daily_lstm,2025-03-05,0.0600000000000005,-0.0005911064217798412,2,1,6.059110642178034,-6.059110642178034,rise,flat
daily_lstm,2025-03-06,0.009999999999999787,-0.0009309958550147712,1,1,1.0930995855014558,-1.0930995855014558,flat,flat
daily_lstm,2025-03-07,0.03000000000000025,-0.013461293652653694,2,0,4.346129365265394,-4.346129365265394,rise,fall
daily_lstm,2025-03-10,-0.10000000000000053,-0.011133543215692043,0,0,8.886645678430849,8.886645678430849,fall,fall
daily_lstm,2025-03-11,0.0600000000000005,-0.01695648953318596,2,0,7.695648953318646,-7.695648953318646,rise,fall
daily_lstm,2025-03-12,0.040000000000000036,-0.0032114761415868998,2,1,4.3211476141586935,-4.3211476141586935,rise,flat
daily_lstm,2025-03-13,-0.05000000000000071,-0.003998191561549902,0,1,4.600180843845081,4.600180843845081,fall,flat
daily_lstm,2025-03-14,0.040000000000000036,-0.014290041290223598,2,0,5.429004129022363,-5.429004129022363,rise,fall
daily_lstm,2025-03-17,0.0,-0.0022273443173617125,1,1,0.22273443173617125,-0.22273443173617125,flat,flat
daily_lstm,2025-03-18,-0.019999999999999574,-0.003162223380059004,0,1,1.683777661994057,1.683777661994057,fall,flat
daily_lstm,2025-03-19,-0.040000000000000036,-0.0029180662240833044,0,1,3.708193377591673,3.708193377591673,fall,flat
daily_lstm,2025-03-20,-0.009999999999999787,-0.004402483813464642,1,1,0.5597516186535145,0.5597516186535145,flat,flat
daily_lstm,2025-03-21,0.009999999999999787,-0.0030791875906288624,1,1,1.307918759062865,-1.307918759062865,flat,flat
daily_lstm,2025-03-24,0.08999999999999986,-0.0059574623592197895,2,1,9.595746235921965,-9.595746235921965,rise,flat
daily_lstm,2025-03-25,-0.03000000000000025,-0.0005975030944682658,0,1,2.9402496905531983,2.9402496905531983,fall,flat
daily_lstm,2025-03-26,0.040000000000000036,-0.01343423593789339,2,0,5.343423593789343,-5.343423593789343,rise,fall
daily_lstm,2025-03-27,0.03000000000000025,-0.008676618337631226,2,1,3.8676618337631474,-3.8676618337631474,rise,flat
daily_lstm,2025-03-28,-0.11000000000000032,-0.009886078536510468,0,1,10.011392146348985,10.011392146348985,fall,flat
daily_lstm,2025-03-31,-0.03999999999999915,-0.012044488452374935,0,0,2.795551154762421,2.795551154762421,fall,fall
daily_lstm,2025-04-01,-0.0600000000000005,-0.004239244852215052,0,1,5.576075514778545,5.576075514778545,fall,flat
daily_lstm,2025-04-02,0.03000000000000025,-0.0011538536055013537,2,1,3.1153853605501602,-3.1153853605501602,rise,flat
daily_lstm,2025-04-03,-0.14000000000000057,0.006085259839892387,0,1,14.608525983989296,14.608525983989296,fall,flat
daily_lstm,2025-04-04,-0.04999999999999982,-0.0007835067226551473,0,1,4.9216493277344675,4.9216493277344675,fall,flat
daily_lstm,2025-04-07,0.14000000000000057,-0.0010479581542313099,2,1,14.104795815423188,-14.104795815423188,rise,flat
daily_lstm,2025-04-08,0.10999999999999943,0.006578479893505573,2,1,10.342152010649386,-10.342152010649386,rise,flat
daily_lstm,2025-04-09,0.08000000000000007,-0.0002633666153997183,2,1,8.026336661539979,-8.026336661539979,rise,flat
daily_lstm,2025-04-10,0.0600000000000005,-0.00020919478265568614,2,1,6.020919478265618,-6.020919478265618,rise,flat
daily_lstm,2025-04-11,0.08000000000000007,-0.02695731446146965,2,0,10.695731446146972,-10.695731446146972,rise,fall
daily_lstm,2025-04-14,-0.10000000000000053,-0.0038514321204274893,0,1,9.614856787957304,9.614856787957304,fall,flat
daily_lstm,2025-04-15,-0.03000000000000025,-0.015940627083182335,0,0,1.4059372916817914,1.4059372916817914,fall,fall
daily_lstm,2025-04-16,-0.05999999999999961,-0.005515881814062595,0,1,5.448411818593701,5.448411818593701,fall,flat
daily_lstm,2025-04-17,0.04999999999999982,-0.00024388615565840155,2,1,5.024388615565822,-5.024388615565822,rise,flat
daily_lstm,2025-04-21,0.08000000000000007,0.003507771762087941,2,1,7.649222823791213,-7.649222823791213,rise,flat
daily_lstm,2025-04-22,-0.009999999999999787,-0.001493999850936234,1,1,0.8506000149063553,0.8506000149063553,flat,flat
daily_lstm,2025-04-23,-0.009999999999999787,-0.0007483423687517643,1,1,0.9251657631248023,0.9251657631248023,flat,flat
daily_lstm,2025-04-24,-0.08000000000000007,0.0013449855614453554,0,1,8.134498556144543,8.134498556144543,fall,flat
daily_lstm,2025-04-25,-0.03000000000000025,-0.007311676163226366,0,1,2.2688323836773883,2.2688323836773883,fall,flat
daily_lstm,2025-04-28,-0.05999999999999961,-0.000585446716286242,0,1,5.941455328371337,5.941455328371337,fall,flat
daily_lstm,2025-04-29,-0.040000000000000036,0.0009648355771787465,0,1,4.096483557717878,4.096483557717878,fall,flat
daily_lstm,2025-04-30,-0.020000000000000462,0.001187979825772345,0,1,2.1187979825772807,2.1187979825772807,fall,flat
daily_lstm,2025-05-01,0.08000000000000007,-0.0015372628113254905,2,1,8.153726281132556,-8.153726281132556,rise,flat
daily_lstm,2025-05-02,0.08000000000000007,0.002363399835303426,2,1,7.7636600164696645,-7.7636600164696645,rise,flat
daily_lstm,2025-05-05,0.03000000000000025,0.0009671181323938072,2,1,2.903288186760644,-2.903288186760644,rise,flat
daily_lstm,2025-05-06,-0.0600000000000005,-0.008745767176151276,0,1,5.125423282384922,5.125423282384922,fall,flat
daily_lstm,2025-05-07,-0.040000000000000036,-0.013823917135596275,0,0,2.617608286440376,2.617608286440376,fall,fall
daily_lstm,2025-05-08,0.11000000000000032,-0.0018598889000713825,2,1,11.18598889000717,-11.18598889000717,rise,flat
daily_lstm,2025-05-09,0.0,0.009311037138104439,1,1,0.9311037138104439,0.9311037138104439,flat,flat
daily_lstm,2025-05-12,0.08000000000000007,-0.004861566703766584,2,1,8.486156670376666,-8.486156670376666,rise,flat
daily_lstm,2025-05-13,0.040000000000000036,0.006901691667735577,2,1,3.309830833226446,-3.309830833226446,rise,flat
daily_lstm,2025-05-14,0.040000000000000036,-0.007832602597773075,2,1,4.783260259777311,-4.783260259777311,rise,flat
daily_lstm,2025-05-15,-0.08000000000000007,-0.004810262471437454,0,1,7.518973752856262,7.518973752856262,fall,flat
daily_lstm,2025-05-16,-0.020000000000000462,-0.012321600690484047,0,0,0.7678399309516415,0.7678399309516415,fall,fall
daily_lstm,2025-05-19,0.03000000000000025,-0.0011732735438272357,2,1,3.1173273543827484,-3.1173273543827484,rise,flat
daily_lstm,2025-05-20,0.020000000000000462,0.00052010512445122,2,1,1.9479894875549242,-1.9479894875549242,rise,flat
daily_lstm,2025-05-21,0.09999999999999964,-0.004867302253842354,2,1,10.4867302253842,-10.4867302253842,rise,flat
daily_lstm,2025-05-22,-0.040000000000000036,-0.0046395291574299335,0,1,3.53604708425701,3.53604708425701,fall,flat
daily_lstm,2025-05-23,-0.03000000000000025,-0.011471323668956757,0,0,1.8528676331043492,1.8528676331043492,fall,fall
daily_lstm,2025-05-27,-0.08000000000000007,-0.00825973879545927,0,1,7.17402612045408,7.17402612045408,fall,flat
daily_lstm,2025-05-28,0.040000000000000036,-0.00024372866027988493,2,1,4.024372866027992,-4.024372866027992,rise,flat
daily_lstm,2025-05-29,-0.040000000000000036,0.0028562673833221197,0,1,4.2856267383322155,4.2856267383322155,fall,flat
daily_lstm,2025-05-30,-0.019999999999999574,-0.002396767493337393,0,1,1.760323250666218,1.760323250666218,fall,flat
daily_lstm,2025-06-02,0.04999999999999982,-0.002566792769357562,2,1,5.256679276935738,-5.256679276935738,rise,flat
daily_lstm,2025-06-03,0.0,0.004959626588970423,1,1,0.4959626588970423,0.4959626588970423,flat,flat
daily_lstm,2025-06-04,-0.08999999999999986,-0.0021112030372023582,0,1,8.78887969627975,8.78887969627975,fall,flat
daily_lstm,2025-06-05,0.03000000000000025,-0.005872191861271858,2,1,3.5872191861272107,-3.5872191861272107,rise,flat
daily_lstm,2025-06-06,0.10999999999999943,0.006140777841210365,2,1,10.385922215878907,-10.385922215878907,rise,flat
daily_lstm,2025-06-09,-0.019999999999999574,0.0058858054690063,0,1,2.5885805469005874,2.5885805469005874,fall,flat
daily_lstm,2025-06-10,-0.020000000000000462,-0.010347340255975723,0,0,0.9652659744024739,0.9652659744024739,fall,fall
daily_lstm,2025-06-11,-0.05999999999999961,-0.005560928490012884,0,1,5.4439071509986725,5.4439071509986725,fall,flat
daily_lstm,2025-06-12,-0.04999999999999982,-0.008010637015104294,0,1,4.198936298489553,4.198936298489553,fall,flat
daily_lstm,2025-06-13,0.04999999999999982,-0.00035695574479177594,2,1,5.03569557447916,-5.03569557447916,rise,flat
daily_lstm,2025-06-16,0.04999999999999982,0.003572224173694849,2,1,4.642777582630497,-4.642777582630497,rise,flat
daily_lstm,2025-06-17,-0.07000000000000028,-0.003335573012009263,0,1,6.666442698799102,6.666442698799102,fall,flat
daily_lstm,2025-06-18,-0.009999999999999787,-0.003956450615078211,1,1,0.6043549384921576,0.6043549384921576,flat,flat
daily_lstm,2025-06-20,0.0,-0.0017426657723262906,1,1,0.17426657723262906,-0.17426657723262906,flat,flat
daily_lstm,2025-06-23,-0.040000000000000036,-0.004809091798961163,0,1,3.5190908201038873,3.5190908201038873,fall,flat
daily_lstm,2025-06-24,-0.040000000000000036,-0.008731663227081299,0,1,3.1268336772918737,3.1268336772918737,fall,flat
daily_lstm,2025-06-25,-0.009999999999999787,0.00020368414698168635,1,1,1.0203684146981473,1.0203684146981473,flat,flat
daily_lstm,2025-06-26,-0.03000000000000025,-0.0019475724548101425,0,1,2.8052427545190106,2.8052427545190106,fall,flat
daily_lstm,2025-06-27,0.03000000000000025,-0.0028463019989430904,2,1,3.284630199894334,-3.284630199894334,rise,flat
daily_lstm,2025-06-30,-0.04999999999999982,-0.0009940731106325984,0,1,4.900592688936722,4.900592688936722,fall,flat
daily_lstm,2025-07-01,0.019999999999999574,-0.003743256675079465,2,1,2.374325667507904,-2.374325667507904,rise,flat
daily_lstm,2025-07-02,0.040000000000000036,0.0025505260564386845,2,1,3.744947394356135,-3.744947394356135,rise,flat
daily_lstm,2025-07-03,0.04999999999999982,0.0008545495802536607,2,1,4.914545041974616,-4.914545041974616,rise,flat
daily_lstm,2025-07-07,0.05000000000000071,-0.0018320485251024365,2,1,5.183204852510315,-5.183204852510315,rise,flat
daily_lstm,2025-07-08,0.019999999999999574,-0.006080043967813253,2,1,2.6080043967812827,-2.6080043967812827,rise,flat
daily_lstm,2025-07-09,-0.08000000000000007,-0.00428237859159708,0,1,7.571762140840299,7.571762140840299,fall,flat
daily_lstm,2025-07-10,0.009999999999999787,-0.008517628535628319,1,1,1.8517628535628106,-1.8517628535628106,flat,flat
daily_lstm,2025-07-11,0.08000000000000007,0.002952312584966421,2,1,7.704768741503365,-7.704768741503365,rise,flat
daily_lstm,2025-07-14,0.0,0.0025491106789559126,1,1,0.25491106789559126,0.25491106789559126,flat,flat
daily_lstm,2025-07-15,0.07000000000000028,-0.007008845452219248,2,1,7.700884545221953,-7.700884545221953,rise,flat
daily_lstm,2025-07-16,-0.040000000000000036,-0.0003145136288367212,0,1,3.9685486371163314,3.9685486371163314,fall,flat
daily_lstm,2025-07-17,0.009999999999999787,-0.014955945312976837,1,0,2.4955945312976624,-2.4955945312976624,flat,fall
daily_lstm,2025-07-18,-0.02999999999999936,-0.004796281922608614,0,1,2.5203718077390747,2.5203718077390747,fall,flat
daily_lstm,2025-07-21,-0.0600000000000005,-0.008808033540844917,0,1,5.119196645915558,5.119196645915558,fall,flat
daily_lstm,2025-07-22,-0.03000000000000025,-0.003854136448353529,0,1,2.614586355164672,2.614586355164672,fall,flat
daily_lstm,2025-07-23,0.05000000000000071,0.0010578457731753588,2,1,4.894215422682535,-4.894215422682535,rise,flat
daily_lstm,2025-07-24,0.02999999999999936,0.005292422138154507,2,1,2.4707577861844854,-2.4707577861844854,rise,flat
daily_lstm,2025-07-25,-0.02999999999999936,0.0016711392672732472,0,1,3.1671139267272608,3.1671139267272608,fall,flat
daily_lstm,2025-07-28,0.019999999999999574,-0.004059981554746628,2,1,2.40599815547462,-2.40599815547462,rise,flat
daily_lstm,2025-07-29,-0.08000000000000007,-0.0021041419822722673,0,1,7.78958580177278,7.78958580177278,fall,flat
daily_lstm,2025-07-30,0.040000000000000036,-0.0013873698189854622,2,1,4.13873698189855,-4.13873698189855,rise,flat
daily_lstm,2025-07-31,-0.009999999999999787,0.005755360703915358,1,1,1.5755360703915144,1.5755360703915144,flat,flat
daily_lstm,2025-08-01,-0.13999999999999968,-0.004312598612159491,0,1,13.568740138784019,13.568740138784019,fall,flat
daily_lstm,2025-08-04,-0.010000000000000675,-0.020298199728131294,0,0,1.029819972813062,-1.029819972813062,fall,fall
daily_lstm,2025-08-05,0.0,-0.013137266039848328,1,0,1.3137266039848328,-1.3137266039848328,flat,fall
daily_lstm,2025-08-06,0.0,0.006054512690752745,1,1,0.6054512690752745,0.6054512690752745,flat,flat
daily_lstm,2025-08-07,0.010000000000000675,-0.001232411595992744,2,1,1.123241159599342,-1.123241159599342,rise,flat
daily_lstm,2025-08-08,0.03999999999999915,0.00110156973823905,2,1,3.8898430261760097,-3.8898430261760097,rise,flat
daily_lstm,2025-08-11,0.0,-0.0001904293749248609,1,1,0.01904293749248609,-0.01904293749248609,flat,flat
daily_lstm,2025-08-12,0.020000000000000462,-0.004189649131149054,2,1,2.4189649131149515,-2.4189649131149515,rise,flat
daily_lstm,2025-08-13,-0.04999999999999982,-0.0064330874010920525,0,1,4.356691259890777,4.356691259890777,fall,flat
daily_lstm,2025-08-14,0.04999999999999982,-0.008532446809113026,2,1,5.853244680911285,-5.853244680911285,rise,flat
daily_lstm,2025-08-15,0.040000000000000036,-0.002584894420579076,2,1,4.258489442057911,-4.258489442057911,rise,flat
daily_lstm,2025-08-18,0.009999999999999787,-0.0035737142898142338,1,1,1.357371428981402,-1.357371428981402,flat,flat
daily_lstm,2025-08-19,-0.040000000000000036,-0.007397335488349199,0,1,3.2602664511650836,3.2602664511650836,fall,flat
daily_lstm,2025-08-20,-0.009999999999999787,-0.009027544409036636,1,1,0.09724555909631505,0.09724555909631505,flat,flat
daily_lstm,2025-08-21,0.040000000000000036,-0.0038853520527482033,2,1,4.388535205274824,-4.388535205274824,rise,flat
daily_lstm,2025-08-22,-0.07000000000000028,0.0015009170165285468,0,1,7.150091701652883,7.150091701652883,fall,flat
daily_lstm,2025-08-25,0.020000000000000462,-0.014717506244778633,2,0,3.4717506244779095,-3.4717506244779095,rise,fall
daily_lstm,2025-08-26,-0.020000000000000462,-0.003244450781494379,0,1,1.6755549218506083,1.6755549218506083,fall,flat
daily_lstm,2025-08-27,-0.019999999999999574,-0.004376024939119816,0,1,1.5623975060879758,1.5623975060879758,fall,flat
daily_lstm,2025-08-28,-0.020000000000000462,-0.008666401728987694,0,1,1.1333598271012768,1.1333598271012768,fall,flat
daily_lstm,2025-08-29,0.010000000000000675,-0.0005884987767785788,2,1,1.0588498776779254,-1.0588498776779254,rise,flat
daily_lstm,2025-09-02,0.04999999999999982,-0.0040237815119326115,2,1,5.402378151193243,-5.402378151193243,rise,flat
daily_lstm,2025-09-03,-0.0600000000000005,-0.0032703252509236336,0,1,5.672967474907686,5.672967474907686,fall,flat
daily_lstm,2025-09-04,-0.04999999999999982,-0.009434768930077553,0,1,4.056523106992227,4.056523106992227,fall,flat
daily_lstm,2025-09-05,-0.07000000000000028,-0.004402661230415106,0,1,6.559733876958518,6.559733876958518,fall,flat
daily_lstm,2025-09-08,-0.04999999999999982,-0.009258822537958622,0,1,4.07411774620412,4.07411774620412,fall,flat
daily_lstm,2025-09-09,0.03000000000000025,0.0018774695927277207,2,1,2.812253040727253,-2.812253040727253,rise,flat
daily_lstm,2025-09-10,-0.040000000000000036,0.0081560667604208,0,1,4.8156066760420835,4.8156066760420835,fall,flat
daily_lstm,2025-09-11,-0.03000000000000025,-0.0007891023997217417,0,1,2.9210897600278507,2.9210897600278507,fall,flat
daily_lstm,2025-09-12,0.04999999999999982,0.0012437431141734123,2,1,4.875625688582641,-4.875625688582641,rise,flat
daily_lstm,2025-09-15,-0.009999999999999787,0.00615515885874629,1,1,1.6155158858746077,1.6155158858746077,flat,flat
daily_lstm,2025-09-16,-0.009999999999999787,-0.0015133474953472614,1,1,0.8486652504652525,0.8486652504652525,flat,flat
daily_lstm,2025-09-17,0.019999999999999574,-0.001660446752794087,2,1,2.166044675279366,-2.166044675279366,rise,flat
daily_lstm,2025-09-18,0.05000000000000071,-0.0012200050987303257,2,1,5.122000509873104,-5.122000509873104,rise,flat
daily_lstm,2025-09-19,0.02999999999999936,-0.004563376307487488,2,1,3.456337630748685,-3.456337630748685,rise,flat
daily_lstm,2025-09-22,0.010000000000000675,-0.00947410799562931,2,1,1.9474107995629986,-1.9474107995629986,rise,flat
daily_lstm,2025-09-23,-0.03000000000000025,-0.010201101191341877,0,0,1.9798898808658372,1.9798898808658372,fall,fall
daily_lstm,2025-09-24,0.040000000000000036,-0.0047313435934484005,2,1,4.473134359344844,-4.473134359344844,rise,flat
daily_lstm,2025-09-25,0.019999999999999574,-0.002400785917416215,2,1,2.240078591741579,-2.240078591741579,rise,flat
daily_lstm,2025-09-26,0.020000000000000462,-0.00015952363901305944,2,1,2.015952363901352,-2.015952363901352,rise,flat
daily_lstm,2025-09-29,-0.04999999999999982,-0.004831261932849884,0,1,4.516873806714994,4.516873806714994,fall,flat
daily_lstm,2025-09-30,0.009999999999999787,-0.005642402451485395,1,1,1.5642402451485182,-1.5642402451485182,flat,flat
daily_lstm,2025-10-01,-0.040000000000000036,0.00222807377576828,0,1,4.2228073775768316,4.2228073775768316,fall,flat
daily_lstm,2025-10-02,-0.020000000000000462,-0.0075910515151917934,0,1,1.2408948484808668,1.2408948484808668,fall,flat
daily_lstm,2025-10-03,0.03000000000000025,-0.0003861660079564899,2,1,3.038616600795674,-3.038616600795674,rise,flat
daily_lstm,2025-10-06,0.04999999999999982,0.0028520289342850447,2,1,4.714797106571478,-4.714797106571478,rise,flat
daily_lstm,2025-10-07,-0.040000000000000036,-0.00040981065831147134,0,1,3.9590189341688564,3.9590189341688564,fall,flat
daily_lstm,2025-10-08,-0.009999999999999787,-0.006869153119623661,1,1,0.3130846880376126,0.3130846880376126,flat,flat
daily_lstm,2025-10-09,0.009999999999999787,-0.002431766362860799,1,1,1.2431766362860586,-1.2431766362860586,flat,flat
daily_lstm,2025-10-10,-0.08999999999999986,-0.0018768582958728075,0,1,8.812314170412705,8.812314170412705,fall,flat
daily_lstm,2025-10-14,-0.019999999999999574,-0.0057029700838029385,0,1,1.4297029916196635,1.4297029916196635,fall,flat
daily_lstm,2025-10-15,0.019999999999999574,-0.0008106106542982161,2,1,2.081061065429779,-2.081061065429779,rise,flat
daily_lstm,2025-10-16,-0.05999999999999961,0.004310803487896919,0,1,6.431080348789653,6.431080348789653,fall,flat
daily_lstm,2025-10-17,0.02999999999999936,-0.004082982428371906,2,1,3.4082982428371267,-3.4082982428371267,rise,flat
daily_lstm,2025-10-20,-0.019999999999999574,0.001544590457342565,0,1,2.154459045734214,2.154459045734214,fall,flat
daily_lstm,2025-10-21,-0.020000000000000018,-0.002553818980231881,0,1,1.7446181019768137,1.7446181019768137,fall,flat
daily_lstm,2025-10-22,-0.009999999999999787,0.0009693994070403278,1,1,1.0969399407040115,1.0969399407040115,flat,flat
daily_lstm,2025-10-23,0.03999999999999959,0.0003264390688855201,2,1,3.967356093111407,-3.967356093111407,rise,flat
daily_lstm,2025-10-24,0.009999999999999787,0.00457277474924922,1,1,0.5427225250750567,-0.5427225250750567,flat,flat
daily_lstm,2025-10-27,-0.009999999999999787,-0.0026719740126281977,1,1,0.7328025987371589,0.7328025987371589,flat,flat
daily_lstm,2025-10-28,-0.019999999999999574,0.0007324969046749175,0,1,2.073249690467449,2.073249690467449,fall,flat
daily_lstm,2025-10-29,0.08999999999999986,0.0006981263286434114,2,1,8.930187367135645,-8.930187367135645,rise,flat
daily_lstm,2025-10-30,0.03000000000000025,0.005014221649616957,2,1,2.498577835038329,-2.498577835038329,rise,flat
daily_lstm,2025-10-31,0.0,-0.0074376678094267845,1,1,0.7437667809426785,-0.7437667809426785,flat,flat
daily_lstm,2025-11-03,0.019999999999999574,-0.008798178285360336,2,1,2.879817828535991,-2.879817828535991,rise,flat
daily_lstm,2025-11-04,-0.03000000000000025,-0.001283359481021762,0,1,2.8716640518978487,2.8716640518978487,fall,flat
daily_lstm,2025-11-05,0.07000000000000028,-0.006915082689374685,2,1,7.691508268937497,-7.691508268937497,rise,flat
daily_lstm,2025-11-06,-0.05999999999999961,-7.084588287398219e-05,0,1,5.992915411712563,5.992915411712563,fall,flat
daily_lstm,2025-11-07,0.0,-0.011568207293748856,1,0,1.1568207293748856,-1.1568207293748856,flat,fall
daily_lstm,2025-11-10,0.019999999999999574,-0.006302563473582268,2,1,2.630256347358184,-2.630256347358184,rise,flat
daily_lstm,2025-11-12,-0.04999999999999982,-0.0013620067620649934,0,1,4.863799323793483,4.863799323793483,fall,flat
daily_lstm,2025-11-13,0.03000000000000025,-0.006566351745277643,2,1,3.656635174527789,-3.656635174527789,rise,flat
daily_lstm,2025-11-14,0.02999999999999936,0.0005924032302573323,2,1,2.940759676974203,-2.940759676974203,rise,flat
daily_lstm,2025-11-17,-0.009999999999999787,-0.002738920971751213,1,1,0.7261079028248574,0.7261079028248574,flat,flat
daily_lstm,2025-11-18,-0.009999999999999787,-0.0056394971907138824,1,1,0.43605028092859044,0.43605028092859044,flat,flat
daily_lstm,2025-11-19,0.009999999999999787,-0.00745465187355876,1,1,1.7454651873558547,-1.7454651873558547,flat,flat
daily_lstm,2025-11-20,-0.03000000000000025,-0.0028789746575057507,0,1,2.71210253424945,2.71210253424945,fall,flat
daily_lstm,2025-11-21,-0.040000000000000036,-0.006875920575112104,0,1,3.312407942488793,3.312407942488793,fall,flat
daily_lstm,2025-11-24,-0.019999999999999574,-0.007885322906076908,0,1,1.2114677093922666,1.2114677093922666,fall,flat
daily_lstm,2025-11-25,-0.03000000000000025,0.0019289671909064054,0,1,3.1928967190906654,3.1928967190906654,fall,flat
daily_lstm,2025-11-26,-0.009999999999999787,-0.0024762144312262535,1,1,0.7523785568773533,0.7523785568773533,flat,flat
daily_lstm,2025-11-28,0.019999999999999574,0.0031982949003577232,2,1,1.680170509964185,-1.680170509964185,rise,flat
daily_lstm,2025-12-01,0.07000000000000028,0.0016107638366520405,2,1,6.838923616334824,-6.838923616334824,rise,flat
daily_lstm,2025-12-02,0.0,-0.002130513545125723,1,1,0.2130513545125723,-0.2130513545125723,flat,flat
daily_lstm,2025-12-03,-0.03000000000000025,-0.008302796632051468,0,1,2.169720336794878,2.169720336794878,fall,flat
daily_lstm,2025-12-04,0.05000000000000071,-0.009199604392051697,2,1,5.919960439205241,-5.919960439205241,rise,flat
daily_lstm,2025-12-05,0.02999999999999936,0.0010405677603557706,2,1,2.895943223964359,-2.895943223964359,rise,flat
daily_lstm,2025-12-08,0.03000000000000025,-0.0026338747702538967,2,1,3.2633874770254145,-3.2633874770254145,rise,flat
daily_lstm,2025-12-09,0.009999999999999787,-0.0040761432610452175,1,1,1.4076143261045004,-1.4076143261045004,flat,flat
daily_lstm,2025-12-10,-0.04999999999999982,-0.003655791049823165,0,1,4.634420895017666,4.634420895017666,fall,flat
daily_lstm,2025-12-11,0.009999999999999787,-0.011837152764201164,1,0,2.183715276420095,-2.183715276420095,flat,fall
daily_lstm,2025-12-12,0.05000000000000071,-0.004396288655698299,2,1,5.439628865569901,-5.439628865569901,rise,flat
daily_lstm,2025-12-15,-0.010000000000000675,-0.004071338102221489,0,1,0.5928661897779186,0.5928661897779186,fall,flat
daily_lstm,2025-12-16,-0.02999999999999936,-0.006608542520552874,0,1,2.3391457479446487,2.3391457479446487,fall,flat
daily_lstm,2025-12-17,0.009999999999999787,-0.007382053416222334,1,1,1.738205341622212,-1.738205341622212,flat,flat
daily_lstm,2025-12-18,-0.040000000000000036,-0.004206848796457052,0,1,3.5793151203542983,3.5793151203542983,fall,flat
daily_lstm,2025-12-19,0.040000000000000036,-0.006324289366602898,2,1,4.632428936660293,-4.632428936660293,rise,flat
daily_lstm,2025-12-22,0.009999999999999787,0.00110178766772151,1,1,0.8898212332278277,-0.8898212332278277,flat,flat
daily_lstm,2025-12-23,0.009999999999999787,0.000420059310272336,1,1,0.9579940689727451,-0.9579940689727451,flat,flat
daily_lstm,2025-12-24,-0.02999999999999936,-0.0022942940704524517,0,1,2.770570592954691,2.770570592954691,fall,flat
daily_lstm,2025-12-26,-0.010000000000000675,-0.00313620176166296,0,1,0.6863798238337715,0.6863798238337715,fall,flat
daily_lstm,2025-12-29,-0.019999999999999574,-0.005801048129796982,0,1,1.4198951870202592,1.4198951870202592,fall,flat
daily_lstm,2025-12-30,0.019999999999999574,-0.003845854662358761,2,1,2.3845854662358335,-2.3845854662358335,rise,flat
daily_lstm,2025-12-31,0.040000000000000036,-0.001965395174920559,2,1,4.1965395174920594,-4.1965395174920594,rise,flat
daily_lstm,2026-01-02,0.010000000000000675,-0.0002709933905862272,2,1,1.0270993390586902,-1.0270993390586902,rise,flat
daily_lstm,2026-01-05,-0.020000000000000462,-0.007493309676647186,0,1,1.2506690323353276,1.2506690323353276,fall,flat
daily_lstm,2026-01-06,0.009999999999999787,-0.0077909077517688274,1,1,1.7790907751768614,-1.7790907751768614,flat,flat
daily_lstm,2026-01-07,-0.02999999999999936,-0.003121740184724331,0,1,2.687825981527503,2.687825981527503,fall,flat
daily_lstm,2026-01-08,0.040000000000000036,-0.0019443280762061477,2,1,4.194432807620618,-4.194432807620618,rise,flat
daily_lstm,2026-01-09,-0.010000000000000675,0.001719968975521624,0,1,1.17199689755223,1.17199689755223,fall,flat
daily_lstm,2026-01-12,0.010000000000000675,0.0020542906131595373,2,1,0.7945709386841138,-0.7945709386841138,rise,flat
daily_lstm,2026-01-13,-0.010000000000000675,0.001879533170722425,0,1,1.18795331707231,1.18795331707231,fall,flat
daily_lstm,2026-01-14,-0.02999999999999936,-0.004539468325674534,0,1,2.5460531674324827,2.5460531674324827,fall,flat
daily_lstm,2026-01-15,0.019999999999999574,-0.0013802828034386039,2,1,2.1380282803438178,-2.1380282803438178,rise,flat
daily_lstm,2026-01-16,0.07000000000000028,0.004617018159478903,2,1,6.538298184052138,-6.538298184052138,rise,flat
daily_lstm,2026-01-20,0.05999999999999961,0.004166573751717806,2,1,5.58334262482818,-5.58334262482818,rise,flat
daily_lstm,2026-01-21,-0.040000000000000036,-0.004795166198164225,0,1,3.520483380183581,3.520483380183581,fall,flat
daily_lstm,2026-01-22,0.0,-0.009269237518310547,1,1,0.9269237518310547,-0.9269237518310547,flat,flat
daily_lstm,2026-01-23,-0.019999999999999574,-0.001366594573482871,0,1,1.8633405426516703,1.8633405426516703,fall,flat
daily_lstm,2026-01-26,-0.020000000000000462,-0.002580871107056737,0,1,1.7419128892943725,1.7419128892943725,fall,flat
daily_lstm,2026-01-27,0.020000000000000462,-0.0015757512301206589,2,1,2.157575123012112,-2.157575123012112,rise,flat
daily_lstm,2026-01-28,0.019999999999999574,-0.002872246317565441,2,1,2.2872246317565015,-2.2872246317565015,rise,flat
daily_lstm,2026-01-29,-0.019999999999999574,-0.003473810153082013,0,1,1.652618984691756,1.652618984691756,fall,flat
daily_lstm,2026-01-30,0.019999999999999574,-0.009273557923734188,2,1,2.927355792373376,-2.927355792373376,rise,flat
daily_lstm,2026-02-02,0.03000000000000025,-0.006908693816512823,2,1,3.690869381651307,-3.690869381651307,rise,flat
daily_lstm,2026-02-03,-0.009999999999999787,-0.006146118510514498,1,1,0.3853881489485289,0.3853881489485289,flat,flat
daily_lstm,2026-02-04,0.009999999999999787,-0.009654334746301174,1,1,1.965433474630096,-1.965433474630096,flat,flat
daily_lstm,2026-02-05,-0.08000000000000007,-0.007328714244067669,0,1,7.26712857559324,7.26712857559324,fall,flat
daily_lstm,2026-02-06,0.009999999999999787,-0.008749020285904408,1,1,1.8749020285904194,-1.8749020285904194,flat,flat
daily_lstm,2026-02-09,0.0,-0.0019606135319918394,1,1,0.19606135319918394,-0.19606135319918394,flat,flat
daily_lstm,2026-02-10,-0.05999999999999961,-0.002947835251688957,0,1,5.705216474831065,5.705216474831065,fall,flat
daily_lstm,2026-02-11,0.019999999999999574,-0.0026001872029155493,2,1,2.2600187202915123,-2.2600187202915123,rise,flat
daily_lstm,2026-02-12,-0.08999999999999986,0.0017549421172589064,0,1,9.175494211725876,9.175494211725876,fall,flat
daily_lstm,2026-02-13,-0.04999999999999982,-0.0007320014992728829,0,1,4.926799850072694,4.926799850072694,fall,flat
daily_lstm,2026-02-17,0.009999999999999787,0.00467807287350297,1,1,0.5321927126496817,-0.5321927126496817,flat,flat
daily_lstm,2026-02-18,0.040000000000000036,0.012998557649552822,2,2,2.7001442350447213,-2.7001442350447213,rise,rise
daily_lstm,2026-02-19,-0.009999999999999787,0.008475549519062042,1,1,1.847554951906183,1.847554951906183,flat,flat
daily_lstm,2026-02-20,0.0,0.0023977081291377544,1,1,0.23977081291377544,0.23977081291377544,flat,flat
daily_lstm,2026-02-23,-0.04999999999999982,-0.0005728468531742692,0,1,4.942715314682555,4.942715314682555,fall,flat
daily_lstm,2026-02-24,0.009999999999999787,-0.0031817122362554073,1,1,1.3181712236255194,-1.3181712236255194,flat,flat
daily_lstm,2026-02-25,0.009999999999999787,0.004495538771152496,1,1,0.550446122884729,-0.550446122884729,flat,flat
daily_lstm,2026-02-26,-0.03000000000000025,0.0025781451258808374,0,1,3.2578145125881086,3.2578145125881086,fall,flat
daily_lstm,2026-02-27,-0.04999999999999938,0.0003082868061028421,0,1,5.030828680610222,5.030828680610222,fall,flat
daily_lstm,2026-03-02,0.07999999999999963,-0.0020589465275406837,2,1,8.205894652754031,-8.205894652754031,rise,flat
daily_lstm,2026-03-03,0.009999999999999787,0.0014046357246115804,1,1,0.8595364275388206,-0.8595364275388206,flat,flat
daily_lstm,2026-03-04,0.03000000000000025,-0.004152427893131971,2,1,3.415242789313222,-3.415242789313222,rise,flat
daily_lstm,2026-03-05,0.040000000000000036,0.000997845083475113,2,1,3.9002154916524923,-3.9002154916524923,rise,flat
daily_lstm,2026-03-06,0.020000000000000462,0.0008655422134324908,2,1,1.913445778656797,-1.913445778656797,rise,flat
daily_lstm,2026-03-09,-0.03000000000000025,-0.007206170354038477,0,1,2.279382964596177,2.279382964596177,fall,flat
daily_lstm,2026-03-10,0.03000000000000025,-0.0024187068920582533,2,1,3.24187068920585,-3.24187068920585,rise,flat
daily_lstm,2026-03-11,0.05999999999999961,-0.004502723924815655,2,1,6.450272392481526,-6.450272392481526,rise,flat
daily_lstm,2026-03-12,0.05999999999999961,-0.005836028140038252,2,1,6.583602814003786,-6.583602814003786,rise,flat
daily_lstm,2026-03-13,0.010000000000000675,-0.002218554960563779,2,1,1.2218554960564454,-1.2218554960564454,rise,flat
daily_lstm,2026-03-16,-0.04999999999999982,-0.01115208026021719,0,0,3.8847919739782633,3.8847919739782633,fall,fall
daily_lstm,2026-03-17,-0.03000000000000025,-0.007810050621628761,0,1,2.2189949378371487,2.2189949378371487,fall,flat
daily_lstm,2026-03-18,0.05999999999999961,-0.004235235508531332,2,1,6.423523550853094,-6.423523550853094,rise,flat
daily_lstm,2026-03-19,-0.009999999999999787,0.003109242767095566,1,1,1.3109242767095353,1.3109242767095353,flat,flat
daily_lstm,2026-03-20,0.13999999999999968,0.004483310505747795,2,1,13.551668949425189,-13.551668949425189,rise,flat
daily_lstm,2026-03-23,-0.04999999999999982,0.009831122122704983,0,1,5.9831122122704805,5.9831122122704805,fall,flat
daily_lstm,2026-03-24,0.04999999999999982,-0.009957622736692429,2,1,5.995762273669225,-5.995762273669225,rise,flat
daily_lstm,2026-03-25,-0.05999999999999961,0.003906558267772198,0,1,6.390655826777181,6.390655826777181,fall,flat
daily_lstm,2026-03-26,0.08999999999999986,-0.006714276969432831,2,1,9.671427696943269,-9.671427696943269,rise,flat
daily_lstm,2026-03-27,0.020000000000000462,0.006968657486140728,2,1,1.3031342513859734,-1.3031342513859734,rise,flat
daily_lstm,2026-03-30,-0.09000000000000075,-0.010230998508632183,0,0,7.976900149136856,7.976900149136856,fall,fall
daily_lstm,2026-03-31,-0.04999999999999982,-0.00914095714688301,0,1,4.085904285311681,4.085904285311681,fall,flat
daily_lstm,2026-04-01,0.03000000000000025,-0.006100337021052837,2,1,3.6100337021053086,-3.6100337021053086,rise,flat
daily_lstm,2026-04-02,-0.020000000000000462,-0.0005966558819636703,0,1,1.9403344118036792,1.9403344118036792,fall,flat
daily_lstm,2026-04-03,0.040000000000000036,-0.002352887997403741,2,1,4.235288799740378,-4.235288799740378,rise,flat
daily_lstm,2026-04-06,-0.009999999999999787,0.0019528275588527322,1,1,1.195282755885252,1.195282755885252,flat,flat
daily_lstm,2026-04-07,-0.009999999999999787,-0.00392292020842433,1,1,0.6077079791575457,0.6077079791575457,flat,flat
daily_lstm,2026-04-08,-0.040000000000000036,-0.008575336076319218,0,1,3.142466392368082,3.142466392368082,fall,flat
daily_lstm,2026-04-09,0.0,-0.007025433704257011,1,1,0.7025433704257011,-0.7025433704257011,flat,flat
daily_lstm,2026-04-10,0.019999999999999574,-0.005162445362657309,2,1,2.5162445362656882,-2.5162445362656882,rise,flat
daily_lstm,2026-04-13,-0.009999999999999787,-0.001213545328937471,1,1,0.8786454671062316,0.8786454671062316,flat,flat
daily_lstm,2026-04-14,-0.040000000000000036,-0.0033845175057649612,0,1,3.6615482494235074,3.6615482494235074,fall,flat
daily_lstm,2026-04-15,0.03000000000000025,-0.0032188009936362505,2,1,3.32188009936365,-3.32188009936365,rise,flat
daily_lstm,2026-04-16,0.03000000000000025,0.00199827179312706,2,1,2.800172820687319,-2.800172820687319,rise,flat
daily_lstm,2026-04-17,-0.0600000000000005,-0.004484605975449085,0,1,5.551539402455141,5.551539402455141,fall,flat
daily_lstm,2026-04-20,0.0,-0.00867326371371746,1,1,0.8673263713717461,-0.8673263713717461,flat,flat
daily_lstm,2026-04-21,0.040000000000000036,-0.0037143435329198837,2,1,4.371434353291992,-4.371434353291992,rise,flat
daily_lstm,2026-04-22,0.0,0.0003841235302388668,1,1,0.03841235302388668,0.03841235302388668,flat,flat
daily_lstm,2026-04-23,0.040000000000000036,-0.005789312068372965,2,1,4.5789312068373,-4.5789312068373,rise,flat
daily_lstm,2026-04-24,-0.03000000000000025,-0.0015575034776702523,0,1,2.8442496522329996,2.8442496522329996,fall,flat
daily_lstm,2026-04-27,0.040000000000000036,-0.009845728985965252,2,1,4.984572898596529,-4.984572898596529,rise,flat
daily_lstm,2026-04-28,0.010000000000000675,-0.002317342907190323,2,1,1.2317342907190998,-1.2317342907190998,rise,flat
daily_lstm,2026-04-29,0.05999999999999961,-0.0034246027935296297,2,1,6.342460279352924,-6.342460279352924,rise,flat
daily_lstm,2026-04-30,-0.019999999999999574,-0.000959749857429415,0,1,1.9040250142570159,1.9040250142570159,fall,flat
daily_lstm,2026-05-01,-0.010000000000000675,-0.012750335969030857,0,0,0.2750335969030182,-0.2750335969030182,fall,fall
daily_lstm,2026-05-04,0.0600000000000005,-0.005580136552453041,2,1,6.558013655245354,-6.558013655245354,rise,flat
daily_lstm,2026-05-05,-0.020000000000000462,-0.0031334601808339357,0,1,1.6866539819166526,1.6866539819166526,fall,flat
daily_lstm,2026-05-06,-0.0699999999999994,-0.006674407050013542,0,1,6.332559294998585,6.332559294998585,fall,flat
daily_lstm,2026-05-07,0.04999999999999982,-0.008408049121499062,2,1,5.840804912149888,-5.840804912149888,rise,flat
daily_lstm,2026-05-08,-0.03000000000000025,0.002442204626277089,0,1,3.244220462627734,3.244220462627734,fall,flat
daily_lstm,2026-05-11,0.040000000000000036,-0.004318454302847385,2,1,4.431845430284742,-4.431845430284742,rise,flat
daily_lstm,2026-05-12,0.040000000000000036,6.563698207173729e-06,2,1,3.999343630179286,-3.999343630179286,rise,flat
daily_lstm,2026-05-13,0.0,-0.005152855068445206,1,1,0.5152855068445206,-0.5152855068445206,flat,flat
daily_lstm,2026-05-14,0.009999999999999787,-0.009476231411099434,1,1,1.947623141109922,-1.947623141109922,flat,flat
daily_lstm,2026-05-15,0.1200000000000001,-0.0053037554025650024,2,1,12.530375540256511,-12.530375540256511,rise,flat
daily_lstm,2026-05-18,0.020000000000000462,-0.001194318407215178,2,1,2.119431840721564,-2.119431840721564,rise,flat
daily_lstm,2026-05-19,0.05999999999999961,-0.013882896862924099,2,0,7.388289686292371,-7.388289686292371,rise,fall
daily_lstm,2026-05-20,-0.09999999999999964,-0.009540656581521034,0,1,9.045934341847861,9.045934341847861,fall,flat
daily_lstm,2026-05-21,0.0,-0.01591005176305771,1,0,1.5910051763057709,-1.5910051763057709,flat,fall
daily_lstm,2026-05-22,-0.010000000000000675,-0.0040830508805811405,0,1,0.5916949119419534,0.5916949119419534,fall,flat
daily_lstm,2026-05-26,-0.05999999999999961,-0.0006025532493367791,0,1,5.939744675066283,5.939744675066283,fall,flat
daily_lstm,2026-05-27,-0.019999999999999574,-0.002883610548451543,0,1,1.711638945154803,1.711638945154803,fall,flat
daily_lstm,2026-05-28,-0.03000000000000025,-0.002360347658395767,0,1,2.763965234160448,2.763965234160448,fall,flat
daily_lstm,2026-05-29,0.0,-0.00024539860896766186,1,1,0.024539860896766186,-0.024539860896766186,flat,flat
daily_lstm,2026-06-01,0.019999999999999574,-0.0014946663286536932,2,1,2.1494666328653267,-2.1494666328653267,rise,flat
daily_lstm,2026-06-02,-0.009999999999999787,0.004918726161122322,1,1,1.491872616112211,1.491872616112211,flat,flat
daily_lstm,2026-06-03,0.03000000000000025,-0.003247844520956278,2,1,3.3247844520956527,-3.3247844520956527,rise,flat
daily_lstm,2026-06-04,-0.020000000000000462,0.000753277912735939,0,1,2.07532779127364,2.07532779127364,fall,flat
daily_lstm,2026-06-05,0.08000000000000007,-0.00661747669801116,2,1,8.661747669801123,-8.661747669801123,rise,flat
daily_lstm,2026-06-08,0.009999999999999787,-1.4608523997594602e-05,1,1,1.0014608523997381,-1.0014608523997381,flat,flat
daily_lstm,2026-06-09,-0.02999999999999936,-0.013437015004456043,0,0,1.6562984995543317,1.6562984995543317,fall,fall
daily_lstm,2026-06-10,0.019999999999999574,-0.006035966798663139,2,1,2.6035966798662713,-2.6035966798662713,rise,flat
daily_lstm,2026-06-11,-0.09999999999999964,-0.0031402858439832926,0,1,9.685971415601635,9.685971415601635,fall,flat
daily_lstm,2026-06-12,0.03000000000000025,-0.007406399119645357,2,1,3.7406399119645606,-3.7406399119645606,rise,flat
daily_lstm,2026-06-15,-0.010000000000000675,-0.0016173642361536622,0,1,0.8382635763847013,0.8382635763847013,fall,flat
daily_lstm,2026-06-16,-0.040000000000000036,-0.00615581264719367,0,1,3.3844187352806365,3.3844187352806365,fall,flat
daily_lstm,2026-06-17,0.0600000000000005,-0.003586098086088896,2,1,6.358609808608939,-6.358609808608939,rise,flat
daily_lstm,2026-06-18,-0.03000000000000025,0.002173233777284622,0,1,3.217323377728487,3.217323377728487,fall,flat
daily_lstm,2026-06-22,0.04999999999999982,-0.006762099917978048,2,1,5.676209991797787,-5.676209991797787,rise,flat
daily_lstm,2026-06-23,-0.009999999999999787,-0.00020254202536307275,1,1,0.9797457974636714,0.9797457974636714,flat,flat
daily_lstm,2026-06-24,-0.08999999999999986,-0.006181300617754459,0,1,8.38186993822454,8.38186993822454,fall,flat
daily_lstm,2026-06-25,-0.009999999999999787,-0.003546839114278555,1,1,0.6453160885721232,0.6453160885721232,flat,flat
daily_lstm,2026-06-26,-0.020000000000000462,-0.0005662328912876546,0,1,1.9433767108712807,1.9433767108712807,fall,flat
daily_lstm,2026-06-29,0.0,-0.004468914121389389,1,1,0.4468914121389389,-0.4468914121389389,flat,flat
daily_lstm,2026-06-30,0.0600000000000005,-0.0018278813222423196,2,1,6.182788132224282,-6.182788132224282,rise,flat
daily_lstm,2026-07-01,0.040000000000000036,-0.0018138191662728786,2,1,4.181381916627291,-4.181381916627291,rise,flat
daily_lstm,2026-07-02,0.009999999999999787,-0.007659635040909052,1,1,1.7659635040908839,-1.7659635040908839,flat,flat
daily_lstm,2026-07-06,-0.009999999999999787,-0.014023651368916035,1,0,0.4023651368916248,-0.4023651368916248,flat,fall
daily_lstm,2026-07-07,0.0699999999999994,-0.011210762895643711,2,0,8.12107628956431,-8.12107628956431,rise,fall
daily_lstm,2026-07-08,0.009999999999999787,-0.0009934586705639958,1,1,1.0993458670563783,-1.0993458670563783,flat,flat
daily_lstm,2026-07-09,-0.019999999999999574,-0.008118431083858013,0,1,1.188156891614156,1.188156891614156,fall,flat
daily_lstm,2026-07-10,0.019999999999999574,-0.014133431017398834,2,0,3.413343101739841,-3.413343101739841,rise,fall
daily_lstm,2026-07-13,0.0600000000000005,-0.006097845733165741,2,1,6.609784573316624,-6.609784573316624,rise,flat
daily_lstm,2026-07-14,-0.040000000000000036,-0.0010224045254290104,0,1,3.8977595474571025,3.8977595474571025,fall,flat
daily_lstm,2026-07-15,-0.03000000000000025,-0.021177221089601517,0,0,0.8822778910398732,0.8822778910398732,fall,fall
daily_lstm,2026-07-16,0.020000000000000462,-0.014564217999577522,2,0,3.4564217999577984,-3.4564217999577984,rise,fall
daily_lstm,2026-07-17,-0.020000000000000462,-0.006680730264633894,0,1,1.3319269735366568,1.3319269735366568,fall,flat
daily_lstm,2026-07-20,0.04999999999999982,-0.005740160122513771,2,1,5.574016012251359,-5.574016012251359,rise,flat
daily_lstm,2026-07-21,0.03000000000000025,-0.003815390169620514,2,1,3.3815390169620763,-3.3815390169620763,rise,flat
daily_lstm,2026-07-22,0.040000000000000036,-0.004423979204148054,2,1,4.442397920414809,-4.442397920414809,rise,flat
daily_lstm,2026-07-23,0.040000000000000036,-0.005394179839640856,2,1,4.539417983964089,-4.539417983964089,rise,flat
daily_lstm,2026-07-24,-0.019999999999999574,-0.004336620215326548,0,1,1.5663379784673026,1.5663379784673026,fall,flat
daily_lstm,2026-07-27,-0.040000000000000036,-0.01162615604698658,0,0,2.8373843953013456,2.8373843953013456,fall,fall
daily_lstm,2026-07-28,-0.040000000000000036,-0.006868279073387384,0,1,3.313172092661265,3.313172092661265,fall,flat
daily_lstm,2026-07-29,0.05999999999999961,-0.008949807845056057,2,1,6.894980784505567,-6.894980784505567,rise,flat
daily_lstm,2026-07-30,0.009999999999999787,-0.010875784792006016,1,0,2.0875784792005803,-2.0875784792005803,flat,fall
daily_lstm,2026-07-31,0.07000000000000028,-0.009142007678747177,2,1,7.914200767874746,-7.914200767874746,rise,flat
daily_lstm,2026-08-03,-0.04999999999999982,-0.005294582340866327,0,1,4.4705417659133495,4.4705417659133495,fall,flat
daily_lstm,2026-08-04,-0.07000000000000028,-0.010418791323900223,0,0,5.958120867610006,5.958120867610006,fall,fall
daily_lstm,2026-08-05,0.0,-0.011661715805530548,1,0,1.1661715805530548,-1.1661715805530548,flat,fall
daily_lstm,2026-08-06,0.0600000000000005,-0.0030692415311932564,2,1,6.306924153119375,-6.306924153119375,rise,flat
daily_lstm,2026-08-07,-0.040000000000000036,-6.0726015362888575e-05,0,1,3.9939273984637147,3.9939273984637147,fall,flat
daily_lstm,2026-08-10,0.0699999999999994,-0.013836565427482128,2,0,8.383656542748152,-8.383656542748152,rise,fall
daily_lstm,2026-08-11,-0.019999999999999574,-0.005863613449037075,0,1,1.4136386550962499,1.4136386550962499,fall,flat
daily_lstm,2026-08-12,-0.020000000000000462,-0.012338344939053059,0,0,0.7661655060947403,0.7661655060947403,fall,fall
daily_lstm,2026-08-13,-0.04999999999999982,-0.012798096984624863,0,0,3.720190301537496,3.720190301537496,fall,fall
daily_lstm,2026-08-14,0.04999999999999982,-0.011636408045887947,2,0,6.163640804588777,-6.163640804588777,rise,fall
daily_lstm,2026-08-17,0.040000000000000036,-0.00327829597517848,2,1,4.327829597517852,-4.327829597517852,rise,flat
daily_lstm,2026-08-18,-0.009999999999999787,-0.006936180405318737,1,1,0.306381959468105,0.306381959468105,flat,flat
daily_lstm,2026-08-19,-0.05999999999999961,-0.008837184868752956,0,1,5.116281513124665,5.116281513124665,fall,flat
daily_lstm,2026-08-20,0.040000000000000036,-0.003089852863922715,2,1,4.308985286392275,-4.308985286392275,rise,flat
daily_lstm,2026-08-21,0.04999999999999982,0.0018700206419453025,2,1,4.812997935805452,-4.812997935805452,rise,flat
daily_lstm,2026-08-24,-0.040000000000000036,-0.0009986880468204618,0,1,3.9001311953179574,3.9001311953179574,fall,flat
daily_lstm,2026-08-25,-0.0600000000000005,-0.008453845046460629,0,1,5.154615495353987,5.154615495353987,fall,flat
daily_lstm,2026-08-26,0.020000000000000462,-0.006485929246991873,2,1,2.6485929246992335,-2.6485929246992335,rise,flat
daily_lstm,2026-08-27,0.009999999999999787,0.00012882544251624495,1,1,0.9871174557483542,-0.9871174557483542,flat,flat
daily_lstm,2026-08-28,0.0600000000000005,-0.0011585843749344349,2,1,6.115858437493493,-6.115858437493493,rise,flat
daily_lstm,2026-08-31,0.019999999999999574,0.0003527324879541993,2,1,1.9647267512045374,-1.9647267512045374,rise,flat
daily_lstm,2026-09-01,0.040000000000000036,-0.006867656484246254,2,1,4.686765648424629,-4.686765648424629,rise,flat
daily_lstm,2026-09-02,0.0,-0.0020518784876912832,1,1,0.20518784876912832,-0.20518784876912832,flat,flat
daily_lstm,2026-09-03,-0.020000000000000462,-0.009243817999958992,0,1,1.075618200004147,1.075618200004147,fall,flat
daily_lstm,2026-09-04,0.010000000000000675,-0.010756837204098701,2,0,2.0756837204099376,-2.0756837204099376,rise,fall
daily_lstm,2026-09-08,0.019999999999999574,-0.0047150105237960815,2,1,2.4715010523795655,-2.4715010523795655,rise,flat
multi_frequency_lstm,2021-03-25,0.009999999999999787,0.005781017709523439,1,1,0.42189822904763474,-0.42189822904763474,flat,flat
multi_frequency_lstm,2021-03-26,0.040000000000000036,-0.0006135815056040883,2,1,4.061358150560412,-4.061358150560412,rise,flat
multi_frequency_lstm,2021-03-29,0.06000000000000005,-0.003254552837461233,2,1,6.325455283746129,-6.325455283746129,rise,flat
multi_frequency_lstm,2021-03-30,0.0,0.007268301211297512,1,1,0.7268301211297512,0.7268301211297512,flat,flat
multi_frequency_lstm,2021-03-31,0.010000000000000009,0.00790378451347351,2,1,0.20962154865264981,-0.20962154865264981,rise,flat
multi_frequency_lstm,2021-04-01,-0.050000000000000044,0.00935856532305479,0,1,5.9358565323054835,5.9358565323054835,fall,flat
multi_frequency_lstm,2021-04-02,0.030000000000000027,0.004747675731778145,2,1,2.525232426822188,-2.525232426822188,rise,flat
multi_frequency_lstm,2021-04-05,0.010000000000000009,0.004825398325920105,2,1,0.5174601674079904,-0.5174601674079904,rise,flat
multi_frequency_lstm,2021-04-06,-0.06000000000000005,0.00087140774121508,0,1,6.087140774121513,6.087140774121513,fall,flat
multi_frequency_lstm,2021-04-07,0.010000000000000009,-0.006537365727126598,2,1,1.6537365727126607,-1.6537365727126607,rise,flat
multi_frequency_lstm,2021-04-08,-0.040000000000000036,-0.001901912852190435,0,1,3.80980871478096,3.80980871478096,fall,flat
multi_frequency_lstm,2021-04-09,0.030000000000000027,-0.0009744704002514482,2,1,3.0974470400251475,-3.0974470400251475,rise,flat
multi_frequency_lstm,2021-04-12,0.020000000000000018,-0.0025188764557242393,2,1,2.2518876455724257,-2.2518876455724257,rise,flat
multi_frequency_lstm,2021-04-13,-0.050000000000000044,-0.011423405259847641,0,0,3.8576594740152403,3.8576594740152403,fall,fall
multi_frequency_lstm,2021-04-14,0.0,-0.012589564546942711,1,0,1.258956454694271,-1.258956454694271,flat,fall
multi_frequency_lstm,2021-04-15,-0.07999999999999985,-0.009356630966067314,0,1,7.0643369033932535,7.0643369033932535,fall,flat
multi_frequency_lstm,2021-04-16,0.030000000000000027,-0.015998907387256622,2,0,4.599890738725665,-4.599890738725665,rise,fall
multi_frequency_lstm,2021-04-19,0.020000000000000018,-0.00914726685732603,2,1,2.914726685732605,-2.914726685732605,rise,flat
multi_frequency_lstm,2021-04-20,-0.030000000000000027,-0.012404541485011578,0,0,1.759545851498845,1.759545851498845,fall,fall
multi_frequency_lstm,2021-04-21,-0.010000000000000009,-0.011077266186475754,0,0,0.10772661864757449,-0.10772661864757449,fall,fall
multi_frequency_lstm,2021-04-22,0.0,-0.008851208724081516,1,1,0.8851208724081516,-0.8851208724081516,flat,flat
multi_frequency_lstm,2021-04-23,0.010000000000000009,-0.0018387503223493695,2,1,1.1838750322349378,-1.1838750322349378,rise,flat
multi_frequency_lstm,2021-04-26,0.0,-0.004298653453588486,1,1,0.42986534535884857,-0.42986534535884857,flat,flat
multi_frequency_lstm,2021-04-27,0.04999999999999982,-0.008186830207705498,2,1,5.818683020770532,-5.818683020770532,rise,flat
multi_frequency_lstm,2021-04-28,0.0,-0.005210391711443663,1,1,0.5210391711443663,-0.5210391711443663,flat,flat
multi_frequency_lstm,2021-04-29,0.020000000000000018,-0.005373915191739798,2,1,2.5373915191739815,-2.5373915191739815,rise,flat
multi_frequency_lstm,2021-04-30,0.0,-0.005619961768388748,1,1,0.5619961768388748,-0.5619961768388748,flat,flat
multi_frequency_lstm,2021-05-03,-0.020000000000000018,-0.004646460060030222,0,1,1.5353539939969796,1.5353539939969796,fall,flat
multi_frequency_lstm,2021-05-04,-0.019999999999999796,-0.006449172738939524,0,1,1.3550827261060272,1.3550827261060272,fall,flat
multi_frequency_lstm,2021-05-05,-0.020000000000000018,-0.012153567746281624,0,0,0.7846432253718394,0.7846432253718394,fall,fall
multi_frequency_lstm,2021-05-06,-0.010000000000000009,-0.011142728850245476,0,0,0.11427288502454669,-0.11427288502454669,fall,fall
multi_frequency_lstm,2021-05-07,0.020000000000000018,-0.011294711381196976,2,0,3.1294711381196993,-3.1294711381196993,rise,fall
multi_frequency_lstm,2021-05-10,0.029999999999999805,-0.013208042830228806,2,0,4.320804283022861,-4.320804283022861,rise,fall
multi_frequency_lstm,2021-05-11,0.010000000000000009,-0.007071893662214279,2,1,1.7071893662214288,-1.7071893662214288,rise,flat
multi_frequency_lstm,2021-05-12,0.050000000000000044,-0.007171372417360544,2,1,5.717137241736059,-5.717137241736059,rise,flat
multi_frequency_lstm,2021-05-13,-0.030000000000000027,0.0025828960351645947,0,1,3.258289603516462,3.258289603516462,fall,flat
multi_frequency_lstm,2021-05-14,-0.030000000000000027,-0.00014261214528232813,0,1,2.98573878547177,2.98573878547177,fall,flat
multi_frequency_lstm,2021-05-17,0.010000000000000009,0.0002801539085339755,2,1,0.9719846091466033,-0.9719846091466033,rise,flat
multi_frequency_lstm,2021-05-18,0.0,0.001919781556352973,1,1,0.1919781556352973,0.1919781556352973,flat,flat
multi_frequency_lstm,2021-05-19,0.040000000000000036,0.001551746972836554,2,1,3.844825302716348,-3.844825302716348,rise,flat
multi_frequency_lstm,2021-05-20,-0.050000000000000044,0.001448274590075016,0,1,5.144827459007506,5.144827459007506,fall,flat
multi_frequency_lstm,2021-05-21,0.0,-0.0024317412171512842,1,1,0.24317412171512842,-0.24317412171512842,flat,flat
multi_frequency_lstm,2021-05-24,-0.019999999999999796,0.00588821480050683,0,1,2.5888214800506626,2.5888214800506626,fall,flat
multi_frequency_lstm,2021-05-25,-0.050000000000000044,0.001784958061762154,0,1,5.17849580617622,5.17849580617622,fall,flat
multi_frequency_lstm,2021-05-26,0.020000000000000018,-0.0030336659401655197,2,1,2.3033665940165537,-2.3033665940165537,rise,flat
multi_frequency_lstm,2021-05-27,0.030000000000000027,-0.004246735479682684,2,1,3.424673547968271,-3.424673547968271,rise,flat
multi_frequency_lstm,2021-05-28,-0.030000000000000027,-0.001471549621783197,0,1,2.852845037821683,2.852845037821683,fall,flat
multi_frequency_lstm,2021-06-01,0.040000000000000036,-0.008256172761321068,2,1,4.82561727613211,-4.82561727613211,rise,flat
multi_frequency_lstm,2021-06-02,-0.030000000000000027,-0.0019018923630937934,0,1,2.8098107636906233,2.8098107636906233,fall,flat
multi_frequency_lstm,2021-06-03,0.039999999999999813,-0.0018601446645334363,2,1,4.186014466453325,-4.186014466453325,rise,flat
multi_frequency_lstm,2021-06-04,-0.06999999999999984,0.0037010295782238245,0,1,7.3701029578223665,7.3701029578223665,fall,flat
multi_frequency_lstm,2021-06-07,0.010000000000000009,-0.006660120561718941,2,1,1.666012056171895,-1.666012056171895,rise,flat
multi_frequency_lstm,2021-06-08,-0.040000000000000036,0.0008544258307665586,0,1,4.085442583076659,4.085442583076659,fall,flat
multi_frequency_lstm,2021-06-09,-0.030000000000000027,-0.007475382182747126,0,1,2.25246178172529,2.25246178172529,fall,flat
multi_frequency_lstm,2021-06-10,-0.050000000000000044,-0.009884878061711788,0,1,4.011512193828826,4.011512193828826,fall,flat
multi_frequency_lstm,2021-06-11,0.020000000000000018,-0.018675588071346283,2,0,3.86755880713463,-3.86755880713463,rise,fall
multi_frequency_lstm,2021-06-14,0.040000000000000036,-0.01069143321365118,2,0,5.069143321365122,-5.069143321365122,rise,fall
multi_frequency_lstm,2021-06-15,0.0,-0.008664172142744064,1,1,0.8664172142744064,-0.8664172142744064,flat,flat
multi_frequency_lstm,2021-06-16,0.06000000000000005,-0.011946132406592369,2,0,7.194613240659242,-7.194613240659242,rise,fall
multi_frequency_lstm,2021-06-17,-0.050000000000000044,0.0007913277950137854,0,1,5.079132779501383,5.079132779501383,fall,flat
multi_frequency_lstm,2021-06-18,-0.07000000000000006,-0.00871243141591549,0,1,6.128756858408457,6.128756858408457,fall,flat
multi_frequency_lstm,2021-06-21,0.050000000000000044,-0.016606032848358154,2,0,6.66060328483582,-6.66060328483582,rise,fall
multi_frequency_lstm,2021-06-22,-0.020000000000000018,0.0011244079796597362,0,1,2.1124407979659754,2.1124407979659754,fall,flat
multi_frequency_lstm,2021-06-23,0.020000000000000018,-0.006317748688161373,2,1,2.631774868816139,-2.631774868816139,rise,flat
multi_frequency_lstm,2021-06-24,-0.010000000000000009,-0.005840052850544453,0,1,0.4159947149455556,0.4159947149455556,fall,flat
multi_frequency_lstm,2021-06-25,0.050000000000000044,-0.010148664005100727,2,0,6.014866400510077,-6.014866400510077,rise,fall
multi_frequency_lstm,2021-06-28,-0.050000000000000044,-0.003815561532974243,0,1,4.61844384670258,4.61844384670258,fall,flat
multi_frequency_lstm,2021-06-29,0.0,-0.014011619612574577,1,0,1.4011619612574577,-1.4011619612574577,flat,fall
multi_frequency_lstm,2021-06-30,-0.040000000000000036,-0.009108155965805054,0,1,3.089184403419498,3.089184403419498,fall,flat
multi_frequency_lstm,2021-07-01,0.030000000000000027,-0.015582914464175701,2,0,4.558291446417573,-4.558291446417573,rise,fall
multi_frequency_lstm,2021-07-02,-0.040000000000000036,-0.011566566303372383,0,0,2.8433433696627652,2.8433433696627652,fall,fall
multi_frequency_lstm,2021-07-06,-0.06999999999999984,-0.019636617973446846,0,0,5.036338202655299,5.036338202655299,fall,fall
multi_frequency_lstm,2021-07-07,-0.040000000000000036,-0.01878705807030201,0,0,2.1212941929698026,2.1212941929698026,fall,fall
multi_frequency_lstm,2021-07-08,-0.030000000000000027,-0.017637096345424652,0,0,1.2362903654575375,1.2362903654575375,fall,fall
multi_frequency_lstm,2021-07-09,0.07000000000000006,-0.016770999878644943,2,0,8.677099987864501,-8.677099987864501,rise,fall
multi_frequency_lstm,2021-07-12,0.009999999999999787,-0.006327590439468622,1,1,1.632759043946841,-1.632759043946841,flat,flat
multi_frequency_lstm,2021-07-13,0.040000000000000036,-0.012220596894621849,2,0,5.2220596894621885,-5.2220596894621885,rise,fall
multi_frequency_lstm,2021-07-14,-0.04999999999999982,-0.0037178127095103264,0,1,4.62821872904895,4.62821872904895,fall,flat
multi_frequency_lstm,2021-07-15,-0.06000000000000005,-0.010947013273835182,0,0,4.905298672616487,4.905298672616487,fall,fall
multi_frequency_lstm,2021-07-16,0.0,-0.014532409608364105,1,0,1.4532409608364105,-1.4532409608364105,flat,fall
multi_frequency_lstm,2021-07-19,-0.1200000000000001,-0.014549805782735348,0,0,10.545019421726476,10.545019421726476,fall,fall
multi_frequency_lstm,2021-07-20,0.040000000000000036,-0.02394433133304119,2,0,6.394433133304123,-6.394433133304123,rise,fall
multi_frequency_lstm,2021-07-21,0.07000000000000006,-0.012238728813827038,2,0,8.22387288138271,-8.22387288138271,rise,fall
multi_frequency_lstm,2021-07-22,-0.030000000000000027,-0.0035168384201824665,0,1,2.648316157981756,2.648316157981756,fall,flat
multi_frequency_lstm,2021-07-23,0.030000000000000027,-0.014396671205759048,2,0,4.4396671205759075,-4.4396671205759075,rise,fall
multi_frequency_lstm,2021-07-26,-0.010000000000000009,-0.012735478579998016,0,0,0.27354785799980075,-0.27354785799980075,fall,fall
multi_frequency_lstm,2021-07-27,-0.040000000000000036,-0.007274665404111147,0,1,3.272533459588889,3.272533459588889,fall,flat
multi_frequency_lstm,2021-07-28,0.010000000000000009,-0.012628241442143917,2,0,2.2628241442143926,-2.2628241442143926,rise,fall
multi_frequency_lstm,2021-07-29,0.020000000000000018,-0.013473962433636189,2,0,3.3473962433636206,-3.3473962433636206,rise,fall
multi_frequency_lstm,2021-07-30,-0.040000000000000036,-0.009754778817296028,0,1,3.0245221182704007,3.0245221182704007,fall,flat
multi_frequency_lstm,2021-08-02,-0.040000000000000036,-0.015506689436733723,0,0,2.4493310563266313,2.4493310563266313,fall,fall
multi_frequency_lstm,2021-08-03,-0.010000000000000009,-0.016579672694206238,0,0,0.6579672694206229,-0.6579672694206229,fall,fall
multi_frequency_lstm,2021-08-04,0.0,-0.013064212165772915,1,0,1.3064212165772915,-1.3064212165772915,flat,fall
multi_frequency_lstm,2021-08-05,0.040000000000000036,-0.01101413369178772,2,0,5.1014133691787755,-5.1014133691787755,rise,fall
multi_frequency_lstm,2021-08-06,0.08000000000000007,-0.005655199754983187,2,1,8.565519975498326,-8.565519975498326,rise,flat
multi_frequency_lstm,2021-08-09,0.020000000000000018,0.005956592038273811,2,1,1.4043407961726206,-1.4043407961726206,rise,flat
multi_frequency_lstm,2021-08-10,0.030000000000000027,0.0060608577914536,2,1,2.3939142208546427,-2.3939142208546427,rise,flat
multi_frequency_lstm,2021-08-11,-0.010000000000000009,0.008304537273943424,0,1,1.8304537273943433,1.8304537273943433,fall,flat
multi_frequency_lstm,2021-08-12,0.010000000000000009,0.003289011539891362,2,1,0.6710988460108647,-0.6710988460108647,rise,flat
multi_frequency_lstm,2021-08-13,-0.07000000000000006,0.007178305648267269,0,1,7.717830564826733,7.717830564826733,fall,flat
multi_frequency_lstm,2021-08-16,-0.030000000000000027,-0.003966428805142641,0,1,2.6033571194857386,2.6033571194857386,fall,flat
multi_frequency_lstm,2021-08-17,0.0,-0.007666201796382666,1,1,0.7666201796382666,-0.7666201796382666,flat,flat
multi_frequency_lstm,2021-08-18,0.010000000000000009,-0.002451719017699361,2,1,1.245171901769937,-1.245171901769937,rise,flat
multi_frequency_lstm,2021-08-19,-0.030000000000000027,-0.0016560378717258573,0,1,2.834396212827417,2.834396212827417,fall,flat
multi_frequency_lstm,2021-08-20,0.020000000000000018,-0.010143888182938099,2,0,3.0143888182938117,-3.0143888182938117,rise,fall
multi_frequency_lstm,2021-08-23,-0.010000000000000009,-0.0018784927669912577,0,1,0.8121507233008751,0.8121507233008751,fall,flat
multi_frequency_lstm,2021-08-24,0.040000000000000036,-0.004033842124044895,2,1,4.403384212404493,-4.403384212404493,rise,flat
multi_frequency_lstm,2021-08-25,0.06000000000000005,0.0017868075519800186,2,1,5.8213192448020035,-5.8213192448020035,rise,flat
multi_frequency_lstm,2021-08-26,-0.010000000000000009,0.0038380350451916456,0,1,1.3838035045191655,1.3838035045191655,fall,flat
multi_frequency_lstm,2021-08-27,-0.030000000000000027,0.001987559488043189,0,1,3.1987559488043216,3.1987559488043216,fall,flat
multi_frequency_lstm,2021-08-30,-0.020000000000000018,-0.0010157142532989383,0,1,1.898428574670108,1.898428574670108,fall,flat
multi_frequency_lstm,2021-08-31,0.010000000000000009,-0.0002356123150093481,2,1,1.0235612315009357,-1.0235612315009357,rise,flat
multi_frequency_lstm,2021-09-01,0.010000000000000009,-0.002001658082008362,2,1,1.200165808200837,-1.200165808200837,rise,flat
multi_frequency_lstm,2021-09-02,-0.020000000000000018,-0.003507788758724928,0,1,1.649221124127509,1.649221124127509,fall,flat
multi_frequency_lstm,2021-09-03,0.040000000000000036,-0.0032731075771152973,2,1,4.327310757711533,-4.327310757711533,rise,flat
multi_frequency_lstm,2021-09-07,0.04999999999999982,0.001012608758173883,2,1,4.898739124182594,-4.898739124182594,rise,flat
multi_frequency_lstm,2021-09-08,-0.029999999999999805,0.0034451636020094156,0,1,3.344516360200922,3.344516360200922,fall,flat
multi_frequency_lstm,2021-09-09,-0.050000000000000044,-0.002605070360004902,0,1,4.739492963999514,4.739492963999514,fall,flat
multi_frequency_lstm,2021-09-10,0.050000000000000044,-0.009051941335201263,2,1,5.905194133520131,-5.905194133520131,rise,flat
multi_frequency_lstm,2021-09-13,-0.020000000000000018,-0.0010473895817995071,0,1,1.895261041820051,1.895261041820051,fall,flat
multi_frequency_lstm,2021-09-14,-0.050000000000000044,-0.008876055479049683,0,1,4.112394452095036,4.112394452095036,fall,flat
multi_frequency_lstm,2021-09-15,0.030000000000000027,-0.01610511541366577,2,0,4.61051154136658,-4.61051154136658,rise,fall
multi_frequency_lstm,2021-09-16,0.030000000000000027,-0.004404815845191479,2,1,3.4404815845191505,-3.4404815845191505,rise,flat
multi_frequency_lstm,2021-09-17,0.030000000000000027,0.00014986733731348068,2,1,2.9850132662686546,-2.9850132662686546,rise,flat
multi_frequency_lstm,2021-09-20,-0.06000000000000005,0.0009196251048706472,0,1,6.09196251048707,6.09196251048707,fall,flat
multi_frequency_lstm,2021-09-21,0.020000000000000018,-0.007774424739181995,2,1,2.7774424739182013,-2.7774424739182013,rise,flat
multi_frequency_lstm,2021-09-22,-0.010000000000000009,0.0024802852421998978,0,1,1.2480285242199907,1.2480285242199907,fall,flat
multi_frequency_lstm,2021-09-23,0.08999999999999986,-0.0032188647892326117,2,1,9.321886478923247,-9.321886478923247,rise,flat
multi_frequency_lstm,2021-09-24,0.06000000000000005,0.007632507011294365,2,1,5.236749298870569,-5.236749298870569,rise,flat
multi_frequency_lstm,2021-09-27,0.010000000000000009,0.002438629511743784,2,1,0.7561370488256225,-0.7561370488256225,rise,flat
multi_frequency_lstm,2021-09-28,0.06000000000000005,0.005482773762196302,2,1,5.451722623780375,-5.451722623780375,rise,flat
multi_frequency_lstm,2021-09-29,0.010000000000000009,0.010210245847702026,2,2,0.02102458477020175,0.02102458477020175,rise,rise
multi_frequency_lstm,2021-09-30,-0.030000000000000027,0.013497424311935902,0,2,4.349742431193593,4.349742431193593,fall,rise
multi_frequency_lstm,2021-10-01,-0.040000000000000036,0.003947412129491568,0,1,4.39474121294916,4.39474121294916,fall,flat
multi_frequency_lstm,2021-10-04,0.010000000000000009,-0.003760241437703371,2,1,1.376024143770338,-1.376024143770338,rise,flat
multi_frequency_lstm,2021-10-05,0.050000000000000044,-0.0026639429852366447,2,1,5.266394298523669,-5.266394298523669,rise,flat
multi_frequency_lstm,2021-10-06,-0.010000000000000009,-0.0021534666884690523,0,1,0.7846533311530957,0.7846533311530957,fall,flat
multi_frequency_lstm,2021-10-07,0.050000000000000044,-0.006859710905700922,2,1,5.685971090570097,-5.685971090570097,rise,flat
multi_frequency_lstm,2021-10-08,0.030000000000000027,0.002356000477448106,2,1,2.764399952255192,-2.764399952255192,rise,flat
multi_frequency_lstm,2021-10-12,-0.020000000000000018,0.009147871285676956,0,1,2.9147871285676974,2.9147871285676974,fall,flat
multi_frequency_lstm,2021-10-13,-0.030000000000000027,0.008356388658285141,0,1,3.8356388658285168,3.8356388658285168,fall,flat
multi_frequency_lstm,2021-10-14,-0.040000000000000036,6.531238614115864e-05,0,1,4.006531238614119,4.006531238614119,fall,flat
multi_frequency_lstm,2021-10-15,0.07000000000000006,0.0043126242235302925,2,1,6.568737577646977,-6.568737577646977,rise,flat
multi_frequency_lstm,2021-10-18,0.0,0.0106553565710783,1,2,1.06553565710783,1.06553565710783,flat,rise
multi_frequency_lstm,2021-10-19,0.05999999999999983,0.0038520493544638157,2,1,5.6147950645536016,-5.6147950645536016,rise,flat
multi_frequency_lstm,2021-10-20,0.0,0.005278930068016052,1,1,0.5278930068016052,0.5278930068016052,flat,flat
multi_frequency_lstm,2021-10-21,0.030000000000000027,0.009252434596419334,2,1,2.0747565403580692,-2.0747565403580692,rise,flat
multi_frequency_lstm,2021-10-22,-0.020000000000000018,0.017053944990038872,0,2,3.705394499003889,3.705394499003889,fall,rise
multi_frequency_lstm,2021-10-25,-0.020000000000000018,0.0073692407459020615,0,1,2.736924074590208,2.736924074590208,fall,flat
multi_frequency_lstm,2021-10-26,-0.010000000000000009,0.002463970333337784,0,1,1.2463970333337793,1.2463970333337793,fall,flat
multi_frequency_lstm,2021-10-27,-0.08999999999999986,-0.007371445186436176,0,1,8.262855481356368,8.262855481356368,fall,flat
multi_frequency_lstm,2021-10-28,0.030000000000000027,-0.01451167929917574,2,0,4.451167929917577,-4.451167929917577,rise,fall
multi_frequency_lstm,2021-10-29,-0.020000000000000018,-0.013480824418365955,0,0,0.6519175581634062,0.6519175581634062,fall,fall
multi_frequency_lstm,2021-11-01,0.030000000000000027,-0.01928289607167244,2,0,4.928289607167247,-4.928289607167247,rise,fall
multi_frequency_lstm,2021-11-02,-0.020000000000000018,-0.00938647985458374,0,1,1.0613520145416278,1.0613520145416278,fall,flat
multi_frequency_lstm,2021-11-03,0.040000000000000036,-0.016969911754131317,2,0,5.696991175413135,-5.696991175413135,rise,fall
multi_frequency_lstm,2021-11-04,-0.07000000000000006,-0.007682444993406534,0,1,6.231755500659353,6.231755500659353,fall,flat
multi_frequency_lstm,2021-11-05,-0.08000000000000007,-0.014654934406280518,0,0,6.534506559371955,6.534506559371955,fall,fall
multi_frequency_lstm,2021-11-08,0.06000000000000005,-0.015058762393891811,2,0,7.5058762393891865,-7.5058762393891865,rise,fall
multi_frequency_lstm,2021-11-09,-0.050000000000000044,-0.011477135121822357,0,0,3.8522864878177687,3.8522864878177687,fall,fall
multi_frequency_lstm,2021-11-10,0.10000000000000009,-0.02338952012360096,2,0,12.338952012360105,-12.338952012360105,rise,fall
multi_frequency_lstm,2021-11-12,0.020000000000000018,-0.0009426163742318749,2,1,2.0942616374231893,-2.0942616374231893,rise,flat
multi_frequency_lstm,2021-11-15,0.04999999999999982,-0.001912309555336833,2,1,5.1912309555336655,-5.1912309555336655,rise,flat
multi_frequency_lstm,2021-11-16,0.0,0.005386837292462587,1,1,0.5386837292462587,0.5386837292462587,flat,flat
multi_frequency_lstm,2021-11-17,-0.029999999999999805,-0.0011009650770574808,0,1,2.8899034922942324,2.8899034922942324,fall,flat
multi_frequency_lstm,2021-11-18,-0.010000000000000009,0.0003262110403738916,0,1,1.03262110403739,1.03262110403739,fall,flat
multi_frequency_lstm,2021-11-19,-0.050000000000000044,-0.011124873533844948,0,0,3.8875126466155097,3.8875126466155097,fall,fall
multi_frequency_lstm,2021-11-22,0.08999999999999986,-0.02144113928079605,2,0,11.144113928079591,-11.144113928079591,rise,fall
multi_frequency_lstm,2021-11-23,0.040000000000000036,-0.005834807176142931,2,1,4.583480717614297,-4.583480717614297,rise,flat
multi_frequency_lstm,2021-11-24,-0.030000000000000027,-0.009172344580292702,0,1,2.0827655419707325,2.0827655419707325,fall,flat
multi_frequency_lstm,2021-11-26,-0.15999999999999992,-0.018589813262224197,0,0,14.141018673777573,14.141018673777573,fall,fall
multi_frequency_lstm,2021-11-29,0.040000000000000036,-0.016254739835858345,2,0,5.625473983585838,-5.625473983585838,rise,fall
multi_frequency_lstm,2021-11-30,-0.09000000000000008,-0.0029545396100729704,0,1,8.70454603899271,8.70454603899271,fall,flat
multi_frequency_lstm,2021-12-01,0.0,-0.01827225461602211,1,0,1.827225461602211,-1.827225461602211,flat,fall
multi_frequency_lstm,2021-12-02,0.010000000000000009,-0.017101457342505455,2,0,2.7101457342505464,-2.7101457342505464,rise,fall
multi_frequency_lstm,2021-12-03,-0.08999999999999986,-0.013958828523755074,0,0,7.604117147624478,7.604117147624478,fall,fall
multi_frequency_lstm,2021-12-06,0.07999999999999985,-0.026091383770108223,2,0,10.609138377010808,-10.609138377010808,rise,fall
multi_frequency_lstm,2021-12-07,0.050000000000000044,-0.011274260468780994,2,0,6.127426046878104,-6.127426046878104,rise,fall
multi_frequency_lstm,2021-12-08,0.040000000000000036,-0.008145704865455627,2,1,4.814570486545566,-4.814570486545566,rise,flat
multi_frequency_lstm,2021-12-09,-0.030000000000000027,-0.0014174157986417413,0,1,2.8582584201358285,2.8582584201358285,fall,flat
multi_frequency_lstm,2021-12-10,-0.010000000000000009,-0.005150674842298031,0,1,0.4849325157701978,0.4849325157701978,fall,flat
multi_frequency_lstm,2021-12-13,-0.06000000000000005,0.0010534932371228933,0,1,6.105349323712295,6.105349323712295,fall,flat
multi_frequency_lstm,2021-12-14,0.020000000000000018,-0.010913781821727753,2,0,3.091378182172777,-3.091378182172777,rise,fall
multi_frequency_lstm,2021-12-15,0.030000000000000027,-0.013462480157613754,2,0,4.346248015761378,-4.346248015761378,rise,fall
multi_frequency_lstm,2021-12-16,-0.030000000000000027,-0.01687581092119217,0,0,1.3124189078807857,1.3124189078807857,fall,fall
multi_frequency_lstm,2021-12-17,-0.030000000000000027,-0.022171512246131897,0,0,0.782848775386813,0.782848775386813,fall,fall
multi_frequency_lstm,2021-12-20,0.020000000000000018,-0.022172780707478523,2,0,4.217278070747854,-4.217278070747854,rise,fall
multi_frequency_lstm,2021-12-21,0.050000000000000044,-0.016057606786489487,2,0,6.605760678648953,-6.605760678648953,rise,fall
multi_frequency_lstm,2021-12-22,-0.020000000000000018,-0.006983486004173756,0,1,1.3016513995826262,1.3016513995826262,fall,flat
multi_frequency_lstm,2021-12-23,0.040000000000000036,-0.013708410784602165,2,0,5.37084107846022,-5.37084107846022,rise,fall
multi_frequency_lstm,2021-12-27,-0.020000000000000018,-0.0126358512789011,0,0,0.7364148721098918,0.7364148721098918,fall,fall
multi_frequency_lstm,2021-12-28,0.010000000000000009,-0.014067393727600574,2,0,2.4067393727600583,-2.4067393727600583,rise,fall
multi_frequency_lstm,2021-12-29,0.06000000000000005,-0.008324182592332363,2,1,6.832418259233242,-6.832418259233242,rise,flat
multi_frequency_lstm,2021-12-30,-0.030000000000000027,-0.0033703583758324385,0,1,2.662964162416759,2.662964162416759,fall,flat
multi_frequency_lstm,2021-12-31,0.0,-0.0009531422983855009,1,1,0.09531422983855009,-0.09531422983855009,flat,flat
multi_frequency_lstm,2022-01-03,0.10999999999999988,-0.000209027886739932,2,1,11.02090278867398,-11.02090278867398,rise,flat
multi_frequency_lstm,2022-01-04,0.030000000000000027,0.013892700895667076,2,2,1.610729910433295,-1.610729910433295,rise,rise
multi_frequency_lstm,2022-01-05,0.050000000000000044,0.01951467990875244,2,2,3.0485320091247603,-3.0485320091247603,rise,rise
multi_frequency_lstm,2022-01-06,0.020000000000000018,0.018731512129306793,2,2,0.12684878706932246,-0.12684878706932246,rise,rise
multi_frequency_lstm,2022-01-07,0.030000000000000027,0.014336098916828632,2,2,1.5663901083171394,-1.5663901083171394,rise,rise
multi_frequency_lstm,2022-01-10,0.020000000000000018,0.012301557697355747,2,2,0.769844230264427,-0.769844230264427,rise,rise
multi_frequency_lstm,2022-01-11,-0.030000000000000027,0.006143725942820311,0,1,3.6143725942820337,3.6143725942820337,fall,flat
multi_frequency_lstm,2022-01-12,-0.010000000000000009,-0.0022785780020058155,0,1,0.7721421997994193,0.7721421997994193,fall,flat
multi_frequency_lstm,2022-01-13,-0.040000000000000036,0.0006206254474818707,0,1,4.062062544748191,4.062062544748191,fall,flat
multi_frequency_lstm,2022-01-14,0.08000000000000007,-0.0019428450614213943,2,1,8.194284506142147,-8.194284506142147,rise,flat
multi_frequency_lstm,2022-01-18,0.09000000000000008,2.6786119633470662e-05,2,1,8.99732138803666,-8.99732138803666,rise,flat
multi_frequency_lstm,2022-01-19,-0.040000000000000036,-0.008019565604627132,0,1,3.1980434395372903,3.1980434395372903,fall,flat
multi_frequency_lstm,2022-01-20,0.0,-0.0029583116993308067,1,1,0.2958311699330807,-0.2958311699330807,flat,flat
multi_frequency_lstm,2022-01-21,-0.08000000000000007,-0.0034915986470878124,0,1,7.650840135291226,7.650840135291226,fall,flat
multi_frequency_lstm,2022-01-24,0.0,-0.0002801370865199715,1,1,0.02801370865199715,-0.02801370865199715,flat,flat
multi_frequency_lstm,2022-01-25,0.030000000000000027,-0.0029063590336591005,2,1,3.2906359033659127,-3.2906359033659127,rise,flat
multi_frequency_lstm,2022-01-26,0.07000000000000006,-0.01096538919955492,2,0,8.0965389199555,-8.0965389199555,rise,fall
multi_frequency_lstm,2022-01-27,-0.040000000000000036,-0.007798844017088413,0,1,3.2201155982911622,3.2201155982911622,fall,flat
multi_frequency_lstm,2022-01-28,-0.030000000000000027,-0.02329047955572605,0,0,0.6709520444273975,0.6709520444273975,fall,fall
multi_frequency_lstm,2022-01-31,0.010000000000000009,-0.02166876010596752,2,0,3.166876010596753,-3.166876010596753,rise,fall
multi_frequency_lstm,2022-02-01,0.020000000000000018,-0.018544360995292664,2,0,3.854436099529268,-3.854436099529268,rise,fall
multi_frequency_lstm,2022-02-02,-0.030000000000000027,-0.0072132619097828865,0,1,2.278673809021714,2.278673809021714,fall,flat
multi_frequency_lstm,2022-02-03,0.040000000000000036,-0.009039036929607391,2,1,4.903903692960743,-4.903903692960743,rise,flat
multi_frequency_lstm,2022-02-04,0.10999999999999988,-0.009391584433615208,2,1,11.939158443361508,-11.939158443361508,rise,flat
multi_frequency_lstm,2022-02-07,-0.010000000000000009,-0.012909258715808392,0,0,0.29092587158083827,-0.29092587158083827,fall,fall
multi_frequency_lstm,2022-02-08,0.040000000000000036,-0.008910137228667736,2,1,4.891013722866777,-4.891013722866777,rise,flat
multi_frequency_lstm,2022-02-09,-0.020000000000000018,-0.009829503484070301,0,1,1.0170496515929717,1.0170496515929717,fall,flat
multi_frequency_lstm,2022-02-10,0.08999999999999986,-0.006064006593078375,2,1,9.606400659307823,-9.606400659307823,rise,flat
multi_frequency_lstm,2022-02-11,-0.10999999999999988,-0.036143772304058075,0,0,7.38562276959418,7.38562276959418,fall,fall
multi_frequency_lstm,2022-02-14,0.06000000000000005,-0.017402643337845802,2,0,7.740264333784586,-7.740264333784586,rise,fall
multi_frequency_lstm,2022-02-15,0.06999999999999984,-0.025786688551306725,2,0,9.578668855130656,-9.578668855130656,rise,fall
multi_frequency_lstm,2022-02-16,-0.020000000000000018,-0.011299132369458675,0,0,0.8700867630541342,0.8700867630541342,fall,fall
multi_frequency_lstm,2022-02-17,-0.05999999999999983,-0.00751600181683898,0,1,5.248399818316085,5.248399818316085,fall,flat
multi_frequency_lstm,2022-02-18,-0.050000000000000044,-0.0057195029221475124,0,1,4.428049707785253,4.428049707785253,fall,flat
multi_frequency_lstm,2022-02-22,0.020000000000000018,-0.007180859334766865,2,1,2.7180859334766883,-2.7180859334766883,rise,flat
multi_frequency_lstm,2022-02-23,0.050000000000000044,-0.02653445117175579,2,0,7.6534451171755835,-7.6534451171755835,rise,fall
multi_frequency_lstm,2022-02-24,-0.030000000000000027,-0.019936323165893555,0,0,1.0063676834106472,1.0063676834106472,fall,fall
multi_frequency_lstm,2022-02-25,0.010000000000000009,-0.011447404511272907,2,0,2.1447404511272916,-2.1447404511272916,rise,fall
multi_frequency_lstm,2022-02-28,-0.1399999999999999,-0.023929856717586517,0,0,11.607014328241338,11.607014328241338,fall,fall
multi_frequency_lstm,2022-03-01,-0.1100000000000001,-0.006627980154007673,0,1,10.337201984599243,10.337201984599243,fall,flat
multi_frequency_lstm,2022-03-02,0.14000000000000012,0.011811953037977219,2,2,12.81880469620229,-12.81880469620229,rise,rise
multi_frequency_lstm,2022-03-03,0.0,0.0021532431710511446,1,1,0.21532431710511446,0.21532431710511446,flat,flat
multi_frequency_lstm,2022-03-04,-0.1200000000000001,-0.015419895760715008,0,0,10.45801042392851,10.45801042392851,fall,fall
multi_frequency_lstm,2022-03-07,0.040000000000000036,-0.023709317669272423,2,0,6.370931766927246,-6.370931766927246,rise,fall
multi_frequency_lstm,2022-03-08,0.08000000000000007,-0.01889411173760891,2,0,9.889411173760898,-9.889411173760898,rise,fall
multi_frequency_lstm,2022-03-09,0.07999999999999985,-0.017535343766212463,2,0,9.753534376621232,-9.753534376621232,rise,fall
multi_frequency_lstm,2022-03-10,0.040000000000000036,-0.01002063974738121,2,0,5.002063974738125,-5.002063974738125,rise,fall
multi_frequency_lstm,2022-03-11,0.020000000000000018,-0.010104933753609657,2,0,3.0104933753609675,-3.0104933753609675,rise,fall
multi_frequency_lstm,2022-03-14,0.14000000000000012,-0.006160493474453688,2,1,14.616049347445381,-14.616049347445381,rise,flat
multi_frequency_lstm,2022-03-15,0.009999999999999787,0.007139214314520359,1,1,0.2860785685479428,-0.2860785685479428,flat,flat
multi_frequency_lstm,2022-03-16,0.040000000000000036,0.005485404748469591,2,1,3.4514595251530444,-3.4514595251530444,rise,flat
multi_frequency_lstm,2022-03-17,0.010000000000000231,-0.0011658964212983847,2,1,1.1165896421298616,-1.1165896421298616,rise,flat
multi_frequency_lstm,2022-03-18,-0.06000000000000005,-0.004710009787231684,0,1,5.528999021276837,5.528999021276837,fall,flat
multi_frequency_lstm,2022-03-21,0.17999999999999972,-0.0012062491150572896,2,1,18.1206249115057,-18.1206249115057,rise,flat
multi_frequency_lstm,2022-03-22,0.06000000000000005,-0.008385756053030491,2,1,6.838575605303054,-6.838575605303054,rise,flat
multi_frequency_lstm,2022-03-23,-0.06000000000000005,-0.039021220058202744,0,0,2.097877994179731,2.097877994179731,fall,fall
multi_frequency_lstm,2022-03-24,0.020000000000000018,-0.014310887083411217,2,0,3.4310887083411234,-3.4310887083411234,rise,fall
multi_frequency_lstm,2022-03-25,0.14000000000000012,-0.011338180862367153,2,0,15.133818086236728,-15.133818086236728,rise,fall
multi_frequency_lstm,2022-03-28,-0.020000000000000018,-0.027602439746260643,0,0,0.7602439746260625,-0.7602439746260625,fall,fall
multi_frequency_lstm,2022-03-29,-0.04999999999999982,-0.0309019573032856,0,0,1.9098042696714224,1.9098042696714224,fall,fall
multi_frequency_lstm,2022-03-30,-0.06000000000000005,-0.01687084697186947,0,0,4.3129153028130585,4.3129153028130585,fall,fall
multi_frequency_lstm,2022-03-31,-0.03000000000000025,-0.01623309962451458,0,0,1.376690037548567,1.376690037548567,fall,fall
multi_frequency_lstm,2022-04-01,0.07000000000000028,-0.02211609110236168,2,0,9.211609110236196,-9.211609110236196,rise,fall
multi_frequency_lstm,2022-04-04,0.029999999999999805,-0.02007499523460865,2,0,5.0074995234608455,-5.0074995234608455,rise,fall
multi_frequency_lstm,2022-04-05,0.1200000000000001,-0.02554055117070675,2,0,14.554055117070686,-14.554055117070686,rise,fall
multi_frequency_lstm,2022-04-06,0.06999999999999984,-0.02271571382880211,2,0,9.271571382880195,-9.271571382880195,rise,fall
multi_frequency_lstm,2022-04-07,0.050000000000000266,-0.03164266049861908,2,0,8.164266049861935,-8.164266049861935,rise,fall
multi_frequency_lstm,2022-04-08,0.06000000000000005,-0.030137816444039345,2,0,9.01378164440394,-9.01378164440394,rise,fall
multi_frequency_lstm,2022-04-11,0.06999999999999984,-0.02171427570283413,2,0,9.171427570283397,-9.171427570283397,rise,fall
multi_frequency_lstm,2022-04-12,-0.06999999999999984,-0.03441444784402847,0,0,3.5585552155971367,3.5585552155971367,fall,fall
multi_frequency_lstm,2022-04-13,-0.020000000000000018,-0.0199865885078907,0,0,0.001341149210931647,0.001341149210931647,fall,fall
multi_frequency_lstm,2022-04-14,0.1299999999999999,-0.014902442693710327,2,0,14.490244269371022,-14.490244269371022,rise,fall
multi_frequency_lstm,2022-04-18,0.020000000000000018,-0.020932761952280998,2,0,4.093276195228102,-4.093276195228102,rise,fall
multi_frequency_lstm,2022-04-19,0.08000000000000007,-0.01976121962070465,2,0,9.976121962070472,-9.976121962070472,rise,fall
multi_frequency_lstm,2022-04-20,-0.08000000000000007,-0.02436808869242668,0,0,5.563191130757339,5.563191130757339,fall,fall
multi_frequency_lstm,2022-04-21,0.04999999999999982,-0.03189616650342941,2,0,8.189616650342924,-8.189616650342924,rise,fall
multi_frequency_lstm,2022-04-22,0.0,-0.02272885851562023,1,0,2.272885851562023,-2.272885851562023,flat,fall
multi_frequency_lstm,2022-04-25,-0.08999999999999986,-0.02997029758989811,0,0,6.002970241010175,6.002970241010175,fall,fall
multi_frequency_lstm,2022-04-26,-0.040000000000000036,-0.01910543255507946,0,0,2.0894567444920575,2.0894567444920575,fall,fall
multi_frequency_lstm,2022-04-27,0.04999999999999982,0.0015884105814620852,2,1,4.841158941853774,-4.841158941853774,rise,flat
multi_frequency_lstm,2022-04-28,0.03000000000000025,0.005446124356240034,2,1,2.4553875643760215,-2.4553875643760215,rise,flat
multi_frequency_lstm,2022-04-29,0.040000000000000036,0.005595093127340078,2,1,3.4404906872659957,-3.4404906872659957,rise,flat
multi_frequency_lstm,2022-05-02,0.10000000000000009,-0.0014676996506750584,2,1,10.146769965067515,-10.146769965067515,rise,flat
multi_frequency_lstm,2022-05-03,-0.020000000000000018,-0.003452977165579796,0,1,1.6547022834420222,1.6547022834420222,fall,flat
multi_frequency_lstm,2022-05-04,-0.040000000000000036,-0.012555346824228764,0,0,2.744465317577127,2.744465317577127,fall,fall
multi_frequency_lstm,2022-05-05,0.11999999999999966,-0.010074850171804428,2,0,13.007485017180409,-13.007485017180409,rise,fall
multi_frequency_lstm,2022-05-06,0.07000000000000028,0.006406065076589584,2,1,6.35939349234107,-6.35939349234107,rise,flat
multi_frequency_lstm,2022-05-09,-0.07000000000000028,0.009182320907711983,0,1,7.918232090771227,7.918232090771227,fall,flat
multi_frequency_lstm,2022-05-10,-0.05999999999999961,0.0067395977675914764,0,1,6.673959776759109,6.673959776759109,fall,flat
multi_frequency_lstm,2022-05-11,-0.08000000000000007,0.019711105152964592,0,2,9.971110515296466,9.971110515296466,fall,rise
multi_frequency_lstm,2022-05-12,-0.07000000000000028,0.005236322525888681,0,1,7.523632252588897,7.523632252588897,fall,flat
multi_frequency_lstm,2022-05-13,0.0900000000000003,0.0029963345732539892,2,1,8.700366542674631,-8.700366542674631,rise,flat
multi_frequency_lstm,2022-05-16,-0.050000000000000266,-0.004404620733112097,0,1,4.559537926688817,4.559537926688817,fall,flat
multi_frequency_lstm,2022-05-17,0.10000000000000009,-0.02156885899603367,2,0,12.156885899603376,-12.156885899603376,rise,fall
multi_frequency_lstm,2022-05-18,-0.08999999999999986,-0.010368027724325657,0,0,7.96319722756742,7.96319722756742,fall,fall
multi_frequency_lstm,2022-05-19,-0.050000000000000266,-0.016753749921917915,0,0,3.324625007808235,3.324625007808235,fall,fall
multi_frequency_lstm,2022-05-20,-0.06000000000000005,-0.008937505073845387,0,1,5.106249492615467,5.106249492615467,fall,flat
multi_frequency_lstm,2022-05-23,0.08000000000000007,-0.004101968370378017,2,1,8.410196837037809,-8.410196837037809,rise,flat
multi_frequency_lstm,2022-05-24,-0.10000000000000009,0.012336861342191696,0,2,11.233686134219178,11.233686134219178,fall,rise
multi_frequency_lstm,2022-05-25,-0.009999999999999787,0.0071137696504592896,1,1,1.7113769650459076,1.7113769650459076,flat,flat
multi_frequency_lstm,2022-05-26,0.0,0.011755424551665783,1,2,1.1755424551665783,1.1755424551665783,flat,rise
multi_frequency_lstm,2022-05-27,-0.009999999999999787,0.005796377547085285,1,1,1.5796377547085072,1.5796377547085072,flat,flat
multi_frequency_lstm,2022-05-31,0.10999999999999988,0.0037535501178354025,2,1,10.624644988216447,-10.624644988216447,rise,flat
multi_frequency_lstm,2022-06-01,0.08999999999999986,0.007626562844961882,2,1,8.237343715503798,-8.237343715503798,rise,flat
multi_frequency_lstm,2022-06-02,-0.020000000000000018,-0.0067734308540821075,0,1,1.322656914591791,1.322656914591791,fall,flat
multi_frequency_lstm,2022-06-03,0.040000000000000036,-0.011575032025575638,2,0,5.157503202557567,-5.157503202557567,rise,fall
multi_frequency_lstm,2022-06-06,0.08000000000000007,-0.0034042978659272194,2,1,8.340429786592729,-8.340429786592729,rise,flat
multi_frequency_lstm,2022-06-07,-0.06000000000000005,-0.007680382579565048,0,1,5.2319617420435005,5.2319617420435005,fall,flat
multi_frequency_lstm,2022-06-08,0.04999999999999982,-0.021251387894153595,2,0,7.125138789415342,-7.125138789415342,rise,fall
multi_frequency_lstm,2022-06-09,0.010000000000000231,-0.011241954751312733,2,0,2.1241954751312964,-2.1241954751312964,rise,fall
multi_frequency_lstm,2022-06-10,0.10999999999999988,-0.01226546335965395,2,0,12.226546335965383,-12.226546335965383,rise,fall
multi_frequency_lstm,2022-06-13,0.28000000000000025,-0.021366000175476074,2,0,30.136600017547632,-30.136600017547632,rise,fall
multi_frequency_lstm,2022-06-14,0.06000000000000005,-0.07655488699674606,2,0,13.655488699674612,-13.655488699674612,rise,fall
multi_frequency_lstm,2022-06-15,-0.16000000000000014,-0.05996052920818329,0,0,10.003947079181685,10.003947079181685,fall,fall
multi_frequency_lstm,2022-06-16,-0.050000000000000266,0.015582102350890636,0,2,6.55821023508909,6.55821023508909,fall,rise
multi_frequency_lstm,2022-06-17,-0.029999999999999805,0.014471875503659248,0,2,4.447187550365905,4.447187550365905,fall,rise
multi_frequency_lstm,2022-06-21,0.06000000000000005,0.008725138381123543,2,1,5.127486161887651,-5.127486161887651,rise,flat
multi_frequency_lstm,2022-06-22,-0.1499999999999999,0.010325083509087563,0,2,16.03250835090875,16.03250835090875,fall,rise
multi_frequency_lstm,2022-06-23,-0.07000000000000028,0.04595116525888443,0,2,11.595116525888471,11.595116525888471,fall,rise
multi_frequency_lstm,2022-06-24,0.040000000000000036,0.021241415292024612,2,2,1.8758584707975423,-1.8758584707975423,rise,rise
multi_frequency_lstm,2022-06-27,0.07000000000000028,0.026508815586566925,2,2,4.349118441343336,-4.349118441343336,rise,rise
multi_frequency_lstm,2022-06-28,0.0,0.02345544844865799,1,2,2.345544844865799,2.345544844865799,flat,rise
multi_frequency_lstm,2022-06-29,-0.10000000000000009,0.0317101925611496,0,2,13.171019256114969,13.171019256114969,fall,rise
multi_frequency_lstm,2022-06-30,-0.1200000000000001,0.006010251119732857,0,1,12.601025111973296,12.601025111973296,fall,flat
multi_frequency_lstm,2022-07-01,-0.10000000000000009,0.008434636518359184,0,1,10.843463651835927,10.843463651835927,fall,flat
multi_frequency_lstm,2022-07-05,-0.06000000000000005,0.019698403775691986,0,2,7.969840377569204,7.969840377569204,fall,rise
multi_frequency_lstm,2022-07-06,0.11000000000000032,0.05196337774395943,2,2,5.803662225604089,-5.803662225604089,rise,rise
multi_frequency_lstm,2022-07-07,0.07999999999999963,0.04466889426112175,2,2,3.5331105738877877,-3.5331105738877877,rise,rise
multi_frequency_lstm,2022-07-08,0.08000000000000007,0.03846358880400658,2,2,4.1536411195993495,-4.1536411195993495,rise,rise
multi_frequency_lstm,2022-07-11,-0.09999999999999964,0.014334525913000107,0,2,11.433452591299975,11.433452591299975,fall,rise
multi_frequency_lstm,2022-07-12,-0.03000000000000025,0.006982181221246719,0,1,3.698218122124697,3.698218122124697,fall,flat
multi_frequency_lstm,2022-07-13,-0.04999999999999982,-0.009146482683718204,0,1,4.085351731628162,4.085351731628162,fall,flat
multi_frequency_lstm,2022-07-14,0.04999999999999982,0.0006180197815410793,2,1,4.938198021845874,-4.938198021845874,rise,flat
multi_frequency_lstm,2022-07-15,-0.029999999999999805,0.010644998401403427,0,2,4.064499840140323,4.064499840140323,fall,rise
multi_frequency_lstm,2022-07-18,0.029999999999999805,0.020696021616458893,2,2,0.9303978383540912,-0.9303978383540912,rise,rise
multi_frequency_lstm,2022-07-19,0.04999999999999982,-0.002870638854801655,2,1,5.287063885480148,-5.287063885480148,rise,flat
multi_frequency_lstm,2022-07-20,0.03000000000000025,0.0036169453524053097,2,1,2.638305464759494,-2.638305464759494,rise,flat
multi_frequency_lstm,2022-07-21,-0.1299999999999999,0.011537917889654636,0,2,14.153791788965453,14.153791788965453,fall,rise
multi_frequency_lstm,2022-07-22,-0.14000000000000012,-0.019688496366143227,0,0,12.03115036338569,12.03115036338569,fall,fall
multi_frequency_lstm,2022-07-25,0.040000000000000036,-0.0042681884951889515,2,1,4.426818849518899,-4.426818849518899,rise,flat
multi_frequency_lstm,2022-07-26,0.0,0.00801057368516922,1,1,0.801057368516922,0.801057368516922,flat,flat
multi_frequency_lstm,2022-07-27,-0.03000000000000025,0.01318369247019291,0,2,4.318369247019316,4.318369247019316,fall,rise
multi_frequency_lstm,2022-07-28,-0.09999999999999964,0.004062293097376823,0,1,10.406229309737647,10.406229309737647,fall,flat
multi_frequency_lstm,2022-07-29,-0.010000000000000231,-0.012306678108870983,0,0,0.23066781088707522,-0.23066781088707522,fall,fall
multi_frequency_lstm,2022-08-01,-0.06999999999999984,-0.013588028028607368,0,0,5.641197197139247,5.641197197139247,fall,fall
multi_frequency_lstm,2022-08-02,0.1499999999999999,-0.006545571144670248,2,1,15.654557114467016,-15.654557114467016,rise,flat
multi_frequency_lstm,2022-08-03,-0.020000000000000018,0.03665396198630333,0,2,5.665396198630335,5.665396198630335,fall,rise
multi_frequency_lstm,2022-08-04,-0.04999999999999982,-0.004003021400421858,0,1,4.5996978599577965,4.5996978599577965,fall,flat
multi_frequency_lstm,2022-08-05,0.1499999999999999,-0.02835359051823616,2,0,17.83535905182361,-17.83535905182361,rise,fall
multi_frequency_lstm,2022-08-08,-0.06000000000000005,0.009056412614881992,0,1,6.905641261488205,6.905641261488205,fall,flat
multi_frequency_lstm,2022-08-09,0.029999999999999805,-0.02400558441877365,2,0,5.400558441877346,-5.400558441877346,rise,fall
multi_frequency_lstm,2022-08-10,-0.020000000000000018,-0.0007628604653291404,0,1,1.9237139534670877,1.9237139534670877,fall,flat
multi_frequency_lstm,2022-08-11,0.0900000000000003,0.0012715449556708336,2,1,8.872845504432947,-8.872845504432947,rise,flat
multi_frequency_lstm,2022-08-12,-0.03000000000000025,0.008324476890265942,0,1,3.832447689026619,3.832447689026619,fall,flat
multi_frequency_lstm,2022-08-15,-0.04999999999999982,0.012122595682740211,0,2,6.212259568274003,6.212259568274003,fall,rise
multi_frequency_lstm,2022-08-16,0.029999999999999805,0.002866394119337201,2,1,2.7133605880662603,-2.7133605880662603,rise,flat
multi_frequency_lstm,2022-08-17,0.07000000000000028,0.01051829382777214,2,2,5.948170617222814,-5.948170617222814,rise,rise
multi_frequency_lstm,2022-08-18,-0.010000000000000231,0.010546100325882435,0,2,2.0546100325882666,2.0546100325882666,fall,rise
multi_frequency_lstm,2022-08-19,0.10000000000000009,-0.000636926619336009,2,1,10.06369266193361,-10.06369266193361,rise,flat
multi_frequency_lstm,2022-08-22,0.04999999999999982,0.012417517602443695,2,2,3.7582482397556127,-3.7582482397556127,rise,rise
multi_frequency_lstm,2022-08-23,0.020000000000000018,0.00415085768327117,2,1,1.5849142316728848,-1.5849142316728848,rise,flat
multi_frequency_lstm,2022-08-24,0.06000000000000005,-0.0010879449546337128,2,1,6.108794495463377,-6.108794495463377,rise,flat
multi_frequency_lstm,2022-08-25,-0.08000000000000007,0.004593241028487682,0,1,8.459324102848775,8.459324102848775,fall,flat
multi_frequency_lstm,2022-08-26,0.010000000000000231,-0.0038246149197220802,2,1,1.3824614919722311,-1.3824614919722311,rise,flat
multi_frequency_lstm,2022-08-29,0.08000000000000007,-0.012302116490900517,2,0,9.230211649090059,-9.230211649090059,rise,fall
multi_frequency_lstm,2022-08-30,-0.010000000000000231,-0.006368658039718866,0,1,0.36313419602813646,0.36313419602813646,fall,flat
multi_frequency_lstm,2022-08-31,0.040000000000000036,-0.011403287760913372,2,0,5.140328776091341,-5.140328776091341,rise,fall
multi_frequency_lstm,2022-09-01,0.10999999999999988,0.001171734882518649,2,1,10.882826511748123,-10.882826511748123,rise,flat
multi_frequency_lstm,2022-09-02,-0.05999999999999961,0.008361599408090115,0,1,6.836159940808972,6.836159940808972,fall,flat
multi_frequency_lstm,2022-09-06,0.1299999999999999,-0.0008791250293143094,2,1,13.08791250293142,-13.08791250293142,rise,flat
multi_frequency_lstm,2022-09-07,-0.06000000000000005,0.024099474772810936,0,2,8.409947477281099,8.409947477281099,fall,rise
multi_frequency_lstm,2022-09-08,0.020000000000000018,0.015001105144619942,2,2,0.4998894855380076,-0.4998894855380076,rise,rise
multi_frequency_lstm,2022-09-09,0.040000000000000036,0.019534114748239517,2,2,2.046588525176052,-2.046588525176052,rise,rise
multi_frequency_lstm,2022-09-12,0.040000000000000036,0.012591269798576832,2,2,2.7408730201423204,-2.7408730201423204,rise,rise
multi_frequency_lstm,2022-09-13,0.04999999999999982,-0.0024136423598974943,2,1,5.241364235989732,-5.241364235989732,rise,flat
multi_frequency_lstm,2022-09-14,-0.009999999999999787,-0.008343221619725227,1,1,0.16567783802745595,0.16567783802745595,flat,flat
multi_frequency_lstm,2022-09-15,0.040000000000000036,-0.022052768617868423,2,0,6.205276861786846,-6.205276861786846,rise,fall
multi_frequency_lstm,2022-09-16,0.0,-0.01688307337462902,1,0,1.688307337462902,-1.688307337462902,flat,fall
multi_frequency_lstm,2022-09-19,0.040000000000000036,-0.00941738486289978,2,1,4.941738486289982,-4.941738486289982,rise,flat
multi_frequency_lstm,2022-09-20,0.07999999999999963,-0.011422185227274895,2,0,9.142218522727452,-9.142218522727452,rise,fall
multi_frequency_lstm,2022-09-21,-0.06000000000000005,0.006583801470696926,0,1,6.658380147069698,6.658380147069698,fall,flat
multi_frequency_lstm,2022-09-22,0.1900000000000004,-0.008187743835151196,2,1,19.81877438351516,-19.81877438351516,rise,flat
multi_frequency_lstm,2022-09-23,-0.010000000000000231,0.009353895671665668,0,1,1.93538956716659,1.93538956716659,fall,flat
multi_frequency_lstm,2022-09-26,0.18999999999999995,-0.025984015315771103,2,0,21.598401531577103,-21.598401531577103,rise,fall
multi_frequency_lstm,2022-09-27,0.0900000000000003,-0.015588324517011642,2,0,10.558832451701194,-10.558832451701194,rise,fall
multi_frequency_lstm,2022-09-28,-0.25,-0.011787193827331066,0,0,23.821280617266893,23.821280617266893,fall,fall
multi_frequency_lstm,2022-09-29,0.03999999999999959,-0.011662048287689686,2,0,5.166204828768928,-5.166204828768928,rise,fall
multi_frequency_lstm,2022-09-30,0.07000000000000028,0.01500235591083765,2,2,5.499764408916263,-5.499764408916263,rise,rise
multi_frequency_lstm,2022-10-03,-0.16000000000000014,0.02626333385705948,0,2,18.626333385705962,18.626333385705962,fall,rise
multi_frequency_lstm,2022-10-04,-0.04999999999999982,0.01497128326445818,0,2,6.4971283264458,6.4971283264458,fall,rise
multi_frequency_lstm,2022-10-05,0.13999999999999968,-0.01335083693265915,2,0,15.335083693265883,-15.335083693265883,rise,fall
multi_frequency_lstm,2022-10-06,0.07000000000000028,-0.0066637443378567696,2,1,7.666374433785705,-7.666374433785705,rise,flat
multi_frequency_lstm,2022-10-07,0.06000000000000005,-0.0010570866288617253,2,1,6.105708662886178,-6.105708662886178,rise,flat
multi_frequency_lstm,2022-10-11,0.040000000000000036,0.0026836686301976442,2,1,3.731633136980239,-3.731633136980239,rise,flat
multi_frequency_lstm,2022-10-12,-0.020000000000000018,-0.0007989275036379695,0,1,1.9201072496362048,1.9201072496362048,fall,flat
multi_frequency_lstm,2022-10-13,0.06000000000000005,0.004202617798000574,2,1,5.579738220199948,-5.579738220199948,rise,flat
multi_frequency_lstm,2022-10-14,0.029999999999999805,0.0010091589065268636,2,1,2.899084109347294,-2.899084109347294,rise,flat
multi_frequency_lstm,2022-10-17,0.019999999999999574,0.007557941135019064,2,1,1.244205886498051,-1.244205886498051,rise,flat
multi_frequency_lstm,2022-10-18,-0.009999999999999787,0.019367987290024757,1,2,2.9367987290024544,2.9367987290024544,flat,rise
multi_frequency_lstm,2022-10-19,0.1299999999999999,0.02104080095887184,2,2,10.895919904112805,-10.895919904112805,rise,rise
multi_frequency_lstm,2022-10-20,0.10000000000000053,0.020199021324515343,2,2,7.980097867548519,-7.980097867548519,rise,rise
multi_frequency_lstm,2022-10-21,-0.03000000000000025,0.02139529027044773,0,2,5.139529027044798,5.139529027044798,fall,rise
multi_frequency_lstm,2022-10-24,0.040000000000000036,0.013787117786705494,2,2,2.621288221329454,-2.621288221329454,rise,rise
multi_frequency_lstm,2022-10-25,-0.15000000000000036,0.03445593640208244,0,2,18.44559364020828,18.44559364020828,fall,rise
multi_frequency_lstm,2022-10-26,-0.05999999999999961,0.03379976749420166,0,2,9.379976749420127,9.379976749420127,fall,rise
multi_frequency_lstm,2022-10-27,-0.08000000000000007,0.03570062294602394,0,2,11.570062294602401,11.570062294602401,fall,rise
multi_frequency_lstm,2022-10-28,0.05999999999999961,0.04668794199824333,2,2,1.3312058001756277,-1.3312058001756277,rise,rise
multi_frequency_lstm,2022-10-31,0.08000000000000007,0.04271913319826126,2,2,3.728086680173881,-3.728086680173881,rise,rise
multi_frequency_lstm,2022-11-01,-0.02999999999999936,0.04352639243006706,0,2,7.352639243006642,7.352639243006642,fall,rise
multi_frequency_lstm,2022-11-02,0.02999999999999936,0.002327128080651164,2,1,2.7672871919348196,-2.7672871919348196,rise,flat
multi_frequency_lstm,2022-11-03,0.040000000000000036,-0.00021603007917292416,2,1,4.021603007917296,-4.021603007917296,rise,flat
multi_frequency_lstm,2022-11-04,0.03000000000000025,0.0062601384706795216,2,1,2.3739861529320727,-2.3739861529320727,rise,flat
multi_frequency_lstm,2022-11-07,0.04999999999999982,0.010608070529997349,2,2,3.9391929470002474,-3.9391929470002474,rise,rise
multi_frequency_lstm,2022-11-08,-0.08000000000000007,0.03396143764257431,0,2,11.396143764257438,11.396143764257438,fall,rise
multi_frequency_lstm,2022-11-09,-0.019999999999999574,0.00884029921144247,0,1,2.8840299211442044,2.8840299211442044,fall,flat
multi_frequency_lstm,2022-11-10,-0.30000000000000027,0.022178152576088905,0,2,32.21781525760892,32.21781525760892,fall,rise
multi_frequency_lstm,2022-11-14,0.06000000000000005,0.024573946371674538,2,2,3.5426053628325516,-3.5426053628325516,rise,rise
multi_frequency_lstm,2022-11-15,-0.08000000000000007,0.03876602649688721,0,2,11.876602649688728,11.876602649688728,fall,rise
multi_frequency_lstm,2022-11-16,-0.1299999999999999,0.03880201280117035,0,2,16.880201280117024,16.880201280117024,fall,rise
multi_frequency_lstm,2022-11-17,0.10000000000000009,0.02547328546643257,2,2,7.452671453356752,-7.452671453356752,rise,rise
multi_frequency_lstm,2022-11-18,0.04999999999999982,0.03083333931863308,2,2,1.9166660681366743,-1.9166660681366743,rise,rise
multi_frequency_lstm,2022-11-21,0.010000000000000231,0.006565132178366184,2,1,0.34348678216340467,-0.34348678216340467,rise,flat
multi_frequency_lstm,2022-11-22,-0.07000000000000028,0.008500893600285053,0,1,7.850089360028534,7.850089360028534,fall,flat
multi_frequency_lstm,2022-11-23,-0.04999999999999982,-0.009054365567862988,0,1,4.0945634432136835,4.0945634432136835,fall,flat
multi_frequency_lstm,2022-11-25,-0.029999999999999805,-0.020025283098220825,0,0,0.9974716901778979,0.9974716901778979,fall,fall
multi_frequency_lstm,2022-11-28,0.009999999999999787,-0.0041330293752253056,1,1,1.4133029375225092,-1.4133029375225092,flat,flat
multi_frequency_lstm,2022-11-29,0.06000000000000005,0.001983470981940627,2,1,5.801652901805943,-5.801652901805943,rise,flat
multi_frequency_lstm,2022-11-30,-0.06999999999999984,0.008149235509335995,0,1,7.8149235509335835,7.8149235509335835,fall,flat
multi_frequency_lstm,2022-12-01,-0.15000000000000036,-0.010316865518689156,0,0,13.96831344813112,13.96831344813112,fall,fall
multi_frequency_lstm,2022-12-02,-0.020000000000000018,-0.02060830220580101,0,0,0.06083022058009924,-0.06083022058009924,fall,fall
multi_frequency_lstm,2022-12-05,0.0900000000000003,-0.012931110337376595,2,0,10.29311103373769,-10.29311103373769,rise,fall
multi_frequency_lstm,2022-12-06,-0.0900000000000003,0.008360479958355427,0,1,9.836047995835573,9.836047995835573,fall,flat
multi_frequency_lstm,2022-12-07,-0.08999999999999986,-0.005228190217167139,0,1,8.477180978283272,8.477180978283272,fall,flat
multi_frequency_lstm,2022-12-08,0.06000000000000005,-0.02030116692185402,2,0,8.030116692185407,-8.030116692185407,rise,fall
multi_frequency_lstm,2022-12-09,0.08999999999999986,-0.006226988974958658,2,1,9.622698897495852,-9.622698897495852,rise,flat
multi_frequency_lstm,2022-12-12,0.040000000000000036,0.004327623173594475,2,1,3.567237682640556,-3.567237682640556,rise,flat
multi_frequency_lstm,2022-12-13,-0.10000000000000009,0.0019633863121271133,0,1,10.19633863121272,10.19633863121272,fall,flat
multi_frequency_lstm,2022-12-14,-0.019999999999999574,-0.010136946104466915,0,0,0.9863053895532659,0.9863053895532659,fall,fall
multi_frequency_lstm,2022-12-15,-0.050000000000000266,-0.010397654958069324,0,0,3.960234504193094,3.960234504193094,fall,fall
multi_frequency_lstm,2022-12-16,0.040000000000000036,-0.015074033290147781,2,0,5.507403329014782,-5.507403329014782,rise,fall
multi_frequency_lstm,2022-12-19,0.08999999999999986,0.0005280227051116526,2,1,8.94719772948882,-8.94719772948882,rise,flat
multi_frequency_lstm,2022-12-20,0.1200000000000001,0.019020652398467064,2,2,10.097934760153304,-10.097934760153304,rise,rise
multi_frequency_lstm,2022-12-21,-0.009999999999999787,0.010609430260956287,1,2,2.0609430260956074,2.0609430260956074,flat,rise
multi_frequency_lstm,2022-12-22,-0.010000000000000231,-0.010317613370716572,0,0,0.03176133707163409,-0.03176133707163409,fall,fall
multi_frequency_lstm,2022-12-23,0.08000000000000007,-0.004727271851152182,2,1,8.472727185115225,-8.472727185115225,rise,flat
multi_frequency_lstm,2022-12-27,0.08999999999999986,0.00960907805711031,2,1,8.039092194288955,-8.039092194288955,rise,flat
multi_frequency_lstm,2022-12-28,0.040000000000000036,0.03304363042116165,2,2,0.6956369578838384,-0.6956369578838384,rise,rise
multi_frequency_lstm,2022-12-29,-0.04999999999999982,0.012212085537612438,0,2,6.221208553761226,6.221208553761226,fall,rise
multi_frequency_lstm,2022-12-30,0.04999999999999982,-0.003935087006539106,2,1,5.393508700653893,-5.393508700653893,rise,flat
multi_frequency_lstm,2023-01-03,-0.08999999999999986,0.0013713993830606341,0,1,9.13713993830605,9.13713993830605,fall,flat
multi_frequency_lstm,2023-01-04,-0.10000000000000009,0.000795553030911833,0,1,10.079555303091192,10.079555303091192,fall,flat
multi_frequency_lstm,2023-01-05,0.020000000000000018,-0.0035710332449525595,2,1,2.3571033244952577,-2.3571033244952577,rise,flat
multi_frequency_lstm,2023-01-06,-0.16000000000000014,0.010279874317348003,0,2,17.027987431734815,17.027987431734815,fall,rise
multi_frequency_lstm,2023-01-09,-0.020000000000000018,0.009380883537232876,0,1,2.9380883537232894,2.9380883537232894,fall,flat
multi_frequency_lstm,2023-01-10,0.08000000000000007,0.039774712175130844,2,2,4.022528782486923,-4.022528782486923,rise,rise
multi_frequency_lstm,2023-01-11,-0.06999999999999984,0.04490863159298897,0,2,11.49086315929888,11.49086315929888,fall,rise
multi_frequency_lstm,2023-01-12,-0.10999999999999988,0.02543841116130352,0,2,13.54384111613034,13.54384111613034,fall,rise
multi_frequency_lstm,2023-01-13,0.06000000000000005,0.014894703403115273,2,2,4.510529659688478,-4.510529659688478,rise,rise
multi_frequency_lstm,2023-01-17,0.03999999999999959,0.01594190113246441,2,2,2.4058098867535183,-2.4058098867535183,rise,rise
multi_frequency_lstm,2023-01-18,-0.1599999999999997,0.02100357599556446,0,2,18.100357599556418,18.100357599556418,fall,rise
multi_frequency_lstm,2023-01-19,0.020000000000000018,0.000825323339086026,2,1,1.9174676660913992,-1.9174676660913992,rise,flat
multi_frequency_lstm,2023-01-20,0.08999999999999986,0.025000398978590965,2,2,6.499960102140889,-6.499960102140889,rise,rise
multi_frequency_lstm,2023-01-23,0.040000000000000036,0.030063914135098457,2,2,0.9936085864901578,-0.9936085864901578,rise,rise
multi_frequency_lstm,2023-01-24,-0.06000000000000005,0.021047571673989296,0,2,8.104757167398935,8.104757167398935,fall,rise
multi_frequency_lstm,2023-01-25,0.0,-0.005078763701021671,1,1,0.5078763701021671,-0.5078763701021671,flat,flat
multi_frequency_lstm,2023-01-26,0.03000000000000025,-0.014707718044519424,2,0,4.470771804451967,-4.470771804451967,rise,fall
multi_frequency_lstm,2023-01-27,0.029999999999999805,-0.006426788400858641,2,1,3.6426788400858445,-3.6426788400858445,rise,flat
multi_frequency_lstm,2023-01-30,0.029999999999999805,0.0004336368292570114,2,1,2.9566363170742793,-2.9566363170742793,rise,flat
multi_frequency_lstm,2023-01-31,-0.029999999999999805,0.003906553145498037,0,1,3.390655314549784,3.390655314549784,fall,flat
multi_frequency_lstm,2023-02-01,-0.1299999999999999,-0.015570957213640213,0,0,11.442904278635968,11.442904278635968,fall,fall
multi_frequency_lstm,2023-02-02,0.009999999999999787,-0.031915608793497086,1,0,4.191560879349687,-4.191560879349687,flat,fall
multi_frequency_lstm,2023-02-03,0.1299999999999999,-0.005052272696048021,2,1,13.505227269604791,-13.505227269604791,rise,flat
multi_frequency_lstm,2023-02-06,0.10000000000000009,0.02407282218337059,2,2,7.59271778166295,-7.59271778166295,rise,rise
multi_frequency_lstm,2023-02-07,0.040000000000000036,0.025242524221539497,2,2,1.4757475778460538,-1.4757475778460538,rise,rise
multi_frequency_lstm,2023-02-08,-0.040000000000000036,0.015575306490063667,0,2,5.55753064900637,5.55753064900637,fall,rise
multi_frequency_lstm,2023-02-09,0.040000000000000036,-0.0016672741621732712,2,1,4.166727416217331,-4.166727416217331,rise,flat
multi_frequency_lstm,2023-02-10,0.07000000000000028,0.004772489424794912,2,1,6.522751057520537,-6.522751057520537,rise,flat
multi_frequency_lstm,2023-02-13,-0.020000000000000018,0.01283266395330429,0,2,3.283266395330431,3.283266395330431,fall,rise
multi_frequency_lstm,2023-02-14,0.04999999999999982,0.009463300928473473,2,1,4.053669907152635,-4.053669907152635,rise,flat
multi_frequency_lstm,2023-02-15,0.040000000000000036,0.003389224875718355,2,1,3.661077512428168,-3.661077512428168,rise,flat
multi_frequency_lstm,2023-02-16,0.04999999999999982,-0.009290016256272793,2,1,5.9290016256272615,-5.9290016256272615,rise,flat
multi_frequency_lstm,2023-02-17,-0.040000000000000036,0.0028705112636089325,0,1,4.287051126360897,4.287051126360897,fall,flat
multi_frequency_lstm,2023-02-21,0.13000000000000034,-0.005996862892061472,2,1,13.599686289206181,-13.599686289206181,rise,flat
multi_frequency_lstm,2023-02-22,-0.020000000000000018,0.002170970430597663,0,1,2.217097043059768,2.217097043059768,fall,flat
multi_frequency_lstm,2023-02-23,-0.050000000000000266,-0.0073226517997682095,0,1,4.267734820023206,4.267734820023206,fall,flat
multi_frequency_lstm,2023-02-24,0.07000000000000028,-0.0107643473893404,2,0,8.076434738934068,-8.076434738934068,rise,fall
multi_frequency_lstm,2023-02-27,-0.03000000000000025,-0.00523759238421917,0,1,2.476240761578108,2.476240761578108,fall,flat
multi_frequency_lstm,2023-02-28,0.0,-0.00024664055672474205,1,1,0.024664055672474205,-0.024664055672474205,flat,flat
multi_frequency_lstm,2023-03-01,0.08999999999999986,-0.0028378586284816265,2,1,9.283785862848148,-9.283785862848148,rise,flat
multi_frequency_lstm,2023-03-02,0.07000000000000028,0.0027385163120925426,2,1,6.726148368790774,-6.726148368790774,rise,flat
multi_frequency_lstm,2023-03-03,-0.10999999999999988,-0.0013082479126751423,0,1,10.869175208732473,10.869175208732473,fall,flat
multi_frequency_lstm,2023-03-06,0.009999999999999787,-0.008104078471660614,1,1,1.81040784716604,-1.81040784716604,flat,flat
multi_frequency_lstm,2023-03-07,-0.009999999999999787,-0.005010942462831736,1,1,0.4989057537168051,0.4989057537168051,flat,flat
multi_frequency_lstm,2023-03-08,0.009999999999999787,-0.005798328202217817,1,1,1.5798328202217604,-1.5798328202217604,flat,flat
multi_frequency_lstm,2023-03-09,-0.04999999999999982,-0.003454950638115406,0,1,4.654504936188442,4.654504936188442,fall,flat
multi_frequency_lstm,2023-03-10,-0.22999999999999998,0.0002666490327101201,0,1,23.026664903271012,23.026664903271012,fall,flat
multi_frequency_lstm,2023-03-13,-0.15000000000000036,0.009989826008677483,0,1,15.998982600867784,15.998982600867784,fall,flat
multi_frequency_lstm,2023-03-14,0.0900000000000003,-0.0020654937252402306,2,1,9.206549372524053,-9.206549372524053,rise,flat
multi_frequency_lstm,2023-03-15,-0.13000000000000034,0.04953039065003395,0,2,17.95303906500343,17.95303906500343,fall,rise
multi_frequency_lstm,2023-03-16,0.050000000000000266,0.07056078314781189,2,2,2.0560783147811623,2.0560783147811623,rise,rise
multi_frequency_lstm,2023-03-17,-0.16999999999999993,0.006325242575258017,0,1,17.632524257525795,17.632524257525795,fall,flat
multi_frequency_lstm,2023-03-20,0.08000000000000007,0.012821952812373638,2,2,6.717804718762643,-6.717804718762643,rise,rise
multi_frequency_lstm,2023-03-21,0.11999999999999966,-0.008708134293556213,2,1,12.870813429355588,-12.870813429355588,rise,flat
multi_frequency_lstm,2023-03-22,-0.10999999999999988,-0.015686850994825363,0,0,9.431314900517451,9.431314900517451,fall,fall
multi_frequency_lstm,2023-03-23,-0.10000000000000009,-0.0029684233013540506,0,1,9.703157669864604,9.703157669864604,fall,flat
multi_frequency_lstm,2023-03-24,0.0,-0.010987628251314163,1,0,1.0987628251314163,-1.0987628251314163,flat,fall
multi_frequency_lstm,2023-03-27,0.1499999999999999,-0.01508563943207264,2,0,16.508563943207257,-16.508563943207257,rise,fall
multi_frequency_lstm,2023-03-28,0.020000000000000018,0.024091290310025215,2,2,0.40912903100251974,0.40912903100251974,rise,rise
multi_frequency_lstm,2023-03-29,0.020000000000000018,0.009973890148103237,2,1,1.002610985189678,-1.002610985189678,rise,flat
multi_frequency_lstm,2023-03-30,-0.020000000000000018,-0.0011917137308046222,0,1,1.8808286269195396,1.8808286269195396,fall,flat
multi_frequency_lstm,2023-03-31,-0.06999999999999984,-0.0103228148072958,0,0,5.967718519270404,5.967718519270404,fall,fall
multi_frequency_lstm,2023-04-03,-0.04999999999999982,-0.022907264530658722,0,0,2.70927354693411,2.70927354693411,fall,fall
multi_frequency_lstm,2023-04-04,-0.08000000000000007,-0.017413660883903503,0,0,6.258633911609657,6.258633911609657,fall,fall
multi_frequency_lstm,2023-04-05,-0.050000000000000266,-0.01696351170539856,0,0,3.3036488294601707,3.3036488294601707,fall,fall
multi_frequency_lstm,2023-04-06,0.0,-0.00353002711199224,1,1,0.353002711199224,-0.353002711199224,flat,flat
multi_frequency_lstm,2023-04-07,0.0900000000000003,-0.008870827034115791,2,1,9.88708270341161,-9.88708270341161,rise,flat
multi_frequency_lstm,2023-04-10,0.020000000000000018,1.3121824849804398e-05,2,1,1.9986878175150213,-1.9986878175150213,rise,flat
multi_frequency_lstm,2023-04-11,0.020000000000000018,-0.003379768691956997,2,1,2.3379768691957015,-2.3379768691957015,rise,flat
multi_frequency_lstm,2023-04-12,-0.020000000000000018,-0.017415188252925873,0,0,0.2584811747074145,0.2584811747074145,fall,fall
multi_frequency_lstm,2023-04-13,0.040000000000000036,-0.026327811181545258,2,0,6.632781118154529,-6.632781118154529,rise,fall
multi_frequency_lstm,2023-04-14,0.06999999999999984,-0.007651229854673147,2,1,7.765122985467299,-7.765122985467299,rise,flat
multi_frequency_lstm,2023-04-17,0.08000000000000007,0.02382415160536766,2,2,5.617584839463241,-5.617584839463241,rise,rise
multi_frequency_lstm,2023-04-18,-0.020000000000000018,0.015041382983326912,0,2,3.504138298332693,3.504138298332693,fall,rise
multi_frequency_lstm,2023-04-19,0.020000000000000018,0.004236668813973665,2,1,1.5763331186026353,-1.5763331186026353,rise,flat
multi_frequency_lstm,2023-04-20,-0.06000000000000005,0.0033097369596362114,0,1,6.3309736959636265,6.3309736959636265,fall,flat
multi_frequency_lstm,2023-04-21,0.029999999999999805,-0.02672017365694046,2,0,5.6720173656940265,-5.6720173656940265,rise,fall
multi_frequency_lstm,2023-04-24,-0.04999999999999982,0.0002685086219571531,0,1,5.0268508621956975,5.0268508621956975,fall,flat
multi_frequency_lstm,2023-04-25,-0.1200000000000001,-0.0007312911911867559,0,1,11.926870880881335,11.926870880881335,fall,flat
multi_frequency_lstm,2023-04-26,0.03000000000000025,-0.009253174066543579,2,1,3.925317406654383,-3.925317406654383,rise,flat
multi_frequency_lstm,2023-04-27,0.09999999999999964,0.02445736713707447,2,2,7.554263286292517,-7.554263286292517,rise,rise
multi_frequency_lstm,2023-04-28,-0.08999999999999986,0.02308141626417637,0,2,11.308141626417623,11.308141626417623,fall,rise
multi_frequency_lstm,2023-05-01,0.1499999999999999,-0.012576810084283352,2,0,16.257681008428328,-16.257681008428328,rise,fall
multi_frequency_lstm,2023-05-02,-0.1499999999999999,0.03309912234544754,0,2,18.309912234544747,18.309912234544747,fall,rise
multi_frequency_lstm,2023-05-03,-0.06000000000000005,-0.010776260867714882,0,0,4.922373913228517,4.922373913228517,fall,fall
multi_frequency_lstm,2023-05-04,-0.009999999999999787,0.00429691094905138,1,1,1.4296910949051167,1.4296910949051167,flat,flat
multi_frequency_lstm,2023-05-05,0.06999999999999984,0.029928114265203476,2,2,4.007188573479636,-4.007188573479636,rise,rise
multi_frequency_lstm,2023-05-08,0.08000000000000007,0.028910228982567787,2,2,5.108977101743228,-5.108977101743228,rise,rise
multi_frequency_lstm,2023-05-09,0.009999999999999787,0.04127156361937523,1,2,3.127156361937544,3.127156361937544,flat,rise
multi_frequency_lstm,2023-05-10,-0.09999999999999964,0.01743803359568119,0,2,11.743803359568084,11.743803359568084,fall,rise
multi_frequency_lstm,2023-05-11,-0.040000000000000036,-0.01711294800043106,0,0,2.2887051999568975,2.2887051999568975,fall,fall
multi_frequency_lstm,2023-05-12,0.06999999999999984,-0.02284754253923893,2,0,9.284754253923877,-9.284754253923877,rise,fall
multi_frequency_lstm,2023-05-15,0.040000000000000036,0.017711734399199486,2,2,2.228826560080055,-2.228826560080055,rise,rise
multi_frequency_lstm,2023-05-16,0.040000000000000036,0.023140285164117813,2,2,1.6859714835882222,-1.6859714835882222,rise,rise
multi_frequency_lstm,2023-05-17,0.029999999999999805,0.015369605273008347,2,2,1.4630394726991458,-1.4630394726991458,rise,rise
multi_frequency_lstm,2023-05-18,0.08000000000000007,0.007281375117599964,2,1,7.271862488240011,-7.271862488240011,rise,flat
multi_frequency_lstm,2023-05-19,0.050000000000000266,0.014974362216889858,2,2,3.502563778311041,-3.502563778311041,rise,rise
multi_frequency_lstm,2023-05-22,0.020000000000000018,0.006644402164965868,2,1,1.335559783503415,-1.335559783503415,rise,flat
multi_frequency_lstm,2023-05-23,-0.020000000000000018,0.02181820571422577,0,2,4.181820571422579,4.181820571422579,fall,rise
multi_frequency_lstm,2023-05-24,0.029999999999999805,0.004970226436853409,2,1,2.5029773563146396,-2.5029773563146396,rise,flat
multi_frequency_lstm,2023-05-25,0.10000000000000009,0.00722491042688489,2,1,9.27750895731152,-9.27750895731152,rise,flat
multi_frequency_lstm,2023-05-26,-0.03000000000000025,0.010552427731454372,0,2,4.055242773145462,4.055242773145462,fall,rise
multi_frequency_lstm,2023-05-30,-0.10999999999999988,-0.008695070631802082,0,1,10.13049293681978,10.13049293681978,fall,flat
multi_frequency_lstm,2023-05-31,-0.04999999999999982,0.01478978618979454,0,2,6.478978618979436,6.478978618979436,fall,rise
multi_frequency_lstm,2023-06-01,-0.03000000000000025,-0.002901705214753747,0,1,2.70982947852465,2.70982947852465,fall,flat
multi_frequency_lstm,2023-06-02,0.08000000000000007,0.0033089390490204096,2,1,7.669106095097966,-7.669106095097966,rise,flat
multi_frequency_lstm,2023-06-05,0.0,0.022211262956261635,1,2,2.2211262956261635,2.2211262956261635,flat,rise
multi_frequency_lstm,2023-06-06,0.010000000000000231,0.015826603397727013,2,2,0.5826603397726782,0.5826603397726782,rise,rise
multi_frequency_lstm,2023-06-07,0.08999999999999986,-0.01634974777698517,2,0,10.634974777698503,-10.634974777698503,rise,fall
multi_frequency_lstm,2023-06-08,-0.06000000000000005,-0.0044584074057638645,0,1,5.554159259423619,5.554159259423619,fall,flat
multi_frequency_lstm,2023-06-09,0.020000000000000018,-0.04024554044008255,2,0,6.024554044008257,-6.024554044008257,rise,fall
multi_frequency_lstm,2023-06-12,-0.020000000000000018,-0.02292412333190441,0,0,0.29241233319043936,-0.29241233319043936,fall,fall
multi_frequency_lstm,2023-06-13,0.10999999999999988,-0.027859589084982872,2,0,13.785958908498275,-13.785958908498275,rise,fall
multi_frequency_lstm,2023-06-14,-0.009999999999999787,-0.004677775781601667,1,1,0.5322224218398119,0.5322224218398119,flat,flat
multi_frequency_lstm,2023-06-15,-0.10999999999999988,-0.036194268614053726,0,0,7.380573138594615,7.380573138594615,fall,fall
multi_frequency_lstm,2023-06-16,0.04999999999999982,-0.04786062240600586,2,0,9.786062240600568,-9.786062240600568,rise,fall
multi_frequency_lstm,2023-06-20,-0.029999999999999805,-0.016867082566022873,0,0,1.3132917433976932,1.3132917433976932,fall,fall
multi_frequency_lstm,2023-06-21,-0.020000000000000018,-0.01738082990050316,0,0,0.2619170099496859,0.2619170099496859,fall,fall
multi_frequency_lstm,2023-06-22,0.07999999999999963,-0.013812383636832237,2,0,9.381238363683186,-9.381238363683186,rise,fall
multi_frequency_lstm,2023-06-23,-0.05999999999999961,0.005306111183017492,0,1,6.53061111830171,6.53061111830171,fall,flat
multi_frequency_lstm,2023-06-26,-0.020000000000000018,-0.01781483367085457,0,0,0.21851663291454493,0.21851663291454493,fall,fall
multi_frequency_lstm,2023-06-27,0.04999999999999982,-0.003449133364483714,2,1,5.344913336448354,-5.344913336448354,rise,flat
multi_frequency_lstm,2023-06-28,-0.06000000000000005,-0.006044810637831688,0,1,5.3955189362168365,5.3955189362168365,fall,flat
multi_frequency_lstm,2023-06-29,0.14000000000000012,-0.014676879160106182,2,0,15.46768791601063,-15.46768791601063,rise,fall
multi_frequency_lstm,2023-06-30,-0.040000000000000036,0.019653143361210823,0,2,5.965314336121086,5.965314336121086,fall,rise
multi_frequency_lstm,2023-07-03,0.04999999999999982,-0.018663901835680008,2,0,6.866390183567983,-6.866390183567983,rise,fall
multi_frequency_lstm,2023-07-05,0.0900000000000003,-0.022272439673542976,2,0,11.227243967354328,-11.227243967354328,rise,fall
multi_frequency_lstm,2023-07-06,0.09999999999999964,-0.012064971029758453,2,0,11.20649710297581,-11.20649710297581,rise,fall
multi_frequency_lstm,2023-07-07,0.009999999999999787,-0.012143891304731369,1,0,2.2143891304731156,-2.2143891304731156,flat,fall
multi_frequency_lstm,2023-07-10,-0.04999999999999982,-0.008442540653049946,0,1,4.155745934694988,4.155745934694988,fall,flat
multi_frequency_lstm,2023-07-11,-0.019999999999999574,-0.0004215661610942334,0,1,1.957843383890534,1.957843383890534,fall,flat
multi_frequency_lstm,2023-07-12,-0.13000000000000034,0.00276413862593472,0,1,13.276413862593506,13.276413862593506,fall,flat
multi_frequency_lstm,2023-07-13,-0.10000000000000009,-0.00011329803237458691,0,1,9.98867019676255,9.98867019676255,fall,flat
multi_frequency_lstm,2023-07-14,0.07000000000000028,0.021443380042910576,2,2,4.855661995708971,-4.855661995708971,rise,rise
multi_frequency_lstm,2023-07-17,-0.020000000000000018,0.010228476487100124,0,2,3.022847648710014,3.022847648710014,fall,rise
multi_frequency_lstm,2023-07-18,-0.010000000000000231,0.013019389472901821,0,2,2.301938947290205,2.301938947290205,fall,rise
multi_frequency_lstm,2023-07-19,-0.04999999999999982,0.010130479000508785,0,2,6.013047900050861,6.013047900050861,fall,rise
multi_frequency_lstm,2023-07-20,0.10000000000000009,-0.01039952039718628,2,0,11.039952039718637,-11.039952039718637,rise,fall
multi_frequency_lstm,2023-07-21,-0.010000000000000231,0.008001958951354027,0,1,1.8001958951354258,1.8001958951354258,fall,flat
multi_frequency_lstm,2023-07-24,0.020000000000000018,0.005804532207548618,2,1,1.41954677924514,-1.41954677924514,rise,flat
multi_frequency_lstm,2023-07-25,0.050000000000000266,0.005261976271867752,2,1,4.473802372813251,-4.473802372813251,rise,flat
multi_frequency_lstm,2023-07-26,-0.050000000000000266,0.003394397208467126,0,1,5.339439720846739,5.339439720846739,fall,flat
multi_frequency_lstm,2023-07-27,0.1499999999999999,-0.0034127305261790752,2,1,15.341273052617899,-15.341273052617899,rise,flat
multi_frequency_lstm,2023-07-28,-0.04999999999999982,0.021801618859171867,0,2,7.180161885917169,7.180161885917169,fall,rise
multi_frequency_lstm,2023-07-31,0.010000000000000231,0.002080358564853668,2,1,0.7919641435146563,-0.7919641435146563,rise,flat
multi_frequency_lstm,2023-08-01,0.07999999999999963,0.0011084740981459618,2,1,7.8891525901853665,-7.8891525901853665,rise,flat
multi_frequency_lstm,2023-08-02,0.03000000000000025,0.021800242364406586,2,2,0.8199757635593663,-0.8199757635593663,rise,rise
multi_frequency_lstm,2023-08-03,0.1200000000000001,0.010646306909620762,2,2,10.935369309037934,-10.935369309037934,rise,rise
multi_frequency_lstm,2023-08-04,-0.15000000000000036,0.03129671514034271,0,2,18.129671514034307,18.129671514034307,fall,rise
multi_frequency_lstm,2023-08-07,0.040000000000000036,0.006045136600732803,2,1,3.395486339926723,-3.395486339926723,rise,flat
multi_frequency_lstm,2023-08-08,-0.07000000000000028,0.01441434770822525,0,2,8.441434770822553,8.441434770822553,fall,rise
multi_frequency_lstm,2023-08-09,-0.019999999999999574,0.010777606628835201,0,2,3.0777606628834775,3.0777606628834775,fall,rise
multi_frequency_lstm,2023-08-10,0.08999999999999986,0.006532448809593916,2,1,8.346755119040594,-8.346755119040594,rise,flat
multi_frequency_lstm,2023-08-11,0.07000000000000028,0.016850324347615242,2,2,5.314967565238504,-5.314967565238504,rise,rise
multi_frequency_lstm,2023-08-14,0.03000000000000025,0.0114888995885849,2,2,1.8511100411415349,-1.8511100411415349,rise,rise
multi_frequency_lstm,2023-08-15,0.019999999999999574,0.00967826135456562,2,1,1.0321738645433953,-1.0321738645433953,rise,flat
multi_frequency_lstm,2023-08-16,0.07000000000000028,0.0037000845186412334,2,1,6.629991548135905,-6.629991548135905,rise,flat
multi_frequency_lstm,2023-08-17,0.019999999999999574,0.011147168464958668,2,2,0.8852831535040906,-0.8852831535040906,rise,rise
multi_frequency_lstm,2023-08-18,-0.040000000000000036,0.012014662846922874,0,2,5.201466284692291,5.201466284692291,fall,rise
multi_frequency_lstm,2023-08-21,0.08000000000000007,0.010595687665045261,2,2,6.940431233495481,-6.940431233495481,rise,rise
multi_frequency_lstm,2023-08-22,0.0,0.029530074447393417,1,2,2.9530074447393417,2.9530074447393417,flat,rise
multi_frequency_lstm,2023-08-23,-0.14999999999999947,0.014111733995378017,0,2,16.41117339953775,16.41117339953775,fall,rise
multi_frequency_lstm,2023-08-24,0.040000000000000036,-3.0147180950734764e-05,2,1,4.003014718095077,-4.003014718095077,rise,flat
multi_frequency_lstm,2023-08-25,0.019999999999999574,0.013113328255712986,2,2,0.6886671744286588,-0.6886671744286588,rise,rise
multi_frequency_lstm,2023-08-28,-0.04999999999999982,0.012152101844549179,0,2,6.2152101844549,6.2152101844549,fall,rise
multi_frequency_lstm,2023-08-29,-0.08000000000000007,0.0003346251614857465,0,1,8.033462516148582,8.033462516148582,fall,flat
multi_frequency_lstm,2023-08-30,0.0,-0.00016265687008854002,1,1,0.016265687008854002,-0.016265687008854002,flat,flat
multi_frequency_lstm,2023-08-31,-0.03000000000000025,0.006321519613265991,0,1,3.632151961326624,3.632151961326624,fall,flat
multi_frequency_lstm,2023-09-01,0.08999999999999986,0.004608589690178633,2,1,8.539141030982123,-8.539141030982123,rise,flat
multi_frequency_lstm,2023-09-05,0.08999999999999986,0.020825939252972603,2,2,6.9174060747027255,-6.9174060747027255,rise,rise
multi_frequency_lstm,2023-09-06,0.03000000000000025,0.026011094450950623,2,2,0.3988905549049626,-0.3988905549049626,rise,rise
multi_frequency_lstm,2023-09-07,-0.03000000000000025,-0.001294539077207446,0,1,2.8705460922792803,2.8705460922792803,fall,flat
multi_frequency_lstm,2023-09-08,-0.009999999999999787,-0.010000554844737053,1,0,5.548447372660803e-05,-5.548447372660803e-05,flat,fall
multi_frequency_lstm,2023-09-11,0.03000000000000025,-0.008135993964970112,2,1,3.813599396497036,-3.813599396497036,rise,flat
multi_frequency_lstm,2023-09-12,-0.020000000000000462,-0.005390647798776627,0,1,1.4609352201223835,1.4609352201223835,fall,flat
multi_frequency_lstm,2023-09-13,-0.019999999999999574,-0.0040161446668207645,0,1,1.598385533317881,1.598385533317881,fall,flat
multi_frequency_lstm,2023-09-14,0.040000000000000036,-0.0049749575555324554,2,1,4.497495755553249,-4.497495755553249,rise,flat
multi_frequency_lstm,2023-09-15,0.040000000000000036,0.0015894441166892648,2,1,3.841055588331077,-3.841055588331077,rise,flat
multi_frequency_lstm,2023-09-18,-0.009999999999999787,0.0016840574098750949,1,1,1.1684057409874882,1.1684057409874882,flat,flat
multi_frequency_lstm,2023-09-19,0.04999999999999982,-0.008981890045106411,2,1,5.898189004510623,-5.898189004510623,rise,flat
multi_frequency_lstm,2023-09-20,-0.020000000000000462,-0.003563910722732544,0,1,1.6436089277267918,1.6436089277267918,fall,flat
multi_frequency_lstm,2023-09-21,0.14000000000000057,-0.013178708963096142,2,0,15.317870896309671,-15.317870896309671,rise,fall
multi_frequency_lstm,2023-09-22,-0.04999999999999982,0.012194793671369553,0,2,6.2194793671369375,6.2194793671369375,fall,rise
multi_frequency_lstm,2023-09-25,0.10999999999999943,0.0003776313387788832,2,1,10.962236866122055,-10.962236866122055,rise,flat
multi_frequency_lstm,2023-09-26,0.009999999999999787,0.013650789856910706,1,2,0.3650789856910919,0.3650789856910919,flat,rise
multi_frequency_lstm,2023-09-27,0.05000000000000071,0.015286491252481937,2,2,3.4713508747518773,-3.4713508747518773,rise,rise
multi_frequency_lstm,2023-09-28,-0.020000000000000462,0.017966682091355324,0,2,3.7966682091355786,3.7966682091355786,fall,rise
multi_frequency_lstm,2023-09-29,0.0,0.004127302672713995,1,1,0.4127302672713995,0.4127302672713995,flat,flat
multi_frequency_lstm,2023-10-02,0.10000000000000053,0.011334872804582119,2,2,8.866512719541841,-8.866512719541841,rise,rise
multi_frequency_lstm,2023-10-03,0.11999999999999922,0.019361132755875587,2,2,10.063886724412363,-10.063886724412363,rise,rise
multi_frequency_lstm,2023-10-04,-0.07999999999999918,0.021194132044911385,0,2,10.119413204491057,10.119413204491057,fall,rise
multi_frequency_lstm,2023-10-05,-0.010000000000000675,0.0065374551340937614,0,1,1.6537455134094436,1.6537455134094436,fall,flat
multi_frequency_lstm,2023-10-06,0.0600000000000005,0.006913251709192991,2,1,5.308674829080751,-5.308674829080751,rise,flat
multi_frequency_lstm,2023-10-10,-0.1200000000000001,0.017640911042690277,0,2,13.764091104269038,13.764091104269038,fall,rise
multi_frequency_lstm,2023-10-11,-0.08000000000000007,0.011260113678872585,0,2,9.126011367887266,9.126011367887266,fall,rise
multi_frequency_lstm,2023-10-12,0.1200000000000001,0.010604950599372387,2,2,10.939504940062772,-10.939504940062772,rise,rise
multi_frequency_lstm,2023-10-13,-0.07000000000000028,0.04022546112537384,0,2,11.022546112537412,11.022546112537412,fall,rise
multi_frequency_lstm,2023-10-16,0.08000000000000007,0.01408546045422554,2,2,6.591453954577453,-6.591453954577453,rise,rise
multi_frequency_lstm,2023-10-17,0.1200000000000001,0.03305540978908539,2,2,8.694459021091472,-8.694459021091472,rise,rise
multi_frequency_lstm,2023-10-18,0.08000000000000007,0.03136371448636055,2,2,4.863628551363952,-4.863628551363952,rise,rise
multi_frequency_lstm,2023-10-19,0.07000000000000028,0.014034970663487911,2,2,5.596502933651237,-5.596502933651237,rise,rise
multi_frequency_lstm,2023-10-20,-0.05000000000000071,0.011925841681659222,0,2,6.192584168165993,6.192584168165993,fall,rise
multi_frequency_lstm,2023-10-23,-0.0699999999999994,0.01274951919913292,0,2,8.274951919913232,8.274951919913232,fall,rise
multi_frequency_lstm,2023-10-24,-0.03000000000000025,0.0182745810598135,0,2,4.827458105981375,4.827458105981375,fall,rise
multi_frequency_lstm,2023-10-25,0.1200000000000001,0.01457858644425869,2,2,10.542141355574142,-10.542141355574142,rise,rise
multi_frequency_lstm,2023-10-26,-0.08999999999999986,0.027915026992559433,0,2,11.791502699255929,11.791502699255929,fall,rise
multi_frequency_lstm,2023-10-27,-0.020000000000000462,5.2484690968412906e-05,0,1,2.0052484690968875,2.0052484690968875,fall,flat
multi_frequency_lstm,2023-10-30,0.040000000000000036,0.005650393199175596,2,1,3.434960680082444,-3.434960680082444,rise,flat
multi_frequency_lstm,2023-10-31,0.0,0.011454812251031399,1,2,1.1454812251031399,1.1454812251031399,flat,rise
multi_frequency_lstm,2023-11-01,-0.11000000000000032,0.010802188888192177,0,2,12.08021888881925,12.08021888881925,fall,rise
multi_frequency_lstm,2023-11-02,-0.09999999999999964,-0.009811583906412125,0,1,9.018841609358752,9.018841609358752,fall,flat
multi_frequency_lstm,2023-11-03,-0.09999999999999964,-0.01498127356171608,0,0,8.501872643828357,8.501872643828357,fall,fall
multi_frequency_lstm,2023-11-06,0.09999999999999964,-0.005051668267697096,2,1,10.505166826769674,-10.505166826769674,rise,flat
multi_frequency_lstm,2023-11-07,-0.08999999999999986,0.019795527681708336,0,2,10.97955276817082,10.97955276817082,fall,rise
multi_frequency_lstm,2023-11-08,-0.08999999999999986,0.0033633559942245483,0,1,9.33633559942244,9.33633559942244,fall,flat
multi_frequency_lstm,2023-11-09,0.1299999999999999,-0.006603955756872892,2,1,13.660395575687279,-13.660395575687279,rise,flat
multi_frequency_lstm,2023-11-10,-0.009999999999999787,0.035994719713926315,1,2,4.59947197139261,4.59947197139261,flat,rise
multi_frequency_lstm,2023-11-13,0.019999999999999574,-0.004108260851353407,2,1,2.410826085135298,-2.410826085135298,rise,flat
multi_frequency_lstm,2023-11-14,-0.1899999999999995,0.0016788745997473598,0,1,19.167887459974686,19.167887459974686,fall,flat
multi_frequency_lstm,2023-11-15,0.08999999999999986,-0.018578138202428818,2,0,10.857813820242868,-10.857813820242868,rise,fall
multi_frequency_lstm,2023-11-16,-0.08000000000000007,0.010593749582767487,0,2,9.059374958276756,9.059374958276756,fall,rise
multi_frequency_lstm,2023-11-17,-0.009999999999999787,-0.004503305070102215,1,1,0.5496694929897572,0.5496694929897572,flat,flat
multi_frequency_lstm,2023-11-20,-0.020000000000000462,-0.0029582735151052475,0,1,1.7041726484895214,1.7041726484895214,fall,flat
multi_frequency_lstm,2023-11-21,-0.009999999999999787,-0.0040390887297689915,1,1,0.5960911270230795,0.5960911270230795,flat,flat
multi_frequency_lstm,2023-11-22,0.009999999999999787,-0.008116591721773148,1,1,1.8116591721772934,-1.8116591721772934,flat,flat
multi_frequency_lstm,2023-11-24,0.04999999999999982,-0.00017530116019770503,2,1,5.017530116019753,-5.017530116019753,rise,flat
multi_frequency_lstm,2023-11-27,-0.08000000000000007,0.0038936869241297245,0,1,8.38936869241298,8.38936869241298,fall,flat
multi_frequency_lstm,2023-11-28,-0.04999999999999982,-0.01792900077998638,0,0,3.207099922001344,3.207099922001344,fall,fall
multi_frequency_lstm,2023-11-29,-0.07000000000000028,-0.011717147193849087,0,0,5.82828528061512,5.82828528061512,fall,fall
multi_frequency_lstm,2023-11-30,0.10000000000000053,-0.014290118589997292,2,0,11.429011858999782,-11.429011858999782,rise,fall
multi_frequency_lstm,2023-12-01,-0.15000000000000036,0.011883293278515339,0,2,16.18832932785157,16.18832932785157,fall,rise
multi_frequency_lstm,2023-12-04,0.0600000000000005,-0.008047042414546013,2,1,6.804704241454651,-6.804704241454651,rise,flat
multi_frequency_lstm,2023-12-05,-0.10000000000000053,0.004261309746652842,0,1,10.426130974665337,10.426130974665337,fall,flat
multi_frequency_lstm,2023-12-06,-0.05999999999999961,-0.008849987760186195,0,1,5.115001223981341,5.115001223981341,fall,flat
multi_frequency_lstm,2023-12-07,0.019999999999999574,-0.014568551443517208,2,0,3.456855144351678,-3.456855144351678,rise,fall
multi_frequency_lstm,2023-12-08,0.09000000000000075,0.00860300287604332,2,1,8.139699712395743,-8.139699712395743,rise,flat
multi_frequency_lstm,2023-12-11,0.0,0.013694771565496922,1,2,1.3694771565496922,1.3694771565496922,flat,rise
multi_frequency_lstm,2023-12-12,-0.03000000000000025,0.0024648138787597418,0,1,3.246481387875999,3.246481387875999,fall,flat
multi_frequency_lstm,2023-12-13,-0.16000000000000014,-0.01125307846814394,0,0,14.87469215318562,14.87469215318562,fall,fall
multi_frequency_lstm,2023-12-14,-0.1200000000000001,-0.020040113478899002,0,0,9.99598865211011,9.99598865211011,fall,fall
multi_frequency_lstm,2023-12-15,-0.009999999999999787,-0.01473528053611517,1,0,0.47352805361153827,-0.47352805361153827,flat,fall
multi_frequency_lstm,2023-12-18,0.040000000000000036,0.004815744236111641,2,1,3.5184255763888395,-3.5184255763888395,rise,flat
multi_frequency_lstm,2023-12-19,-0.020000000000000018,0.020983261987566948,0,2,4.098326198756697,4.098326198756697,fall,rise
multi_frequency_lstm,2023-12-20,-0.07000000000000028,0.015669656917452812,0,2,8.56696569174531,8.56696569174531,fall,rise
multi_frequency_lstm,2023-12-21,0.03000000000000025,-0.004080339800566435,2,1,3.4080339800566684,-3.4080339800566684,rise,flat
multi_frequency_lstm,2023-12-22,0.009999999999999787,-0.005571122281253338,1,1,1.5571122281253125,-1.5571122281253125,flat,flat
multi_frequency_lstm,2023-12-26,-0.009999999999999787,-0.006253853440284729,1,1,0.3746146559715058,0.3746146559715058,flat,flat
multi_frequency_lstm,2023-12-27,-0.10000000000000009,-0.01050864439457655,0,0,8.949135560542354,8.949135560542354,fall,fall
multi_frequency_lstm,2023-12-28,0.04999999999999982,-0.011569972150027752,2,0,6.156997215002757,-6.156997215002757,rise,fall
multi_frequency_lstm,2023-12-29,0.040000000000000036,-0.0017728309612721205,2,1,4.177283096127216,-4.177283096127216,rise,flat
multi_frequency_lstm,2024-01-02,0.07000000000000028,0.0005864768172614276,2,1,6.941352318273886,-6.941352318273886,rise,flat
multi_frequency_lstm,2024-01-03,-0.040000000000000036,0.008161664009094238,0,1,4.816166400909427,4.816166400909427,fall,flat
multi_frequency_lstm,2024-01-04,0.08000000000000007,-0.011322468519210815,2,0,9.132246851921089,-9.132246851921089,rise,fall
multi_frequency_lstm,2024-01-05,0.05999999999999961,0.0054963864386081696,2,1,5.450361356139144,-5.450361356139144,rise,flat
multi_frequency_lstm,2024-01-08,-0.040000000000000036,0.010527754202485085,0,2,5.052775420248512,5.052775420248512,fall,rise
multi_frequency_lstm,2024-01-09,0.009999999999999787,-0.004099481273442507,1,1,1.4099481273442294,-1.4099481273442294,flat,flat
multi_frequency_lstm,2024-01-10,0.020000000000000462,-0.002280313288792968,2,1,2.228031328879343,-2.228031328879343,rise,flat
multi_frequency_lstm,2024-01-11,-0.06000000000000005,-0.0047354320995509624,0,1,5.526456790044909,5.526456790044909,fall,flat
multi_frequency_lstm,2024-01-12,-0.020000000000000018,-0.012762272730469704,0,0,0.7237727269530314,0.7237727269530314,fall,fall
multi_frequency_lstm,2024-01-16,0.11000000000000032,-0.009434289298951626,2,1,11.943428929895195,-11.943428929895195,rise,flat
multi_frequency_lstm,2024-01-17,0.02999999999999936,0.022428736090660095,2,2,0.7571263909339265,-0.7571263909339265,rise,rise
multi_frequency_lstm,2024-01-18,0.040000000000000036,0.019381806254386902,2,2,2.0618193745613134,-2.0618193745613134,rise,rise
multi_frequency_lstm,2024-01-19,0.010000000000000675,0.022426040843129158,2,2,1.2426040843128483,1.2426040843128483,rise,rise
multi_frequency_lstm,2024-01-22,-0.040000000000000036,0.010174209251999855,0,2,5.017420925199989,5.017420925199989,fall,rise
multi_frequency_lstm,2024-01-23,0.02999999999999936,0.00024834045325405896,2,1,2.97516595467453,-2.97516595467453,rise,flat
multi_frequency_lstm,2024-01-24,0.040000000000000036,0.010179020464420319,2,2,2.9820979535579717,-2.9820979535579717,rise,rise
multi_frequency_lstm,2024-01-25,-0.040000000000000036,0.020729167386889458,0,2,6.072916738688949,6.072916738688949,fall,rise
multi_frequency_lstm,2024-01-26,0.010000000000000675,0.003512795316055417,2,1,0.6487204683945258,-0.6487204683945258,rise,flat
multi_frequency_lstm,2024-01-29,-0.07000000000000028,0.01817900314927101,0,2,8.81790031492713,8.81790031492713,fall,rise
multi_frequency_lstm,2024-01-30,-0.020000000000000462,0.013193991035223007,0,2,3.319399103522347,3.319399103522347,fall,rise
multi_frequency_lstm,2024-01-31,-0.0699999999999994,0.010648963041603565,0,2,8.064896304160296,8.064896304160296,fall,rise
multi_frequency_lstm,2024-02-01,-0.1200000000000001,0.0054790787398815155,0,1,12.547907873988162,12.547907873988162,fall,flat
multi_frequency_lstm,2024-02-02,0.16000000000000014,-0.0016172698233276606,2,1,16.16172698233278,-16.16172698233278,rise,flat
multi_frequency_lstm,2024-02-05,0.13999999999999968,0.03756789118051529,2,2,10.243210881948439,-10.243210881948439,rise,rise
multi_frequency_lstm,2024-02-06,-0.08000000000000007,0.04785987734794617,0,2,12.785987734794624,12.785987734794624,fall,rise
multi_frequency_lstm,2024-02-07,0.0,0.006159948650747538,1,1,0.6159948650747538,0.6159948650747538,flat,flat
multi_frequency_lstm,2024-02-08,0.0600000000000005,0.005405392963439226,2,1,5.459460703656127,-5.459460703656127,rise,flat
multi_frequency_lstm,2024-02-09,0.019999999999999574,0.0041563790291547775,2,1,1.5843620970844796,-1.5843620970844796,rise,flat
multi_frequency_lstm,2024-02-12,0.0,0.006793726701289415,1,1,0.6793726701289415,0.6793726701289415,flat,flat
multi_frequency_lstm,2024-02-13,0.13999999999999968,0.0023818835616111755,2,1,13.76181164383885,-13.76181164383885,rise,flat
multi_frequency_lstm,2024-02-14,-0.040000000000000036,0.010938107967376709,0,2,5.0938107967376745,5.0938107967376745,fall,rise
multi_frequency_lstm,2024-02-15,-0.02999999999999936,-0.007512998301535845,0,1,2.2487001698463516,2.2487001698463516,fall,flat
multi_frequency_lstm,2024-02-16,0.05999999999999961,-0.006169789936393499,2,1,6.616978993639311,-6.616978993639311,rise,flat
multi_frequency_lstm,2024-02-20,-0.03000000000000025,-0.0013544624671339989,0,1,2.864553753286625,2.864553753286625,fall,flat
multi_frequency_lstm,2024-02-21,0.05000000000000071,-0.003970385994762182,2,1,5.397038599476289,-5.397038599476289,rise,flat
multi_frequency_lstm,2024-02-22,0.009999999999999787,0.011203293688595295,1,2,0.12032936885955081,0.12032936885955081,flat,rise
multi_frequency_lstm,2024-02-23,-0.07000000000000028,-0.0006706434651277959,0,1,6.932935653487249,6.932935653487249,fall,flat
multi_frequency_lstm,2024-02-26,0.020000000000000462,-0.016864489763975143,2,0,3.6864489763975605,-3.6864489763975605,rise,fall
multi_frequency_lstm,2024-02-27,0.02999999999999936,-0.0018521506572142243,2,1,3.1852150657213585,-3.1852150657213585,rise,flat
multi_frequency_lstm,2024-02-28,-0.040000000000000036,0.0016245275037363172,0,1,4.162452750373635,4.162452750373635,fall,flat
multi_frequency_lstm,2024-02-29,-0.019999999999999574,-0.0046582832001149654,0,1,1.5341716799884608,1.5341716799884608,fall,flat
multi_frequency_lstm,2024-03-01,-0.05999999999999961,0.0019985067192465067,0,1,6.199850671924612,6.199850671924612,fall,flat
multi_frequency_lstm,2024-03-04,0.02999999999999936,-0.001663185190409422,2,1,3.1663185190408782,-3.1663185190408782,rise,flat
multi_frequency_lstm,2024-03-05,-0.08999999999999986,0.01446418184787035,0,2,10.44641818478702,10.44641818478702,fall,rise
multi_frequency_lstm,2024-03-06,-0.019999999999999574,0.008238480426371098,0,1,2.823848042637067,2.823848042637067,fall,flat
multi_frequency_lstm,2024-03-07,-0.020000000000000462,-0.0015191863058134913,0,1,1.848081369418697,1.848081369418697,fall,flat
multi_frequency_lstm,2024-03-08,0.0,0.007564118131995201,1,1,0.7564118131995201,0.7564118131995201,flat,flat
multi_frequency_lstm,2024-03-11,0.009999999999999787,-0.0005138872656971216,1,1,1.0513887265696908,-1.0513887265696908,flat,flat
multi_frequency_lstm,2024-03-12,0.0600000000000005,0.006387694273144007,2,1,5.361230572685649,-5.361230572685649,rise,flat
multi_frequency_lstm,2024-03-13,0.03000000000000025,0.010217126458883286,2,2,1.9782873541116963,-1.9782873541116963,rise,rise
multi_frequency_lstm,2024-03-14,0.09999999999999964,0.0071204835548996925,2,1,9.287951644509995,-9.287951644509995,rise,flat
multi_frequency_lstm,2024-03-15,0.019999999999999574,0.01404150202870369,2,2,0.5958497971295884,-0.5958497971295884,rise,rise
multi_frequency_lstm,2024-03-18,0.03000000000000025,-0.006247274111956358,2,1,3.6247274111956607,-3.6247274111956607,rise,flat
multi_frequency_lstm,2024-03-19,-0.040000000000000036,-0.004112076945602894,0,1,3.588792305439714,3.588792305439714,fall,flat
multi_frequency_lstm,2024-03-20,-0.03000000000000025,-0.007420067209750414,0,1,2.2579932790249835,2.2579932790249835,fall,flat
multi_frequency_lstm,2024-03-21,0.0,-0.00905322004109621,1,1,0.905322004109621,-0.905322004109621,flat,flat
multi_frequency_lstm,2024-03-22,-0.04999999999999982,-0.0007173290941864252,0,1,4.92826709058134,4.92826709058134,fall,flat
multi_frequency_lstm,2024-03-25,0.03000000000000025,-0.004800933413207531,2,1,3.480093341320778,-3.480093341320778,rise,flat
multi_frequency_lstm,2024-03-26,-0.009999999999999787,0.012833129614591599,1,2,2.2833129614591385,2.2833129614591385,flat,rise
multi_frequency_lstm,2024-03-27,-0.040000000000000036,0.007165963761508465,0,1,4.71659637615085,4.71659637615085,fall,flat
multi_frequency_lstm,2024-03-28,0.0,-0.006366122514009476,1,1,0.6366122514009476,-0.6366122514009476,flat,flat
multi_frequency_lstm,2024-04-01,0.1299999999999999,-0.0009560419130139053,2,1,13.09560419130138,-13.09560419130138,rise,flat
multi_frequency_lstm,2024-04-02,0.03000000000000025,0.024763144552707672,2,2,0.5236855447292577,-0.5236855447292577,rise,rise
multi_frequency_lstm,2024-04-03,0.0,0.007615069393068552,1,1,0.7615069393068552,0.7615069393068552,flat,flat
multi_frequency_lstm,2024-04-04,-0.05000000000000071,-0.003885444952175021,0,1,4.611455504782569,4.611455504782569,fall,flat
multi_frequency_lstm,2024-04-05,0.08000000000000007,-0.007317795418202877,2,1,8.731779541820295,-8.731779541820295,rise,flat
multi_frequency_lstm,2024-04-08,0.03000000000000025,0.01960589736700058,2,2,1.0394102632999669,-1.0394102632999669,rise,rise
multi_frequency_lstm,2024-04-09,-0.05999999999999961,0.010707621462643147,0,2,7.070762146264276,7.070762146264276,fall,rise
multi_frequency_lstm,2024-04-10,0.1899999999999995,-0.004752292763441801,2,1,19.47522927634413,-19.47522927634413,rise,flat
multi_frequency_lstm,2024-04-11,0.009999999999999787,0.02807488851249218,1,2,1.8074888512492393,1.8074888512492393,flat,rise
multi_frequency_lstm,2024-04-12,-0.05999999999999961,0.0035581779666244984,0,1,6.355817796662411,6.355817796662411,fall,flat
multi_frequency_lstm,2024-04-15,0.1299999999999999,-0.0030504718888550997,2,1,13.3050471888855,-13.3050471888855,rise,flat
multi_frequency_lstm,2024-04-16,0.040000000000000036,0.014948533847928047,2,2,2.505146615207199,-2.505146615207199,rise,rise
multi_frequency_lstm,2024-04-17,-0.08000000000000007,0.009198763407766819,0,1,8.919876340776689,8.919876340776689,fall,flat
multi_frequency_lstm,2024-04-18,0.04999999999999982,0.0036536273546516895,2,1,4.634637264534813,-4.634637264534813,rise,flat
multi_frequency_lstm,2024-04-19,-0.019999999999999574,0.006958463229238987,0,1,2.695846322923856,2.695846322923856,fall,flat
multi_frequency_lstm,2024-04-22,0.0,-0.0015990096144378185,1,1,0.15990096144378185,-0.15990096144378185,flat,flat
multi_frequency_lstm,2024-04-23,-0.009999999999999787,-0.00518683809787035,1,1,0.4813161902129437,0.4813161902129437,flat,flat
multi_frequency_lstm,2024-04-24,0.040000000000000036,0.006292623467743397,2,1,3.370737653225664,-3.370737653225664,rise,flat
multi_frequency_lstm,2024-04-25,0.04999999999999982,0.014764713123440742,2,2,3.523528687655908,-3.523528687655908,rise,rise
multi_frequency_lstm,2024-04-26,-0.03000000000000025,0.018902335315942764,0,2,4.890233531594301,4.890233531594301,fall,rise
multi_frequency_lstm,2024-04-29,-0.040000000000000036,0.008332089520990849,0,1,4.833208952099088,4.833208952099088,fall,flat
multi_frequency_lstm,2024-04-30,0.0600000000000005,0.010408983565866947,2,2,4.959101643413355,-4.959101643413355,rise,rise
multi_frequency_lstm,2024-05-01,-0.0600000000000005,0.009522459469735622,0,1,6.952245946973612,6.952245946973612,fall,flat
multi_frequency_lstm,2024-05-02,-0.04999999999999982,-0.005479896441102028,0,1,4.4520103558897794,4.4520103558897794,fall,flat
multi_frequency_lstm,2024-05-03,-0.08000000000000007,0.002266228897497058,0,1,8.226622889749713,8.226622889749713,fall,flat
multi_frequency_lstm,2024-05-06,-0.009999999999999787,0.00931128952652216,1,1,1.9311289526521946,1.9311289526521946,flat,flat
multi_frequency_lstm,2024-05-07,-0.020000000000000462,0.015728037804365158,0,2,3.572803780436562,3.572803780436562,fall,rise
multi_frequency_lstm,2024-05-08,0.010000000000000675,0.020998051390051842,2,2,1.0998051390051167,1.0998051390051167,rise,rise
multi_frequency_lstm,2024-05-09,-0.03000000000000025,0.02008173242211342,0,2,5.008173242211367,5.008173242211367,fall,rise
multi_frequency_lstm,2024-05-10,0.04999999999999982,0.003302270546555519,2,1,4.66977294534443,-4.66977294534443,rise,flat
multi_frequency_lstm,2024-05-13,-0.019999999999999574,0.009735653176903725,0,1,2.97356531769033,2.97356531769033,fall,flat
multi_frequency_lstm,2024-05-14,-0.03000000000000025,-0.0011473243357613683,0,1,2.885267566423888,2.885267566423888,fall,flat
multi_frequency_lstm,2024-05-15,-0.08999999999999986,-0.01158094685524702,0,0,7.841905314475284,7.841905314475284,fall,fall
multi_frequency_lstm,2024-05-16,0.019999999999999574,-0.012334221042692661,2,0,3.2334221042692235,-3.2334221042692235,rise,fall
multi_frequency_lstm,2024-05-17,0.040000000000000036,-0.0030210125260055065,2,1,4.302101252600554,-4.302101252600554,rise,flat
multi_frequency_lstm,2024-05-20,0.020000000000000462,0.011174216866493225,2,2,0.8825783133507237,-0.8825783133507237,rise,rise
multi_frequency_lstm,2024-05-21,-0.03000000000000025,0.00683297635987401,0,1,3.683297635987426,3.683297635987426,fall,flat
multi_frequency_lstm,2024-05-22,0.019999999999999574,-0.0067814188078045845,2,1,2.678141880780416,-2.678141880780416,rise,flat
multi_frequency_lstm,2024-05-23,0.040000000000000036,-0.0059258537366986275,2,1,4.592585373669866,-4.592585373669866,rise,flat
multi_frequency_lstm,2024-05-24,-0.009999999999999787,0.0007220849511213601,1,1,1.0722084951121147,1.0722084951121147,flat,flat
multi_frequency_lstm,2024-05-28,0.08000000000000007,-0.007709072902798653,2,1,8.770907290279872,-8.770907290279872,rise,flat
multi_frequency_lstm,2024-05-29,0.07000000000000028,0.007190060801804066,2,1,6.280993919819622,-6.280993919819622,rise,flat
multi_frequency_lstm,2024-05-30,-0.0600000000000005,0.009216041304171085,0,1,6.921604130417158,6.921604130417158,fall,flat
multi_frequency_lstm,2024-05-31,-0.040000000000000036,-0.009298933669924736,0,1,3.07010663300753,3.07010663300753,fall,flat
multi_frequency_lstm,2024-06-03,-0.09999999999999964,-0.008030097000300884,0,1,9.196990299969876,9.196990299969876,fall,flat
multi_frequency_lstm,2024-06-04,-0.08000000000000007,-0.005751855205744505,0,1,7.424814479425557,7.424814479425557,fall,flat
multi_frequency_lstm,2024-06-05,-0.040000000000000036,-0.002112994436174631,0,1,3.7887005563825404,3.7887005563825404,fall,flat
multi_frequency_lstm,2024-06-06,-0.009999999999999787,0.009189466014504433,1,1,1.918946601450422,1.918946601450422,flat,flat
multi_frequency_lstm,2024-06-07,0.14999999999999947,0.014875893481075764,2,2,13.51241065189237,-13.51241065189237,rise,rise
multi_frequency_lstm,2024-06-10,0.040000000000000036,0.03495752066373825,2,2,0.5042479336261785,-0.5042479336261785,rise,rise
multi_frequency_lstm,2024-06-11,-0.08000000000000007,0.017786363139748573,0,2,9.778636313974864,9.778636313974864,fall,rise
multi_frequency_lstm,2024-06-12,-0.08000000000000007,-0.010713799856603146,0,0,6.9286200143396925,6.9286200143396925,fall,fall
multi_frequency_lstm,2024-06-13,-0.0699999999999994,-0.015723176300525665,0,0,5.427682369947373,5.427682369947373,fall,fall
multi_frequency_lstm,2024-06-14,-0.040000000000000036,-0.012715901248157024,0,0,2.728409875184301,2.728409875184301,fall,fall
multi_frequency_lstm,2024-06-17,0.08000000000000007,0.0025835714768618345,2,1,7.741642852313824,-7.741642852313824,rise,flat
multi_frequency_lstm,2024-06-18,-0.0600000000000005,0.021794967353343964,0,2,8.179496735334446,8.179496735334446,fall,rise
multi_frequency_lstm,2024-06-20,0.03000000000000025,0.0013509945711120963,2,1,2.8649005428888152,-2.8649005428888152,rise,flat
multi_frequency_lstm,2024-06-21,0.0,0.005919937044382095,1,1,0.5919937044382095,0.5919937044382095,flat,flat
multi_frequency_lstm,2024-06-24,0.0,-0.003558988682925701,1,1,0.3558988682925701,-0.3558988682925701,flat,flat
multi_frequency_lstm,2024-06-25,-0.019999999999999574,-0.0063100638799369335,0,1,1.368993612006264,1.368993612006264,fall,flat
multi_frequency_lstm,2024-06-26,0.08999999999999986,-0.007342408411204815,2,1,9.734240841120467,-9.734240841120467,rise,flat
multi_frequency_lstm,2024-06-27,-0.03000000000000025,0.012461088597774506,0,2,4.246108859777475,4.246108859777475,fall,rise
multi_frequency_lstm,2024-06-28,0.07000000000000028,-0.00924986507743597,2,1,7.9249865077436255,-7.9249865077436255,rise,flat
multi_frequency_lstm,2024-07-01,0.1200000000000001,-0.00013147520076017827,2,1,12.013147520076028,-12.013147520076028,rise,flat
multi_frequency_lstm,2024-07-02,-0.05000000000000071,0.015352643094956875,0,2,6.5352643094957585,6.5352643094957585,fall,rise
multi_frequency_lstm,2024-07-03,-0.0699999999999994,-0.011652720160782337,0,0,5.834727983921706,5.834727983921706,fall,fall
multi_frequency_lstm,2024-07-05,-0.08000000000000007,-0.016957608982920647,0,0,6.304239101707942,6.304239101707942,fall,fall
multi_frequency_lstm,2024-07-08,0.0,-0.013287078589200974,1,0,1.3287078589200974,-1.3287078589200974,flat,fall
multi_frequency_lstm,2024-07-09,0.019999999999999574,-0.003670669626444578,2,1,2.367066962644415,-2.367066962644415,rise,flat
multi_frequency_lstm,2024-07-10,-0.019999999999999574,0.013150418177247047,0,2,3.315041817724662,3.315041817724662,fall,rise
multi_frequency_lstm,2024-07-11,-0.08000000000000007,0.00536836963146925,0,1,8.536836963146932,8.536836963146932,fall,flat
multi_frequency_lstm,2024-07-12,-0.020000000000000462,-0.006923745386302471,0,1,1.307625461369799,1.307625461369799,fall,flat
multi_frequency_lstm,2024-07-15,0.05000000000000071,-0.0041905418038368225,2,1,5.419054180383753,-5.419054180383753,rise,flat
multi_frequency_lstm,2024-07-16,-0.0600000000000005,0.014599142596125603,0,2,7.45991425961261,7.45991425961261,fall,rise
multi_frequency_lstm,2024-07-17,-0.009999999999999787,0.003930644132196903,1,1,1.393064413219669,1.393064413219669,flat,flat
multi_frequency_lstm,2024-07-18,0.040000000000000036,0.014077110216021538,2,2,2.5922889783978498,-2.5922889783978498,rise,rise
multi_frequency_lstm,2024-07-19,0.04999999999999982,0.010159580036997795,2,2,3.9840419963002027,-3.9840419963002027,rise,rise
multi_frequency_lstm,2024-07-22,0.009999999999999787,0.008909376338124275,1,1,0.10906236618755116,-0.10906236618755116,flat,flat
multi_frequency_lstm,2024-07-23,-0.009999999999999787,0.004152490291744471,1,1,1.4152490291744257,1.4152490291744257,flat,flat
multi_frequency_lstm,2024-07-24,0.03000000000000025,-0.008766189217567444,2,1,3.8766189217567693,-3.8766189217567693,rise,flat
multi_frequency_lstm,2024-07-25,-0.010000000000000675,-0.0013840922620147467,0,1,0.8615907737985928,0.8615907737985928,fall,flat
multi_frequency_lstm,2024-07-26,-0.0699999999999994,-0.0011378505732864141,0,1,6.886214942671298,6.886214942671298,fall,flat
multi_frequency_lstm,2024-07-29,-0.03000000000000025,-0.007620086893439293,0,1,2.2379913106560956,2.2379913106560956,fall,flat
multi_frequency_lstm,2024-07-30,-0.019999999999999574,0.0011635503033176064,0,1,2.116355030331718,2.116355030331718,fall,flat
multi_frequency_lstm,2024-07-31,-0.0600000000000005,-0.005535923410207033,0,1,5.446407658979346,5.446407658979346,fall,flat
multi_frequency_lstm,2024-08-01,-0.09999999999999964,-0.01414248626679182,0,0,8.585751373320782,8.585751373320782,fall,fall
multi_frequency_lstm,2024-08-02,-0.1900000000000004,-0.013732373714447021,0,0,17.626762628555337,17.626762628555337,fall,fall
multi_frequency_lstm,2024-08-05,-0.020000000000000018,-0.035531677305698395,0,0,1.5531677305698377,-1.5531677305698377,fall,fall
multi_frequency_lstm,2024-08-06,0.1200000000000001,0.027608240023255348,2,2,9.239175997674476,-9.239175997674476,rise,rise
multi_frequency_lstm,2024-08-07,0.06000000000000005,0.02901780605316162,2,2,3.098219394683843,-3.098219394683843,rise,rise
multi_frequency_lstm,2024-08-08,0.03000000000000025,0.038816921412944794,2,2,0.8816921412944545,0.8816921412944545,rise,rise
multi_frequency_lstm,2024-08-09,-0.050000000000000266,0.012632235884666443,0,2,6.263223588466671,6.263223588466671,fall,rise
multi_frequency_lstm,2024-08-12,-0.040000000000000036,-0.019301146268844604,0,0,2.069885373115543,2.069885373115543,fall,fall
multi_frequency_lstm,2024-08-13,-0.04999999999999982,-0.02240241877734661,0,0,2.759758122265321,2.759758122265321,fall,fall
multi_frequency_lstm,2024-08-14,-0.020000000000000018,-0.02324146404862404,0,0,0.3241464048624021,-0.3241464048624021,fall,fall
multi_frequency_lstm,2024-08-15,0.08999999999999986,-0.01269642636179924,2,0,10.26964263617991,-10.26964263617991,rise,fall
multi_frequency_lstm,2024-08-16,-0.029999999999999805,0.013645561411976814,0,2,4.364556141197662,4.364556141197662,fall,rise
multi_frequency_lstm,2024-08-19,-0.03000000000000025,-0.005962047725915909,0,1,2.403795227408434,2.403795227408434,fall,flat
multi_frequency_lstm,2024-08-20,-0.040000000000000036,-0.014326667413115501,0,0,2.5673332586884534,2.5673332586884534,fall,fall
multi_frequency_lstm,2024-08-21,-0.029999999999999805,-0.020612452179193497,0,0,0.9387547820806308,0.9387547820806308,fall,fall
multi_frequency_lstm,2024-08-22,0.06999999999999984,-0.011526457965373993,2,0,8.152645796537383,-8.152645796537383,rise,fall
multi_frequency_lstm,2024-08-23,-0.04999999999999982,0.01102134957909584,0,2,6.102134957909566,6.102134957909566,fall,rise
multi_frequency_lstm,2024-08-26,0.009999999999999787,-0.007069194223731756,1,1,1.7069194223731543,-1.7069194223731543,flat,flat
multi_frequency_lstm,2024-08-27,0.010000000000000231,-0.0005632286774925888,2,1,1.056322867749282,-1.056322867749282,rise,flat
multi_frequency_lstm,2024-08-28,0.009999999999999787,-0.004948603920638561,1,1,1.4948603920638348,-1.4948603920638348,flat,flat
multi_frequency_lstm,2024-08-29,0.03000000000000025,-0.008325541391968727,2,1,3.8325541391968976,-3.8325541391968976,rise,flat
multi_frequency_lstm,2024-08-30,0.040000000000000036,0.0006347013986669481,2,1,3.9365298601333087,-3.9365298601333087,rise,flat
multi_frequency_lstm,2024-09-03,-0.07000000000000028,0.006809766869992018,0,1,7.68097668699923,7.68097668699923,fall,flat
multi_frequency_lstm,2024-09-04,-0.06999999999999984,-0.009602837264537811,0,1,6.039716273546203,6.039716273546203,fall,flat
multi_frequency_lstm,2024-09-05,-0.040000000000000036,-0.018991202116012573,0,0,2.1008797883987462,2.1008797883987462,fall,fall
multi_frequency_lstm,2024-09-06,-0.009999999999999787,-0.010378978215157986,1,0,0.037897821515819885,-0.037897821515819885,flat,fall
multi_frequency_lstm,2024-09-09,-0.020000000000000018,8.635974518256262e-05,0,1,2.008635974518258,2.008635974518258,fall,flat
multi_frequency_lstm,2024-09-10,-0.050000000000000266,0.00815540924668312,0,1,5.815540924668339,5.815540924668339,fall,flat
multi_frequency_lstm,2024-09-11,0.0,0.0053899395279586315,1,1,0.5389939527958632,0.5389939527958632,flat,flat
multi_frequency_lstm,2024-09-12,0.03000000000000025,-0.0017494050553068519,2,1,3.17494050553071,-3.17494050553071,rise,flat
multi_frequency_lstm,2024-09-13,-0.020000000000000018,0.005922171287238598,0,1,2.5922171287238616,2.5922171287238616,fall,flat
multi_frequency_lstm,2024-09-16,-0.03000000000000025,-0.018836649134755135,0,0,1.1163350865245114,1.1163350865245114,fall,fall
multi_frequency_lstm,2024-09-17,0.020000000000000018,-0.015906110405921936,2,0,3.5906110405921954,-3.5906110405921954,rise,fall
multi_frequency_lstm,2024-09-18,0.050000000000000266,-0.0057291304692626,2,1,5.572913046926287,-5.572913046926287,rise,flat
multi_frequency_lstm,2024-09-19,0.029999999999999805,0.008317760191857815,2,1,2.168223980814199,-2.168223980814199,rise,flat
multi_frequency_lstm,2024-09-20,0.0,0.0021808003075420856,1,1,0.21808003075420856,0.21808003075420856,flat,flat
multi_frequency_lstm,2024-09-23,0.020000000000000018,-0.0053025102242827415,2,1,2.530251022428276,-2.530251022428276,rise,flat
multi_frequency_lstm,2024-09-24,-0.009999999999999787,-0.005196529906243086,1,1,0.4803470093756701,0.4803470093756701,flat,flat
multi_frequency_lstm,2024-09-25,0.04999999999999982,-0.0067073809914290905,2,1,5.670738099142891,-5.670738099142891,rise,flat
multi_frequency_lstm,2024-09-26,0.0,0.00487569160759449,1,1,0.487569160759449,0.487569160759449,flat,flat
multi_frequency_lstm,2024-09-27,-0.040000000000000036,-0.006709892302751541,0,1,3.3290107697248494,3.3290107697248494,fall,flat
multi_frequency_lstm,2024-09-30,0.06000000000000005,-0.0012645161477848887,2,1,6.126451614778494,-6.126451614778494,rise,flat
multi_frequency_lstm,2024-10-01,-0.06999999999999984,0.004879100248217583,0,1,7.487910024821742,7.487910024821742,fall,flat
multi_frequency_lstm,2024-10-02,0.04999999999999982,-0.011433114297688007,2,0,6.143311429768783,-6.143311429768783,rise,fall
multi_frequency_lstm,2024-10-03,0.06000000000000005,0.004398851189762354,2,1,5.56011488102377,-5.56011488102377,rise,flat
multi_frequency_lstm,2024-10-04,0.1299999999999999,0.012204829603433609,2,2,11.779517039656628,-11.779517039656628,rise,rise
multi_frequency_lstm,2024-10-07,0.050000000000000266,0.018938608467578888,2,2,3.106139153242138,-3.106139153242138,rise,rise
multi_frequency_lstm,2024-10-08,0.009999999999999787,0.018564769998192787,1,2,0.8564769998193,0.8564769998193,flat,rise
multi_frequency_lstm,2024-10-09,0.019999999999999574,0.012931865639984608,2,2,0.7068134360014966,-0.7068134360014966,rise,rise
multi_frequency_lstm,2024-10-10,0.03000000000000025,0.012716014869511127,2,2,1.7283985130489121,-1.7283985130489121,rise,rise
multi_frequency_lstm,2024-10-11,-0.009999999999999787,0.011041578836739063,1,2,2.104157883673885,2.104157883673885,flat,rise
multi_frequency_lstm,2024-10-15,-0.04999999999999982,0.01380433514714241,0,2,6.380433514714223,6.380433514714223,fall,rise
multi_frequency_lstm,2024-10-16,-0.010000000000000675,0.012028580531477928,0,2,2.2028580531478603,2.2028580531478603,fall,rise
multi_frequency_lstm,2024-10-17,0.07000000000000028,0.010625209659337997,2,2,5.937479034066229,-5.937479034066229,rise,rise
multi_frequency_lstm,2024-10-18,-0.009999999999999787,0.023277776315808296,1,2,3.3277776315808083,3.3277776315808083,flat,rise
multi_frequency_lstm,2024-10-21,0.11000000000000032,0.011720459908246994,2,2,9.827954009175333,-9.827954009175333,rise,rise
multi_frequency_lstm,2024-10-22,0.009999999999999787,0.019345343112945557,1,2,0.934534311294577,0.934534311294577,flat,rise
multi_frequency_lstm,2024-10-23,0.040000000000000036,0.010894923470914364,2,2,2.910507652908567,-2.910507652908567,rise,rise
multi_frequency_lstm,2024-10-24,-0.03000000000000025,0.008120941929519176,0,1,3.8120941929519425,3.8120941929519425,fall,flat
multi_frequency_lstm,2024-10-25,0.040000000000000036,-0.002203800017014146,2,1,4.220380001701418,-4.220380001701418,rise,flat
multi_frequency_lstm,2024-10-28,0.03000000000000025,0.004895534832030535,2,1,2.5104465167969714,-2.5104465167969714,rise,flat
multi_frequency_lstm,2024-10-29,0.0,0.0006847218610346317,1,1,0.06847218610346317,0.06847218610346317,flat,flat
multi_frequency_lstm,2024-10-30,0.009999999999999787,-0.0006155540468171239,1,1,1.061555404681691,-1.061555404681691,flat,flat
multi_frequency_lstm,2024-10-31,-0.009999999999999787,-0.004509672522544861,1,1,0.5490327477454926,0.5490327477454926,flat,flat
multi_frequency_lstm,2024-11-01,0.08999999999999986,-0.003479121020063758,2,1,9.347912102006362,-9.347912102006362,rise,flat
multi_frequency_lstm,2024-11-04,-0.0600000000000005,0.010183685459196568,0,2,7.0183685459197065,7.0183685459197065,fall,rise
multi_frequency_lstm,2024-11-05,-0.04999999999999982,0.0019313136581331491,0,1,5.193131365813297,5.193131365813297,fall,flat
multi_frequency_lstm,2024-11-06,0.16000000000000014,-0.0014041985850781202,2,1,16.140419858507826,-16.140419858507826,rise,flat
multi_frequency_lstm,2024-11-07,-0.11000000000000032,0.026184167712926865,0,2,13.618416771292718,13.618416771292718,fall,rise
multi_frequency_lstm,2024-11-08,-0.009999999999999787,0.0035053743049502373,1,1,1.3505374304950024,1.3505374304950024,flat,flat
multi_frequency_lstm,2024-11-12,0.1299999999999999,2.7232114007347263e-05,2,1,12.997276788599255,-12.997276788599255,rise,flat
multi_frequency_lstm,2024-11-13,0.010000000000000675,0.013472284190356731,2,2,0.34722841903560564,0.34722841903560564,rise,rise
multi_frequency_lstm,2024-11-14,-0.010000000000000675,0.00110946677159518,0,1,1.1109466771595855,1.1109466771595855,fall,flat
multi_frequency_lstm,2024-11-15,0.0,-0.0019893499556928873,1,1,0.19893499556928873,-0.19893499556928873,flat,flat
multi_frequency_lstm,2024-11-18,-0.009999999999999787,0.0012056962586939335,1,1,1.120569625869372,1.120569625869372,flat,flat
multi_frequency_lstm,2024-11-19,-0.03000000000000025,0.0074766878969967365,0,1,3.7476687896996985,3.7476687896996985,fall,flat
multi_frequency_lstm,2024-11-20,0.020000000000000462,0.0007773933466523886,2,1,1.9222606653348073,-1.9222606653348073,rise,flat
multi_frequency_lstm,2024-11-21,0.019999999999999574,-0.0030459377449005842,2,1,2.304593774490016,-2.304593774490016,rise,flat
multi_frequency_lstm,2024-11-22,-0.019999999999999574,0.0021393990609794855,0,1,2.213939906097906,2.213939906097906,fall,flat
multi_frequency_lstm,2024-11-25,-0.14000000000000057,-0.0017945815343409777,0,1,13.820541846565959,13.820541846565959,fall,flat
multi_frequency_lstm,2024-11-26,0.03000000000000025,-0.007021597120910883,2,1,3.702159712091113,-3.702159712091113,rise,flat
multi_frequency_lstm,2024-11-27,-0.04999999999999982,-0.0006427144980989397,0,1,4.935728550190088,4.935728550190088,fall,flat
multi_frequency_lstm,2024-11-29,-0.07000000000000028,0.0015271410811692476,0,1,7.152714108116953,7.152714108116953,fall,flat
multi_frequency_lstm,2024-12-02,0.010000000000000675,0.004394675139337778,2,1,0.5605324860662897,-0.5605324860662897,rise,flat
multi_frequency_lstm,2024-12-03,0.040000000000000036,0.009698288515210152,2,1,3.0301711484789884,-3.0301711484789884,rise,flat
multi_frequency_lstm,2024-12-04,-0.040000000000000036,0.011529502458870411,0,2,5.152950245887045,5.152950245887045,fall,rise
multi_frequency_lstm,2024-12-05,-0.020000000000000462,-0.008665088564157486,0,1,1.1334911435842976,1.1334911435842976,fall,flat
multi_frequency_lstm,2024-12-06,-0.019999999999999574,-0.006546340882778168,0,1,1.3453659117221406,1.3453659117221406,fall,flat
multi_frequency_lstm,2024-12-09,0.04999999999999982,-0.005577035713940859,2,1,5.557703571394068,-5.557703571394068,rise,flat
multi_frequency_lstm,2024-12-10,0.019999999999999574,0.003393332939594984,2,1,1.660666706040459,-1.660666706040459,rise,flat
multi_frequency_lstm,2024-12-11,0.040000000000000036,-0.001665022922679782,2,1,4.166502292267982,-4.166502292267982,rise,flat
multi_frequency_lstm,2024-12-12,0.0600000000000005,0.0027919444255530834,2,1,5.720805557444741,-5.720805557444741,rise,flat
multi_frequency_lstm,2024-12-13,0.08000000000000007,0.0038729875814169645,2,1,7.612701241858311,-7.612701241858311,rise,flat
multi_frequency_lstm,2024-12-16,-0.010000000000000675,0.00360338413156569,0,1,1.3603384131566365,1.3603384131566365,fall,flat
multi_frequency_lstm,2024-12-17,0.010000000000000675,-0.005541494581848383,2,1,1.5541494581849058,-1.5541494581849058,rise,flat
multi_frequency_lstm,2024-12-18,0.09999999999999964,-0.006396069657057524,2,1,10.639606965705717,-10.639606965705717,rise,flat
multi_frequency_lstm,2024-12-19,0.07000000000000028,0.003274761838838458,2,1,6.672523816116183,-6.672523816116183,rise,flat
multi_frequency_lstm,2024-12-20,-0.05000000000000071,0.007474333047866821,0,1,5.747433304786753,5.747433304786753,fall,flat
multi_frequency_lstm,2024-12-23,0.07000000000000028,0.0023478269577026367,2,1,6.765217304229765,-6.765217304229765,rise,flat
multi_frequency_lstm,2024-12-24,0.0,0.003355238353833556,1,1,0.3355238353833556,0.3355238353833556,flat,flat
multi_frequency_lstm,2024-12-26,-0.009999999999999787,0.003107706317678094,1,1,1.310770631767788,1.310770631767788,flat,flat
multi_frequency_lstm,2024-12-27,0.040000000000000036,0.0014875028282403946,2,1,3.851249717175964,-3.851249717175964,rise,flat
multi_frequency_lstm,2024-12-30,-0.07000000000000028,0.0008782417862676084,0,1,7.087824178626789,7.087824178626789,fall,flat
multi_frequency_lstm,2024-12-31,0.03000000000000025,0.010392281226813793,2,2,1.9607718773186456,-1.9607718773186456,rise,rise
multi_frequency_lstm,2025-01-02,-0.009999999999999787,0.0066137188114225864,1,1,1.6613718811422373,1.6613718811422373,flat,flat
multi_frequency_lstm,2025-01-03,0.02999999999999936,0.012895826250314713,2,2,1.7104173749684648,-1.7104173749684648,rise,rise
multi_frequency_lstm,2025-01-06,0.020000000000000462,0.015722360461950302,2,2,0.427763953805016,-0.427763953805016,rise,rise
multi_frequency_lstm,2025-01-07,0.04999999999999982,0.017643723636865616,2,2,3.2356276363134207,-3.2356276363134207,rise,rise
multi_frequency_lstm,2025-01-08,0.0,0.02128036506474018,1,2,2.128036506474018,2.128036506474018,flat,rise
multi_frequency_lstm,2025-01-09,0.009999999999999787,0.016499292105436325,1,2,0.6499292105436538,0.6499292105436538,flat,rise
multi_frequency_lstm,2025-01-10,0.08999999999999986,0.011747696436941624,2,2,7.825230356305823,-7.825230356305823,rise,rise
multi_frequency_lstm,2025-01-13,0.020000000000000462,0.019352896139025688,2,2,0.06471038609747737,-0.06471038609747737,rise,rise
multi_frequency_lstm,2025-01-14,-0.009999999999999787,0.010178904980421066,1,2,2.0178904980420853,2.0178904980420853,flat,rise
multi_frequency_lstm,2025-01-15,-0.1200000000000001,0.004130347166210413,0,1,12.413034716621052,12.413034716621052,fall,flat
multi_frequency_lstm,2025-01-16,-0.04999999999999982,0.001178542384877801,0,1,5.117854238487762,5.117854238487762,fall,flat
multi_frequency_lstm,2025-01-17,0.0,0.005560900084674358,1,1,0.5560900084674358,0.5560900084674358,flat,flat
multi_frequency_lstm,2025-01-21,-0.040000000000000036,0.020010516047477722,0,2,6.001051604747776,6.001051604747776,fall,rise
multi_frequency_lstm,2025-01-22,0.02999999999999936,0.016963783651590347,2,2,1.3036216348409013,-1.3036216348409013,rise,rise
multi_frequency_lstm,2025-01-23,0.05000000000000071,0.013515356928110123,2,2,3.648464307189059,-3.648464307189059,rise,rise
multi_frequency_lstm,2025-01-24,-0.020000000000000462,0.008379415608942509,0,1,2.837941560894297,2.837941560894297,fall,flat
multi_frequency_lstm,2025-01-27,-0.09999999999999964,-0.0028140174690634012,0,1,9.718598253093624,9.718598253093624,fall,flat
multi_frequency_lstm,2025-01-28,0.019999999999999574,-0.005869186017662287,2,1,2.586918601766186,-2.586918601766186,rise,flat
multi_frequency_lstm,2025-01-29,0.0,0.007535725831985474,1,1,0.7535725831985474,0.7535725831985474,flat,flat
multi_frequency_lstm,2025-01-30,-0.03000000000000025,0.005437743850052357,0,1,3.5437743850052605,3.5437743850052605,fall,flat
multi_frequency_lstm,2025-01-31,0.0600000000000005,-0.0020242531318217516,2,1,6.202425313182225,-6.202425313182225,rise,flat
multi_frequency_lstm,2025-02-03,-0.040000000000000036,0.008881652727723122,0,1,4.888165272772316,4.888165272772316,fall,flat
multi_frequency_lstm,2025-02-04,-0.020000000000000462,-0.004294578451663256,0,1,1.5705421548337206,1.5705421548337206,fall,flat
multi_frequency_lstm,2025-02-05,-0.08999999999999986,-0.008403396233916283,0,1,8.159660376608358,8.159660376608358,fall,flat
multi_frequency_lstm,2025-02-06,0.020000000000000462,-0.01146666519343853,2,0,3.146666519343899,-3.146666519343899,rise,fall
multi_frequency_lstm,2025-02-07,0.040000000000000036,-0.002606209833174944,2,1,4.260620983317498,-4.260620983317498,rise,flat
multi_frequency_lstm,2025-02-10,0.019999999999999574,0.00944661907851696,2,1,1.0553380921482614,-1.0553380921482614,rise,flat
multi_frequency_lstm,2025-02-11,0.03000000000000025,0.0028037165757268667,2,1,2.719628342427338,-2.719628342427338,rise,flat
multi_frequency_lstm,2025-02-12,0.08000000000000007,0.0008089880575425923,2,1,7.919101194245748,-7.919101194245748,rise,flat
multi_frequency_lstm,2025-02-13,-0.10000000000000053,0.007951861247420311,0,1,10.795186124742084,10.795186124742084,fall,flat
multi_frequency_lstm,2025-02-14,-0.04999999999999982,-0.018566925078630447,0,0,3.1433074921369375,3.1433074921369375,fall,fall
multi_frequency_lstm,2025-02-18,0.08000000000000007,-0.011032932437956333,2,0,9.10329324379564,-9.10329324379564,rise,fall
multi_frequency_lstm,2025-02-19,-0.019999999999999574,0.007321385201066732,0,1,2.7321385201066306,2.7321385201066306,fall,flat
multi_frequency_lstm,2025-02-20,-0.03000000000000025,-0.0014714788412675261,0,1,2.8528521158732723,2.8528521158732723,fall,flat
multi_frequency_lstm,2025-02-21,-0.08000000000000007,-0.002875284058973193,0,1,7.712471594102688,7.712471594102688,fall,flat
multi_frequency_lstm,2025-02-24,-0.019999999999999574,-0.008598297834396362,0,1,1.1401702165603211,1.1401702165603211,fall,flat
multi_frequency_lstm,2025-02-25,-0.10000000000000053,-0.005499063525348902,0,1,9.450093647465163,9.450093647465163,fall,flat
multi_frequency_lstm,2025-02-26,-0.04999999999999982,-0.004607119131833315,0,1,4.539288086816651,4.539288086816651,fall,flat
multi_frequency_lstm,2025-02-27,0.040000000000000036,0.005696834530681372,2,1,3.4303165469318664,-3.4303165469318664,rise,flat
multi_frequency_lstm,2025-02-28,-0.04999999999999982,0.015531194396317005,0,2,6.553119439631683,6.553119439631683,fall,rise
multi_frequency_lstm,2025-03-03,-0.08000000000000007,0.0026871070731431246,0,1,8.26871070731432,8.26871070731432,fall,flat
multi_frequency_lstm,2025-03-04,0.05999999999999961,-0.00012922333553433418,2,1,6.012922333553394,-6.012922333553394,rise,flat
multi_frequency_lstm,2025-03-05,0.0600000000000005,0.004902273416519165,2,1,5.509772658348133,-5.509772658348133,rise,flat
multi_frequency_lstm,2025-03-06,0.009999999999999787,0.007275413256138563,1,1,0.27245867438612237,-0.27245867438612237,flat,flat
multi_frequency_lstm,2025-03-07,0.03000000000000025,0.00033650657860562205,2,1,2.9663493421394627,-2.9663493421394627,rise,flat
multi_frequency_lstm,2025-03-10,-0.10000000000000053,0.003924637567251921,0,1,10.392463756725245,10.392463756725245,fall,flat
multi_frequency_lstm,2025-03-11,0.0600000000000005,-0.011778936721384525,2,0,7.177893672138502,-7.177893672138502,rise,fall
multi_frequency_lstm,2025-03-12,0.040000000000000036,0.004863058216869831,2,1,3.5136941783130204,-3.5136941783130204,rise,flat
multi_frequency_lstm,2025-03-13,-0.05000000000000071,0.009350718930363655,0,1,5.935071893036437,5.935071893036437,fall,flat
multi_frequency_lstm,2025-03-14,0.040000000000000036,-0.01154761016368866,2,0,5.1547610163688695,-5.1547610163688695,rise,fall
multi_frequency_lstm,2025-03-17,0.0,0.0028137145563960075,1,1,0.28137145563960075,0.28137145563960075,flat,flat
multi_frequency_lstm,2025-03-18,-0.019999999999999574,-0.004517877474427223,0,1,1.548212252557235,1.548212252557235,fall,flat
multi_frequency_lstm,2025-03-19,-0.040000000000000036,-0.0060986606404185295,0,1,3.3901339359581506,3.3901339359581506,fall,flat
multi_frequency_lstm,2025-03-20,-0.009999999999999787,-0.009827601723372936,1,1,0.01723982766268506,0.01723982766268506,flat,flat
multi_frequency_lstm,2025-03-21,0.009999999999999787,-0.010185934603214264,1,0,2.018593460321405,-2.018593460321405,flat,fall
multi_frequency_lstm,2025-03-24,0.08999999999999986,0.0020113529171794653,2,1,8.79886470828204,-8.79886470828204,rise,flat
multi_frequency_lstm,2025-03-25,-0.03000000000000025,0.020329216495156288,0,2,5.032921649515654,5.032921649515654,fall,rise
multi_frequency_lstm,2025-03-26,0.040000000000000036,0.001709546777419746,2,1,3.829045322258029,-3.829045322258029,rise,flat
multi_frequency_lstm,2025-03-27,0.03000000000000025,0.00964577030390501,2,1,2.035422969609524,-2.035422969609524,rise,flat
multi_frequency_lstm,2025-03-28,-0.11000000000000032,0.009025463834404945,0,1,11.902546383440527,11.902546383440527,fall,flat
multi_frequency_lstm,2025-03-31,-0.03999999999999915,-0.004361250437796116,0,1,3.563874956220303,3.563874956220303,fall,flat
multi_frequency_lstm,2025-04-01,-0.0600000000000005,0.0021072058007121086,0,1,6.210720580071261,6.210720580071261,fall,flat
multi_frequency_lstm,2025-04-02,0.03000000000000025,0.0021200261544436216,2,1,2.7879973845556627,-2.7879973845556627,rise,flat
multi_frequency_lstm,2025-04-03,-0.14000000000000057,0.012006646022200584,0,2,15.200664602220115,15.200664602220115,fall,rise
multi_frequency_lstm,2025-04-04,-0.04999999999999982,0.0015476206317543983,0,1,5.154762063175422,5.154762063175422,fall,flat
multi_frequency_lstm,2025-04-07,0.14000000000000057,-0.0033718368504196405,2,1,14.337183685042021,-14.337183685042021,rise,flat
multi_frequency_lstm,2025-04-08,0.10999999999999943,0.026863504201173782,2,2,8.313649579882565,-8.313649579882565,rise,rise
multi_frequency_lstm,2025-04-09,0.08000000000000007,0.026068728417158127,2,2,5.393127158284194,-5.393127158284194,rise,rise
multi_frequency_lstm,2025-04-10,0.0600000000000005,0.019548838958144188,2,2,4.045116104185631,-4.045116104185631,rise,rise
multi_frequency_lstm,2025-04-11,0.08000000000000007,0.012376087717711926,2,2,6.7623912282288146,-6.7623912282288146,rise,rise
multi_frequency_lstm,2025-04-14,-0.10000000000000053,0.00815416220575571,0,1,10.815416220575624,10.815416220575624,fall,flat
multi_frequency_lstm,2025-04-15,-0.03000000000000025,-0.0018609270919114351,0,1,2.8139072908088814,2.8139072908088814,fall,flat
multi_frequency_lstm,2025-04-16,-0.05999999999999961,0.00029014935716986656,0,1,6.029014935716948,6.029014935716948,fall,flat
multi_frequency_lstm,2025-04-17,0.04999999999999982,0.0015684993704780936,2,1,4.843150062952173,-4.843150062952173,rise,flat
multi_frequency_lstm,2025-04-21,0.08000000000000007,0.01663014106452465,2,2,6.336985893547542,-6.336985893547542,rise,rise
multi_frequency_lstm,2025-04-22,-0.009999999999999787,0.020720891654491425,1,2,3.072089165449121,3.072089165449121,flat,rise
multi_frequency_lstm,2025-04-23,-0.009999999999999787,0.013538402505218983,1,2,2.353840250521877,2.353840250521877,flat,rise
multi_frequency_lstm,2025-04-24,-0.08000000000000007,0.00802350789308548,0,1,8.802350789308555,8.802350789308555,fall,flat
multi_frequency_lstm,2025-04-25,-0.03000000000000025,0.0006426525069400668,0,1,3.0642652506940316,3.0642652506940316,fall,flat
multi_frequency_lstm,2025-04-28,-0.05999999999999961,0.0016028579557314515,0,1,6.160285795573106,6.160285795573106,fall,flat
multi_frequency_lstm,2025-04-29,-0.040000000000000036,-0.003733402816578746,0,1,3.626659718342129,3.626659718342129,fall,flat
multi_frequency_lstm,2025-04-30,-0.020000000000000462,0.0019859152380377054,0,1,2.1985915238038167,2.1985915238038167,fall,flat
multi_frequency_lstm,2025-05-01,0.08000000000000007,0.017324702814221382,2,2,6.267529718577869,-6.267529718577869,rise,rise
multi_frequency_lstm,2025-05-02,0.08000000000000007,0.031335704028606415,2,2,4.866429597139366,-4.866429597139366,rise,rise
multi_frequency_lstm,2025-05-05,0.03000000000000025,0.032074395567178726,2,2,0.20743955671784775,0.20743955671784775,rise,rise
multi_frequency_lstm,2025-05-06,-0.0600000000000005,0.020622897893190384,0,2,8.062289789319088,8.062289789319088,fall,rise
multi_frequency_lstm,2025-05-07,-0.040000000000000036,0.007372237276285887,0,1,4.737223727628592,4.737223727628592,fall,flat
multi_frequency_lstm,2025-05-08,0.11000000000000032,0.0034569986164569855,2,1,10.654300138354333,-10.654300138354333,rise,flat
multi_frequency_lstm,2025-05-09,0.0,0.01225183717906475,1,2,1.225183717906475,1.225183717906475,flat,rise
multi_frequency_lstm,2025-05-12,0.08000000000000007,0.009285218082368374,2,1,7.07147819176317,-7.07147819176317,rise,flat
multi_frequency_lstm,2025-05-13,0.040000000000000036,0.017604093998670578,2,2,2.2395906001329458,-2.2395906001329458,rise,rise
multi_frequency_lstm,2025-05-14,0.040000000000000036,0.009797869250178337,2,1,3.02021307498217,-3.02021307498217,rise,flat
multi_frequency_lstm,2025-05-15,-0.08000000000000007,0.010571171529591084,0,2,9.057117152959115,9.057117152959115,fall,rise
multi_frequency_lstm,2025-05-16,-0.020000000000000462,-0.003460865467786789,0,1,1.6539134532213673,1.6539134532213673,fall,flat
multi_frequency_lstm,2025-05-19,0.03000000000000025,0.005082153249531984,2,1,2.4917846750468264,-2.4917846750468264,rise,flat
multi_frequency_lstm,2025-05-20,0.020000000000000462,0.008745715022087097,2,1,1.1254284977913365,-1.1254284977913365,rise,flat
multi_frequency_lstm,2025-05-21,0.09999999999999964,0.0067573431879282,2,1,9.324265681207144,-9.324265681207144,rise,flat
multi_frequency_lstm,2025-05-22,-0.040000000000000036,0.017802968621253967,0,2,5.7802968621254,5.7802968621254,fall,rise
multi_frequency_lstm,2025-05-23,-0.03000000000000025,0.009349144995212555,0,1,3.9349144995212804,3.9349144995212804,fall,flat
multi_frequency_lstm,2025-05-27,-0.08000000000000007,0.009902913123369217,0,1,8.990291312336929,8.990291312336929,fall,flat
multi_frequency_lstm,2025-05-28,0.040000000000000036,0.0025394579861313105,2,1,3.7460542013868725,-3.7460542013868725,rise,flat
multi_frequency_lstm,2025-05-29,-0.040000000000000036,0.009292389266192913,0,1,4.929238926619295,4.929238926619295,fall,flat
multi_frequency_lstm,2025-05-30,-0.019999999999999574,0.009650790132582188,0,1,2.965079013258176,2.965079013258176,fall,flat
multi_frequency_lstm,2025-06-02,0.04999999999999982,0.01267386693507433,2,2,3.7326133064925493,-3.7326133064925493,rise,rise
multi_frequency_lstm,2025-06-03,0.0,0.02692483365535736,1,2,2.692483365535736,2.692483365535736,flat,rise
multi_frequency_lstm,2025-06-04,-0.08999999999999986,0.018993159756064415,0,2,10.899315975606427,10.899315975606427,fall,rise
multi_frequency_lstm,2025-06-05,0.03000000000000025,0.0059484378434717655,2,1,2.4051562156528483,-2.4051562156528483,rise,flat
multi_frequency_lstm,2025-06-06,0.10999999999999943,0.010928694158792496,2,2,9.907130584120694,-9.907130584120694,rise,rise
multi_frequency_lstm,2025-06-09,-0.019999999999999574,0.02966836653649807,0,2,4.966836653649764,4.966836653649764,fall,rise
multi_frequency_lstm,2025-06-10,-0.020000000000000462,0.005248364992439747,0,1,2.524836499244021,2.524836499244021,fall,flat
multi_frequency_lstm,2025-06-11,-0.05999999999999961,0.0036209828685969114,0,1,6.362098286859652,6.362098286859652,fall,flat
multi_frequency_lstm,2025-06-12,-0.04999999999999982,-0.004006699193269014,0,1,4.599330080673081,4.599330080673081,fall,flat
multi_frequency_lstm,2025-06-13,0.04999999999999982,-0.005028015933930874,2,1,5.50280159339307,-5.50280159339307,rise,flat
multi_frequency_lstm,2025-06-16,0.04999999999999982,0.015012864954769611,2,2,3.498713504523021,-3.498713504523021,rise,rise
multi_frequency_lstm,2025-06-17,-0.07000000000000028,0.01728973165154457,0,2,8.728973165154486,8.728973165154486,fall,rise
multi_frequency_lstm,2025-06-18,-0.009999999999999787,-0.0022671774495393038,1,1,0.7732822550460483,0.7732822550460483,flat,flat
multi_frequency_lstm,2025-06-20,0.0,-3.161629501846619e-05,1,1,0.003161629501846619,-0.003161629501846619,flat,flat
multi_frequency_lstm,2025-06-23,-0.040000000000000036,-0.00853311363607645,0,1,3.1466886363923585,3.1466886363923585,fall,flat
multi_frequency_lstm,2025-06-24,-0.040000000000000036,-0.011193840764462948,0,0,2.8806159235537088,2.8806159235537088,fall,fall
multi_frequency_lstm,2025-06-25,-0.009999999999999787,-0.0038890379946678877,1,1,0.6110962005331899,0.6110962005331899,flat,flat
multi_frequency_lstm,2025-06-26,-0.03000000000000025,0.003487453330308199,0,1,3.3487453330308448,3.3487453330308448,fall,flat
multi_frequency_lstm,2025-06-27,0.03000000000000025,0.009875592775642872,2,1,2.0124407224357377,-2.0124407224357377,rise,flat
multi_frequency_lstm,2025-06-30,-0.04999999999999982,0.01230305340141058,0,2,6.23030534014104,6.23030534014104,fall,rise
multi_frequency_lstm,2025-07-01,0.019999999999999574,0.002612320240586996,2,1,1.7387679759412578,-1.7387679759412578,rise,flat
multi_frequency_lstm,2025-07-02,0.040000000000000036,0.0022665320429950953,2,1,3.773346795700494,-3.773346795700494,rise,flat
multi_frequency_lstm,2025-07-03,0.04999999999999982,0.005222757812589407,2,1,4.4777242187410415,-4.4777242187410415,rise,flat
multi_frequency_lstm,2025-07-07,0.05000000000000071,0.00915076956152916,2,1,4.084923043847155,-4.084923043847155,rise,flat
multi_frequency_lstm,2025-07-08,0.019999999999999574,0.010000004433095455,2,2,0.9999995566904119,-0.9999995566904119,rise,rise
multi_frequency_lstm,2025-07-09,-0.08000000000000007,0.0070502194575965405,0,1,8.705021945759661,8.705021945759661,fall,flat
multi_frequency_lstm,2025-07-10,0.009999999999999787,-0.009241612628102303,1,1,1.924161262810209,-1.924161262810209,flat,flat
multi_frequency_lstm,2025-07-11,0.08000000000000007,-0.004944555927067995,2,1,8.494455592706807,-8.494455592706807,rise,flat
multi_frequency_lstm,2025-07-14,0.0,0.018073594197630882,1,2,1.8073594197630882,1.8073594197630882,flat,rise
multi_frequency_lstm,2025-07-15,0.07000000000000028,0.009374470449984074,2,1,6.062552955001621,-6.062552955001621,rise,flat
multi_frequency_lstm,2025-07-16,-0.040000000000000036,0.017728755250573158,0,2,5.772875525057319,5.772875525057319,fall,rise
multi_frequency_lstm,2025-07-17,0.009999999999999787,-0.00021093351824674755,1,1,1.0210933518246534,-1.0210933518246534,flat,flat
multi_frequency_lstm,2025-07-18,-0.02999999999999936,-0.00047305721091106534,0,1,2.9526942789088295,2.9526942789088295,fall,flat
multi_frequency_lstm,2025-07-21,-0.0600000000000005,-0.0014580105198547244,0,1,5.854198948014577,5.854198948014577,fall,flat
multi_frequency_lstm,2025-07-22,-0.03000000000000025,-0.002163067925721407,0,1,2.783693207427884,2.783693207427884,fall,flat
multi_frequency_lstm,2025-07-23,0.05000000000000071,0.0028051927220076323,2,1,4.719480727799308,-4.719480727799308,rise,flat
multi_frequency_lstm,2025-07-24,0.02999999999999936,0.013587173074483871,2,2,1.641282692551549,-1.641282692551549,rise,rise
multi_frequency_lstm,2025-07-25,-0.02999999999999936,0.01493530161678791,0,2,4.493530161678727,4.493530161678727,fall,rise
multi_frequency_lstm,2025-07-28,0.019999999999999574,0.003375079482793808,2,1,1.6624920517205766,-1.6624920517205766,rise,flat
multi_frequency_lstm,2025-07-29,-0.08000000000000007,0.008500674739480019,0,1,8.850067473948009,8.850067473948009,fall,flat
multi_frequency_lstm,2025-07-30,0.040000000000000036,-0.004284858237951994,2,1,4.428485823795203,-4.428485823795203,rise,flat
multi_frequency_lstm,2025-07-31,-0.009999999999999787,0.012801812961697578,1,2,2.2801812961697365,2.2801812961697365,flat,rise
multi_frequency_lstm,2025-08-01,-0.13999999999999968,0.009537945501506329,0,1,14.9537945501506,14.9537945501506,fall,flat
multi_frequency_lstm,2025-08-04,-0.010000000000000675,-0.014112016186118126,0,0,0.4112016186117451,-0.4112016186117451,fall,fall
multi_frequency_lstm,2025-08-05,0.0,0.005888267420232296,1,1,0.5888267420232296,0.5888267420232296,flat,flat
multi_frequency_lstm,2025-08-06,0.0,0.010023817420005798,1,2,1.0023817420005798,1.0023817420005798,flat,rise
multi_frequency_lstm,2025-08-07,0.010000000000000675,0.022921625524759293,2,2,1.2921625524758618,1.2921625524758618,rise,rise
multi_frequency_lstm,2025-08-08,0.03999999999999915,0.020417502149939537,2,2,1.958249785005961,-1.958249785005961,rise,rise
multi_frequency_lstm,2025-08-11,0.0,0.01139015331864357,1,2,1.139015331864357,1.139015331864357,flat,rise
multi_frequency_lstm,2025-08-12,0.020000000000000462,-0.002224040450528264,2,1,2.2224040450528726,-2.2224040450528726,rise,flat
multi_frequency_lstm,2025-08-13,-0.04999999999999982,-0.0026051297318190336,0,1,4.739487026818079,4.739487026818079,fall,flat
multi_frequency_lstm,2025-08-14,0.04999999999999982,-0.013642042875289917,2,0,6.364204287528974,-6.364204287528974,rise,fall
multi_frequency_lstm,2025-08-15,0.040000000000000036,0.00912916474044323,2,1,3.0870835259556806,-3.0870835259556806,rise,flat
multi_frequency_lstm,2025-08-18,0.009999999999999787,0.008207366801798344,1,1,0.17926331982014432,-0.17926331982014432,flat,flat
multi_frequency_lstm,2025-08-19,-0.040000000000000036,0.006699159275740385,0,1,4.669915927574042,4.669915927574042,fall,flat
multi_frequency_lstm,2025-08-20,-0.009999999999999787,-0.008415634743869305,1,1,0.15843652561304822,0.15843652561304822,flat,flat
multi_frequency_lstm,2025-08-21,0.040000000000000036,-0.0033559093717485666,2,1,4.33559093717486,-4.33559093717486,rise,flat
multi_frequency_lstm,2025-08-22,-0.07000000000000028,0.009376305155456066,0,1,7.937630515545635,7.937630515545635,fall,flat
multi_frequency_lstm,2025-08-25,0.020000000000000462,-0.011869491077959538,2,0,3.186949107796,-3.186949107796,rise,fall
multi_frequency_lstm,2025-08-26,-0.020000000000000462,0.0069612422958016396,0,1,2.69612422958021,2.69612422958021,fall,flat
multi_frequency_lstm,2025-08-27,-0.019999999999999574,0.0009132404229603708,0,1,2.0913240422959944,2.0913240422959944,fall,flat
multi_frequency_lstm,2025-08-28,-0.020000000000000462,0.007932797074317932,0,1,2.7932797074318394,2.7932797074318394,fall,flat
multi_frequency_lstm,2025-08-29,0.010000000000000675,0.01080329716205597,2,2,0.08032971620552942,0.08032971620552942,rise,rise
multi_frequency_lstm,2025-09-02,0.04999999999999982,0.008267154917120934,2,1,4.173284508287889,-4.173284508287889,rise,flat
multi_frequency_lstm,2025-09-03,-0.0600000000000005,0.01866723783314228,0,2,7.866723783314278,7.866723783314278,fall,rise
multi_frequency_lstm,2025-09-04,-0.04999999999999982,-0.008661795407533646,0,1,4.133820459246618,4.133820459246618,fall,flat
multi_frequency_lstm,2025-09-05,-0.07000000000000028,-0.005838410928845406,0,1,6.416158907115488,6.416158907115488,fall,flat
multi_frequency_lstm,2025-09-08,-0.04999999999999982,-0.020450377836823463,0,0,2.954962216317636,2.954962216317636,fall,fall
multi_frequency_lstm,2025-09-09,0.03000000000000025,-0.005940084811300039,2,1,3.594008481130029,-3.594008481130029,rise,flat
multi_frequency_lstm,2025-09-10,-0.040000000000000036,0.016398074105381966,0,2,5.6398074105382,5.6398074105382,fall,rise
multi_frequency_lstm,2025-09-11,-0.03000000000000025,0.007818544283509254,0,1,3.7818544283509503,3.7818544283509503,fall,flat
multi_frequency_lstm,2025-09-12,0.04999999999999982,0.002505731536075473,2,1,4.749426846392435,-4.749426846392435,rise,flat
multi_frequency_lstm,2025-09-15,-0.009999999999999787,0.007211754564195871,1,1,1.7211754564195658,1.7211754564195658,flat,flat
multi_frequency_lstm,2025-09-16,-0.009999999999999787,-0.006850766483694315,1,1,0.3149233516305472,0.3149233516305472,flat,flat
multi_frequency_lstm,2025-09-17,0.019999999999999574,-0.00846629124134779,2,1,2.8466291241347363,-2.8466291241347363,rise,flat
multi_frequency_lstm,2025-09-18,0.05000000000000071,-0.0045451819896698,2,1,5.454518198967051,-5.454518198967051,rise,flat
multi_frequency_lstm,2025-09-19,0.02999999999999936,0.006524157710373402,2,1,2.347584228962596,-2.347584228962596,rise,flat
multi_frequency_lstm,2025-09-22,0.010000000000000675,0.001698977779597044,2,1,0.8301022220403631,-0.8301022220403631,rise,flat
multi_frequency_lstm,2025-09-23,-0.03000000000000025,-0.0044641559943556786,0,1,2.553584400564457,2.553584400564457,fall,flat
multi_frequency_lstm,2025-09-24,0.040000000000000036,-0.010522003285586834,2,0,5.052200328558687,-5.052200328558687,rise,fall
multi_frequency_lstm,2025-09-25,0.019999999999999574,-0.002188674872741103,2,1,2.2188674872740677,-2.2188674872740677,rise,flat
multi_frequency_lstm,2025-09-26,0.020000000000000462,-0.0048746676184237,2,1,2.487466761842416,-2.487466761842416,rise,flat
multi_frequency_lstm,2025-09-29,-0.04999999999999982,-0.004174266010522842,0,1,4.582573398947698,4.582573398947698,fall,flat
multi_frequency_lstm,2025-09-30,0.009999999999999787,-0.005874326918274164,1,1,1.587432691827395,-1.587432691827395,flat,flat
multi_frequency_lstm,2025-10-01,-0.040000000000000036,-0.0017849807627499104,0,1,3.8215019237250125,3.8215019237250125,fall,flat
multi_frequency_lstm,2025-10-02,-0.020000000000000462,-0.006690585054457188,0,1,1.3309414945543274,1.3309414945543274,fall,flat
multi_frequency_lstm,2025-10-03,0.03000000000000025,-0.0005350657156668603,2,1,3.053506571566711,-3.053506571566711,rise,flat
multi_frequency_lstm,2025-10-06,0.04999999999999982,0.0049340929836034775,2,1,4.5065907016396345,-4.5065907016396345,rise,flat
multi_frequency_lstm,2025-10-07,-0.040000000000000036,0.011537048034369946,0,2,5.153704803436998,5.153704803436998,fall,rise
multi_frequency_lstm,2025-10-08,-0.009999999999999787,0.0021433064248412848,1,1,1.2143306424841072,1.2143306424841072,flat,flat
multi_frequency_lstm,2025-10-09,0.009999999999999787,-4.03093290515244e-05,1,1,1.0040309329051311,-1.0040309329051311,flat,flat
multi_frequency_lstm,2025-10-10,-0.08999999999999986,0.002236658940091729,0,1,9.223665894009159,9.223665894009159,fall,flat
multi_frequency_lstm,2025-10-14,-0.019999999999999574,-0.005476303864270449,0,1,1.4523696135729125,1.4523696135729125,fall,flat
multi_frequency_lstm,2025-10-15,0.019999999999999574,0.0017071703914552927,2,1,1.829282960854428,-1.829282960854428,rise,flat
multi_frequency_lstm,2025-10-16,-0.05999999999999961,0.009857268072664738,0,1,6.985726807266435,6.985726807266435,fall,flat
multi_frequency_lstm,2025-10-17,0.02999999999999936,0.0027217145543545485,2,1,2.727828544564481,-2.727828544564481,rise,flat
multi_frequency_lstm,2025-10-20,-0.019999999999999574,0.007982254959642887,0,1,2.798225495964246,2.798225495964246,fall,flat
multi_frequency_lstm,2025-10-21,-0.020000000000000018,-0.0040262979455292225,0,1,1.5973702054470795,1.5973702054470795,fall,flat
multi_frequency_lstm,2025-10-22,-0.009999999999999787,-0.010601755231618881,1,0,0.06017552316190944,-0.06017552316190944,flat,fall
multi_frequency_lstm,2025-10-23,0.03999999999999959,-0.008021995425224304,2,1,4.80219954252239,-4.80219954252239,rise,flat
multi_frequency_lstm,2025-10-24,0.009999999999999787,0.00015540147433057427,1,1,0.9844598525669213,-0.9844598525669213,flat,flat
multi_frequency_lstm,2025-10-27,-0.009999999999999787,-0.005507403519004583,1,1,0.44925964809952035,0.44925964809952035,flat,flat
multi_frequency_lstm,2025-10-28,-0.019999999999999574,-0.010974225588142872,0,0,0.9025774411856702,0.9025774411856702,fall,fall
multi_frequency_lstm,2025-10-29,0.08999999999999986,-0.008838152512907982,2,1,9.883815251290784,-9.883815251290784,rise,flat
multi_frequency_lstm,2025-10-30,0.03000000000000025,0.013550193049013615,2,2,1.6449806950986634,-1.6449806950986634,rise,rise
multi_frequency_lstm,2025-10-31,0.0,0.007134506478905678,1,1,0.7134506478905678,0.7134506478905678,flat,flat
multi_frequency_lstm,2025-11-03,0.019999999999999574,-0.0007755562546662986,2,1,2.0775556254665872,-2.0775556254665872,rise,flat
multi_frequency_lstm,2025-11-04,-0.03000000000000025,0.007012221496552229,0,1,3.7012221496552478,3.7012221496552478,fall,flat
multi_frequency_lstm,2025-11-05,0.07000000000000028,-0.0043309349566698074,2,1,7.433093495667009,-7.433093495667009,rise,flat
multi_frequency_lstm,2025-11-06,-0.05999999999999961,0.011774349957704544,0,2,7.177434995770415,7.177434995770415,fall,rise
multi_frequency_lstm,2025-11-07,0.0,-0.007377193309366703,1,1,0.7377193309366703,-0.7377193309366703,flat,flat
multi_frequency_lstm,2025-11-10,0.019999999999999574,-0.0014356131432577968,2,1,2.143561314325737,-2.143561314325737,rise,flat
multi_frequency_lstm,2025-11-12,-0.04999999999999982,0.004043165594339371,0,1,5.404316559433919,5.404316559433919,fall,flat
multi_frequency_lstm,2025-11-13,0.03000000000000025,-0.0018924500327557325,2,1,3.189245003275598,-3.189245003275598,rise,flat
multi_frequency_lstm,2025-11-14,0.02999999999999936,0.006935866549611092,2,1,2.306413345038827,-2.306413345038827,rise,flat
multi_frequency_lstm,2025-11-17,-0.009999999999999787,0.007575565949082375,1,1,1.7575565949082161,1.7575565949082161,flat,flat
multi_frequency_lstm,2025-11-18,-0.009999999999999787,0.0035388304386287928,1,1,1.353883043862858,1.353883043862858,flat,flat
multi_frequency_lstm,2025-11-19,0.009999999999999787,0.0007013927097432315,1,1,0.9298607290256555,-0.9298607290256555,flat,flat
multi_frequency_lstm,2025-11-20,-0.03000000000000025,0.005971812643110752,0,1,3.5971812643111,3.5971812643111,fall,flat
multi_frequency_lstm,2025-11-21,-0.040000000000000036,0.003285690676420927,0,1,4.328569067642096,4.328569067642096,fall,flat
multi_frequency_lstm,2025-11-24,-0.019999999999999574,0.002858078572899103,0,1,2.2858078572898677,2.2858078572898677,fall,flat
multi_frequency_lstm,2025-11-25,-0.03000000000000025,0.008222876116633415,0,1,3.8222876116633664,3.8222876116633664,fall,flat
multi_frequency_lstm,2025-11-26,-0.009999999999999787,0.00860163476318121,1,1,1.8601634763180996,1.8601634763180996,flat,flat
multi_frequency_lstm,2025-11-28,0.019999999999999574,0.013259964995086193,2,2,0.6740035004913381,-0.6740035004913381,rise,rise
multi_frequency_lstm,2025-12-01,0.07000000000000028,0.015446066856384277,2,2,5.455393314361601,-5.455393314361601,rise,rise
multi_frequency_lstm,2025-12-02,0.0,0.018810655921697617,1,2,1.8810655921697617,1.8810655921697617,flat,rise
multi_frequency_lstm,2025-12-03,-0.03000000000000025,-0.0026071348693221807,0,1,2.739286513067807,2.739286513067807,fall,flat
multi_frequency_lstm,2025-12-04,0.05000000000000071,-0.012071612291038036,2,0,6.207161229103875,-6.207161229103875,rise,fall
multi_frequency_lstm,2025-12-05,0.02999999999999936,0.004138439893722534,2,1,2.5861560106276826,-2.5861560106276826,rise,flat
multi_frequency_lstm,2025-12-08,0.03000000000000025,0.006058257073163986,2,1,2.3941742926836262,-2.3941742926836262,rise,flat
multi_frequency_lstm,2025-12-09,0.009999999999999787,0.00667125079780817,1,1,0.33287492021916165,-0.33287492021916165,flat,flat
multi_frequency_lstm,2025-12-10,-0.04999999999999982,0.0031947100069373846,0,1,5.319471000693721,5.319471000693721,fall,flat
multi_frequency_lstm,2025-12-11,0.009999999999999787,-0.0033835789654403925,1,1,1.338357896544018,-1.338357896544018,flat,flat
multi_frequency_lstm,2025-12-12,0.05000000000000071,-0.0007625474827364087,2,1,5.076254748273712,-5.076254748273712,rise,flat
multi_frequency_lstm,2025-12-15,-0.010000000000000675,0.007227281574159861,0,1,1.7227281574160536,1.7227281574160536,fall,flat
multi_frequency_lstm,2025-12-16,-0.02999999999999936,0.008280900306999683,0,1,3.8280900306999044,3.8280900306999044,fall,flat
multi_frequency_lstm,2025-12-17,0.009999999999999787,0.005122333765029907,1,1,0.48776662349698796,-0.48776662349698796,flat,flat
multi_frequency_lstm,2025-12-18,-0.040000000000000036,0.007179231382906437,0,1,4.717923138290647,4.717923138290647,fall,flat
multi_frequency_lstm,2025-12-19,0.040000000000000036,-0.0010651899501681328,2,1,4.106518995016817,-4.106518995016817,rise,flat
multi_frequency_lstm,2025-12-22,0.009999999999999787,0.001160179846920073,1,1,0.8839820153079714,-0.8839820153079714,flat,flat
multi_frequency_lstm,2025-12-23,0.009999999999999787,0.0069249277003109455,1,1,0.30750722996888413,-0.30750722996888413,flat,flat
multi_frequency_lstm,2025-12-24,-0.02999999999999936,0.006373829673975706,0,1,3.6373829673975067,3.6373829673975067,fall,flat
multi_frequency_lstm,2025-12-26,-0.010000000000000675,0.00807784404605627,0,1,1.8077844046056946,1.8077844046056946,fall,flat
multi_frequency_lstm,2025-12-29,-0.019999999999999574,0.0087145259603858,0,1,2.8714525960385373,2.8714525960385373,fall,flat
multi_frequency_lstm,2025-12-30,0.019999999999999574,0.013107717037200928,2,2,0.6892282962798646,-0.6892282962798646,rise,rise
multi_frequency_lstm,2025-12-31,0.040000000000000036,0.007194648962467909,2,1,3.2805351037532127,-3.2805351037532127,rise,flat
multi_frequency_lstm,2026-01-02,0.010000000000000675,0.007924544624984264,2,1,0.20754553750164106,-0.20754553750164106,rise,flat
multi_frequency_lstm,2026-01-05,-0.020000000000000462,0.002052832627668977,0,1,2.205283262766944,2.205283262766944,fall,flat
multi_frequency_lstm,2026-01-06,0.009999999999999787,-0.0002690210531000048,1,1,1.0269021053099792,-1.0269021053099792,flat,flat
multi_frequency_lstm,2026-01-07,-0.02999999999999936,0.0014865234261378646,0,1,3.1486523426137225,3.1486523426137225,fall,flat
multi_frequency_lstm,2026-01-08,0.040000000000000036,-0.003586370963603258,2,1,4.358637096360329,-4.358637096360329,rise,flat
multi_frequency_lstm,2026-01-09,-0.010000000000000675,0.003531431080773473,0,1,1.3531431080774148,1.3531431080774148,fall,flat
multi_frequency_lstm,2026-01-12,0.010000000000000675,0.00084153056377545,2,1,0.9158469436225225,-0.9158469436225225,rise,flat
multi_frequency_lstm,2026-01-13,-0.010000000000000675,0.0069780475459992886,0,1,1.6978047545999964,1.6978047545999964,fall,flat
multi_frequency_lstm,2026-01-14,-0.02999999999999936,0.00323316128924489,0,1,3.323316128924425,3.323316128924425,fall,flat
multi_frequency_lstm,2026-01-15,0.019999999999999574,-0.001964411698281765,2,1,2.196441169828134,-2.196441169828134,rise,flat
multi_frequency_lstm,2026-01-16,0.07000000000000028,0.0032541302498430014,2,1,6.674586975015728,-6.674586975015728,rise,flat
multi_frequency_lstm,2026-01-20,0.05999999999999961,0.007484759669750929,2,1,5.251524033024868,-5.251524033024868,rise,flat
multi_frequency_lstm,2026-01-21,-0.040000000000000036,0.008382914587855339,0,1,4.8382914587855375,4.8382914587855375,fall,flat
multi_frequency_lstm,2026-01-22,0.0,-0.00017845029651653022,1,1,0.01784502965165302,-0.01784502965165302,flat,flat
multi_frequency_lstm,2026-01-23,-0.019999999999999574,-0.0052044931799173355,0,1,1.4795506820082238,1.4795506820082238,fall,flat
multi_frequency_lstm,2026-01-26,-0.020000000000000462,-0.003370263148099184,0,1,1.6629736851901278,1.6629736851901278,fall,flat
multi_frequency_lstm,2026-01-27,0.020000000000000462,-0.004696250427514315,2,1,2.4696250427514777,-2.4696250427514777,rise,flat
multi_frequency_lstm,2026-01-28,0.019999999999999574,0.002100050449371338,2,1,1.7899949550628236,-1.7899949550628236,rise,flat
multi_frequency_lstm,2026-01-29,-0.019999999999999574,0.0067258006893098354,0,1,2.672580068930941,2.672580068930941,fall,flat
multi_frequency_lstm,2026-01-30,0.019999999999999574,0.0007476745522581041,2,1,1.925232544774147,-1.925232544774147,rise,flat
multi_frequency_lstm,2026-02-02,0.03000000000000025,0.0005603425670415163,2,1,2.9439657432958732,-2.9439657432958732,rise,flat
multi_frequency_lstm,2026-02-03,-0.009999999999999787,0.005102948285639286,1,1,1.5102948285639073,1.5102948285639073,flat,flat
multi_frequency_lstm,2026-02-04,0.009999999999999787,-0.0020144006703048944,1,1,1.2014400670304681,-1.2014400670304681,flat,flat
multi_frequency_lstm,2026-02-05,-0.08000000000000007,-0.0011192290112376213,0,1,7.888077098876245,7.888077098876245,fall,flat
multi_frequency_lstm,2026-02-06,0.009999999999999787,-0.013293653726577759,1,0,2.3293653726577546,-2.3293653726577546,flat,fall
multi_frequency_lstm,2026-02-09,0.0,-0.0010070380521938205,1,1,0.10070380521938205,-0.10070380521938205,flat,flat
multi_frequency_lstm,2026-02-10,-0.05999999999999961,0.0022213503252714872,0,1,6.22213503252711,6.22213503252711,fall,flat
multi_frequency_lstm,2026-02-11,0.019999999999999574,-0.0006278394721448421,2,1,2.0627839472144416,-2.0627839472144416,rise,flat
multi_frequency_lstm,2026-02-12,-0.08999999999999986,0.013020401820540428,0,2,10.302040182054029,10.302040182054029,fall,rise
multi_frequency_lstm,2026-02-13,-0.04999999999999982,-0.006184228230267763,0,1,4.381577176973206,4.381577176973206,fall,flat
multi_frequency_lstm,2026-02-17,0.009999999999999787,0.0002932811912614852,1,1,0.9706718808738302,-0.9706718808738302,flat,flat
multi_frequency_lstm,2026-02-18,0.040000000000000036,0.007092499639838934,2,1,3.29075003601611,-3.29075003601611,rise,flat
multi_frequency_lstm,2026-02-19,-0.009999999999999787,0.009118827059864998,1,1,1.9118827059864785,1.9118827059864785,flat,flat
multi_frequency_lstm,2026-02-20,0.0,0.002588520757853985,1,1,0.2588520757853985,0.2588520757853985,flat,flat
multi_frequency_lstm,2026-02-23,-0.04999999999999982,0.001091976067982614,0,1,5.109197606798244,5.109197606798244,fall,flat
multi_frequency_lstm,2026-02-24,0.009999999999999787,-0.00398414907976985,1,1,1.3984149079769637,-1.3984149079769637,flat,flat
multi_frequency_lstm,2026-02-25,0.009999999999999787,0.001505661173723638,1,1,0.8494338826276149,-0.8494338826276149,flat,flat
multi_frequency_lstm,2026-02-26,-0.03000000000000025,0.0032916078343987465,0,1,3.3291607834398995,3.3291607834398995,fall,flat
multi_frequency_lstm,2026-02-27,-0.04999999999999938,-0.003674348583444953,0,1,4.6325651416554425,4.6325651416554425,fall,flat
multi_frequency_lstm,2026-03-02,0.07999999999999963,-0.006242906209081411,2,1,8.624290620908104,-8.624290620908104,rise,flat
multi_frequency_lstm,2026-03-03,0.009999999999999787,0.01167292334139347,1,2,0.1672923341393684,0.1672923341393684,flat,rise
multi_frequency_lstm,2026-03-04,0.03000000000000025,0.00014362088404595852,2,1,2.985637911595429,-2.985637911595429,rise,flat
multi_frequency_lstm,2026-03-05,0.040000000000000036,-0.00019544304814189672,2,1,4.019544304814193,-4.019544304814193,rise,flat
multi_frequency_lstm,2026-03-06,0.020000000000000462,-0.0035493953619152308,2,1,2.3549395361915693,-2.3549395361915693,rise,flat
multi_frequency_lstm,2026-03-09,-0.03000000000000025,-0.010708150453865528,0,0,1.929184954613472,1.929184954613472,fall,fall
multi_frequency_lstm,2026-03-10,0.03000000000000025,-0.008584166876971722,2,1,3.858416687697197,-3.858416687697197,rise,flat
multi_frequency_lstm,2026-03-11,0.05999999999999961,0.0022112089209258556,2,1,5.778879107907375,-5.778879107907375,rise,flat
multi_frequency_lstm,2026-03-12,0.05999999999999961,0.0127496849745512,2,2,4.725031502544841,-4.725031502544841,rise,rise
multi_frequency_lstm,2026-03-13,0.010000000000000675,0.010154162533581257,2,2,0.015416253358058185,0.015416253358058185,rise,rise
multi_frequency_lstm,2026-03-16,-0.04999999999999982,-0.0014475942589342594,0,1,4.855240574106556,4.855240574106556,fall,flat
multi_frequency_lstm,2026-03-17,-0.03000000000000025,-0.0025753220543265343,0,1,2.7424677945673714,2.7424677945673714,fall,flat
multi_frequency_lstm,2026-03-18,0.05999999999999961,-0.0011547307949513197,2,1,6.115473079495093,-6.115473079495093,rise,flat
multi_frequency_lstm,2026-03-19,-0.009999999999999787,0.011526819318532944,1,2,2.152681931853273,2.152681931853273,flat,rise
multi_frequency_lstm,2026-03-20,0.13999999999999968,0.004640496801584959,2,1,13.535950319841472,-13.535950319841472,rise,flat
multi_frequency_lstm,2026-03-23,-0.04999999999999982,0.016174927353858948,0,2,6.617492735385877,6.617492735385877,fall,rise
multi_frequency_lstm,2026-03-24,0.04999999999999982,0.00037463990156538785,2,1,4.9625360098434435,-4.9625360098434435,rise,flat
multi_frequency_lstm,2026-03-25,-0.05999999999999961,0.003075640881434083,0,1,6.307564088143369,6.307564088143369,fall,flat
multi_frequency_lstm,2026-03-26,0.08999999999999986,0.00046959336032159626,2,1,8.953040663967826,-8.953040663967826,rise,flat
multi_frequency_lstm,2026-03-27,0.020000000000000462,0.0063505517318844795,2,1,1.3649448268115982,-1.3649448268115982,rise,flat
multi_frequency_lstm,2026-03-30,-0.09000000000000075,0.005497366655617952,0,1,9.54973666556187,9.54973666556187,fall,flat
multi_frequency_lstm,2026-03-31,-0.04999999999999982,7.062157237669453e-05,0,1,5.007062157237652,5.007062157237652,fall,flat
multi_frequency_lstm,2026-04-01,0.03000000000000025,0.008018823340535164,2,1,2.1981176659465085,-2.1981176659465085,rise,flat
multi_frequency_lstm,2026-04-02,-0.020000000000000462,0.011632290668785572,0,2,3.1632290668786034,3.1632290668786034,fall,rise
multi_frequency_lstm,2026-04-03,0.040000000000000036,0.013242335990071297,2,2,2.675766400992874,-2.675766400992874,rise,rise
multi_frequency_lstm,2026-04-06,-0.009999999999999787,0.011380920186638832,1,2,2.138092018663862,2.138092018663862,flat,rise
multi_frequency_lstm,2026-04-07,-0.009999999999999787,0.0013307556509971619,1,1,1.1330755650996949,1.1330755650996949,flat,flat
multi_frequency_lstm,2026-04-08,-0.040000000000000036,0.0011746083619073033,0,1,4.117460836190734,4.117460836190734,fall,flat
multi_frequency_lstm,2026-04-09,0.0,0.0007450120174326003,1,1,0.07450120174326003,0.07450120174326003,flat,flat
multi_frequency_lstm,2026-04-10,0.019999999999999574,-0.002050448674708605,2,1,2.205044867470818,-2.205044867470818,rise,flat
multi_frequency_lstm,2026-04-13,-0.009999999999999787,0.004662804771214724,1,1,1.466280477121451,1.466280477121451,flat,flat
multi_frequency_lstm,2026-04-14,-0.040000000000000036,0.0014006613055244088,0,1,4.140066130552444,4.140066130552444,fall,flat
multi_frequency_lstm,2026-04-15,0.03000000000000025,-0.0036886378657072783,2,1,3.3688637865707527,-3.3688637865707527,rise,flat
multi_frequency_lstm,2026-04-16,0.03000000000000025,0.0015897250268608332,2,1,2.8410274973139416,-2.8410274973139416,rise,flat
multi_frequency_lstm,2026-04-17,-0.0600000000000005,0.0037557559553533792,0,1,6.375575595535388,6.375575595535388,fall,flat
multi_frequency_lstm,2026-04-20,0.0,-0.0016941947396844625,1,1,0.16941947396844625,-0.16941947396844625,flat,flat
multi_frequency_lstm,2026-04-21,0.040000000000000036,0.003103457624092698,2,1,3.6896542375907337,-3.6896542375907337,rise,flat
multi_frequency_lstm,2026-04-22,0.0,0.006891562137752771,1,1,0.6891562137752771,0.6891562137752771,flat,flat
multi_frequency_lstm,2026-04-23,0.040000000000000036,0.0006765495054423809,2,1,3.9323450494557655,-3.9323450494557655,rise,flat
multi_frequency_lstm,2026-04-24,-0.03000000000000025,0.005625482182949781,0,1,3.562548218295003,3.562548218295003,fall,flat
multi_frequency_lstm,2026-04-27,0.040000000000000036,-0.0054518734104931355,2,1,4.545187341049317,-4.545187341049317,rise,flat
multi_frequency_lstm,2026-04-28,0.010000000000000675,0.0014849321451038122,2,1,0.8515067854896863,-0.8515067854896863,rise,flat
multi_frequency_lstm,2026-04-29,0.05999999999999961,0.0031429228838533163,2,1,5.685707711614629,-5.685707711614629,rise,flat
multi_frequency_lstm,2026-04-30,-0.019999999999999574,0.00977987889200449,0,1,2.9779878892004064,2.9779878892004064,fall,flat
multi_frequency_lstm,2026-05-01,-0.010000000000000675,-0.002431008266285062,0,1,0.7568991733715613,0.7568991733715613,fall,flat
multi_frequency_lstm,2026-05-04,0.0600000000000005,-0.001280948519706726,2,1,6.128094851970722,-6.128094851970722,rise,flat
multi_frequency_lstm,2026-05-05,-0.020000000000000462,0.010344570502638817,0,2,3.034457050263928,3.034457050263928,fall,rise
multi_frequency_lstm,2026-05-06,-0.0699999999999994,-0.0024657442700117826,0,1,6.753425572998761,6.753425572998761,fall,flat
multi_frequency_lstm,2026-05-07,0.04999999999999982,-0.003273057285696268,2,1,5.327305728569609,-5.327305728569609,rise,flat
multi_frequency_lstm,2026-05-08,-0.03000000000000025,0.004747168626636267,0,1,3.4747168626636515,3.4747168626636515,fall,flat
multi_frequency_lstm,2026-05-11,0.040000000000000036,-3.866833867505193e-05,2,1,4.003866833867509,-4.003866833867509,rise,flat
multi_frequency_lstm,2026-05-12,0.040000000000000036,0.00952144619077444,2,1,3.0478553809225595,-3.0478553809225595,rise,flat
multi_frequency_lstm,2026-05-13,0.0,0.010116415098309517,1,2,1.0116415098309517,1.0116415098309517,flat,rise
multi_frequency_lstm,2026-05-14,0.009999999999999787,0.0010980291990563273,1,1,0.890197080094346,-0.890197080094346,flat,flat
multi_frequency_lstm,2026-05-15,0.1200000000000001,-0.0011895861243829131,2,1,12.118958612438302,-12.118958612438302,rise,flat
multi_frequency_lstm,2026-05-18,0.020000000000000462,0.006593786645680666,2,1,1.3406213354319796,-1.3406213354319796,rise,flat
multi_frequency_lstm,2026-05-19,0.05999999999999961,-0.0010083916131407022,2,1,6.100839161314031,-6.100839161314031,rise,flat
multi_frequency_lstm,2026-05-20,-0.09999999999999964,0.0003792888019233942,0,1,10.037928880192304,10.037928880192304,fall,flat
multi_frequency_lstm,2026-05-21,0.0,-0.004814582411199808,1,1,0.4814582411199808,-0.4814582411199808,flat,flat
multi_frequency_lstm,2026-05-22,-0.010000000000000675,0.003912000451236963,0,1,1.3912000451237638,1.3912000451237638,fall,flat
multi_frequency_lstm,2026-05-26,-0.05999999999999961,-0.0006221428629942238,0,1,5.9377857137005385,5.9377857137005385,fall,flat
multi_frequency_lstm,2026-05-27,-0.019999999999999574,-0.002891161944717169,0,1,1.7108838055282405,1.7108838055282405,fall,flat
multi_frequency_lstm,2026-05-28,-0.03000000000000025,0.0020019463263452053,0,1,3.2001946326345454,3.2001946326345454,fall,flat
multi_frequency_lstm,2026-05-29,0.0,0.0031805364415049553,1,1,0.31805364415049553,0.31805364415049553,flat,flat
multi_frequency_lstm,2026-06-01,0.019999999999999574,0.0078590027987957,2,1,1.2140997201203874,-1.2140997201203874,rise,flat
multi_frequency_lstm,2026-06-02,-0.009999999999999787,0.012982637621462345,1,2,2.298263762146213,2.298263762146213,flat,rise
multi_frequency_lstm,2026-06-03,0.03000000000000025,0.003209712216630578,2,1,2.679028778336967,-2.679028778336967,rise,flat
multi_frequency_lstm,2026-06-04,-0.020000000000000462,0.004466979764401913,0,1,2.4466979764402375,2.4466979764402375,fall,flat
multi_frequency_lstm,2026-06-05,0.08000000000000007,-0.0015695957699790597,2,1,8.156959576997913,-8.156959576997913,rise,flat
multi_frequency_lstm,2026-06-08,0.009999999999999787,0.008971321396529675,1,1,0.10286786034701123,-0.10286786034701123,flat,flat
multi_frequency_lstm,2026-06-09,-0.02999999999999936,-0.000518588989507407,0,1,2.9481411010491954,2.9481411010491954,fall,flat
multi_frequency_lstm,2026-06-10,0.019999999999999574,-0.004596888553351164,2,1,2.4596888553350738,-2.4596888553350738,rise,flat
multi_frequency_lstm,2026-06-11,-0.09999999999999964,-0.003940011840313673,0,1,9.605998815968597,9.605998815968597,fall,flat
multi_frequency_lstm,2026-06-12,0.03000000000000025,-0.012479417026042938,2,0,4.247941702604319,-4.247941702604319,rise,fall
multi_frequency_lstm,2026-06-15,-0.010000000000000675,0.0006427105981856585,0,1,1.0642710598186333,1.0642710598186333,fall,flat
multi_frequency_lstm,2026-06-16,-0.040000000000000036,-0.0009415256208740175,0,1,3.905847437912602,3.905847437912602,fall,flat
multi_frequency_lstm,2026-06-17,0.0600000000000005,-0.0048416187055408955,2,1,6.484161870554139,-6.484161870554139,rise,flat
multi_frequency_lstm,2026-06-18,-0.03000000000000025,0.0009552427800372243,0,1,3.0955242780037473,3.0955242780037473,fall,flat
multi_frequency_lstm,2026-06-22,0.04999999999999982,-0.015478220768272877,2,0,6.54782207682727,-6.54782207682727,rise,fall
multi_frequency_lstm,2026-06-23,-0.009999999999999787,-0.003759602550417185,1,1,0.6240397449582602,0.6240397449582602,flat,flat
multi_frequency_lstm,2026-06-24,-0.08999999999999986,-0.009534229524433613,0,1,8.046577047556625,8.046577047556625,fall,flat
multi_frequency_lstm,2026-06-25,-0.009999999999999787,-0.010917061939835548,1,0,0.09170619398357616,-0.09170619398357616,flat,fall
multi_frequency_lstm,2026-06-26,-0.020000000000000462,-0.0016956410836428404,0,1,1.8304358916357621,1.8304358916357621,fall,flat
multi_frequency_lstm,2026-06-29,0.0,0.0019741510041058064,1,1,0.19741510041058064,0.19741510041058064,flat,flat
multi_frequency_lstm,2026-06-30,0.0600000000000005,0.008233562111854553,2,1,5.176643788814594,-5.176643788814594,rise,flat
multi_frequency_lstm,2026-07-01,0.040000000000000036,0.005187906790524721,2,1,3.4812093209475314,-3.4812093209475314,rise,flat
multi_frequency_lstm,2026-07-02,0.009999999999999787,0.0034591571893543005,1,1,0.6540842810645486,-0.6540842810645486,flat,flat
multi_frequency_lstm,2026-07-06,-0.009999999999999787,-0.011072162538766861,1,0,0.10721625387670741,-0.10721625387670741,flat,fall
multi_frequency_lstm,2026-07-07,0.0699999999999994,-0.008110583759844303,2,1,7.81105837598437,-7.81105837598437,rise,flat
multi_frequency_lstm,2026-07-08,0.009999999999999787,0.0043360027484595776,1,1,0.5663997251540209,-0.5663997251540209,flat,flat
multi_frequency_lstm,2026-07-09,-0.019999999999999574,-0.003079840447753668,0,1,1.6920159552245906,1.6920159552245906,fall,flat
multi_frequency_lstm,2026-07-10,0.019999999999999574,-0.01234453171491623,2,0,3.2344531714915803,-3.2344531714915803,rise,fall
multi_frequency_lstm,2026-07-13,0.0600000000000005,-0.0007728106575086713,2,1,6.077281065750917,-6.077281065750917,rise,flat
multi_frequency_lstm,2026-07-14,-0.040000000000000036,0.004721854347735643,0,1,4.472185434773568,4.472185434773568,fall,flat
multi_frequency_lstm,2026-07-15,-0.03000000000000025,-0.013657007366418839,0,0,1.634299263358141,1.634299263358141,fall,fall
multi_frequency_lstm,2026-07-16,0.020000000000000462,-0.00647407490760088,2,1,2.647407490760134,-2.647407490760134,rise,flat
multi_frequency_lstm,2026-07-17,-0.020000000000000462,0.001138318795710802,0,1,2.1138318795711264,2.1138318795711264,fall,flat
multi_frequency_lstm,2026-07-20,0.04999999999999982,0.0042158761061728,2,1,4.578412389382702,-4.578412389382702,rise,flat
multi_frequency_lstm,2026-07-21,0.03000000000000025,0.018359975889325142,2,2,1.1640024110675107,-1.1640024110675107,rise,rise
multi_frequency_lstm,2026-07-22,0.040000000000000036,0.010309560224413872,2,2,2.9690439775586164,-2.9690439775586164,rise,rise
multi_frequency_lstm,2026-07-23,0.040000000000000036,0.004428521730005741,2,1,3.5571478269994294,-3.5571478269994294,rise,flat
multi_frequency_lstm,2026-07-24,-0.019999999999999574,0.006541512906551361,0,1,2.6541512906550935,2.6541512906550935,fall,flat
multi_frequency_lstm,2026-07-27,-0.040000000000000036,0.004671127535402775,0,1,4.467112753540281,4.467112753540281,fall,flat
multi_frequency_lstm,2026-07-28,-0.040000000000000036,0.006235834676772356,0,1,4.623583467677239,4.623583467677239,fall,flat
multi_frequency_lstm,2026-07-29,0.05999999999999961,-0.0013251597993075848,2,1,6.132515979930719,-6.132515979930719,rise,flat
multi_frequency_lstm,2026-07-30,0.009999999999999787,0.005028977058827877,1,1,0.497102294117191,-0.497102294117191,flat,flat
multi_frequency_lstm,2026-07-31,0.07000000000000028,0.014303545467555523,2,2,5.569645453244476,-5.569645453244476,rise,rise
multi_frequency_lstm,2026-08-03,-0.04999999999999982,0.019615255296230316,0,2,6.961525529623014,6.961525529623014,fall,rise
multi_frequency_lstm,2026-08-04,-0.07000000000000028,0.013443849980831146,0,2,8.344384998083143,8.344384998083143,fall,rise
multi_frequency_lstm,2026-08-05,0.0,-0.00019988194981124252,1,1,0.019988194981124252,-0.019988194981124252,flat,flat
multi_frequency_lstm,2026-08-06,0.0600000000000005,-0.003118500579148531,2,1,6.311850057914903,-6.311850057914903,rise,flat
multi_frequency_lstm,2026-08-07,-0.040000000000000036,0.011251823976635933,0,2,5.125182397663597,5.125182397663597,fall,rise
multi_frequency_lstm,2026-08-10,0.0699999999999994,-0.0010967121925204992,2,1,7.1096712192519895,-7.1096712192519895,rise,flat
multi_frequency_lstm,2026-08-11,-0.019999999999999574,0.014465146698057652,0,2,3.4465146698057225,3.4465146698057225,fall,rise
multi_frequency_lstm,2026-08-12,-0.020000000000000462,0.0021067385096102953,0,1,2.2106738509610757,2.2106738509610757,fall,flat
multi_frequency_lstm,2026-08-13,-0.04999999999999982,-0.0032227407209575176,0,1,4.6777259279042305,4.6777259279042305,fall,flat
multi_frequency_lstm,2026-08-14,0.04999999999999982,-0.002915919991210103,2,1,5.2915919991209925,-5.2915919991209925,rise,flat
multi_frequency_lstm,2026-08-17,0.040000000000000036,0.0051720477640628815,2,1,3.4827952235937154,-3.4827952235937154,rise,flat
multi_frequency_lstm,2026-08-18,-0.009999999999999787,0.015135101974010468,1,2,2.5135101974010254,2.5135101974010254,flat,rise
multi_frequency_lstm,2026-08-19,-0.05999999999999961,0.0022885967046022415,0,1,6.228859670460185,6.228859670460185,fall,flat
multi_frequency_lstm,2026-08-20,0.040000000000000036,-0.0036823099944740534,2,1,4.368230999447409,-4.368230999447409,rise,flat
multi_frequency_lstm,2026-08-21,0.04999999999999982,0.001922366674989462,2,1,4.807763332501036,-4.807763332501036,rise,flat
multi_frequency_lstm,2026-08-24,-0.040000000000000036,0.011891024187207222,0,2,5.189102418720726,5.189102418720726,fall,rise
multi_frequency_lstm,2026-08-25,-0.0600000000000005,0.0022779263090342283,0,1,6.227792630903473,6.227792630903473,fall,flat
multi_frequency_lstm,2026-08-26,0.020000000000000462,-0.0023448222782462835,2,1,2.2344822278246745,-2.2344822278246745,rise,flat
multi_frequency_lstm,2026-08-27,0.009999999999999787,0.007179317995905876,1,1,0.28206820040939107,-0.28206820040939107,flat,flat
multi_frequency_lstm,2026-08-28,0.0600000000000005,0.0028395492117851973,2,1,5.71604507882153,-5.71604507882153,rise,flat
multi_frequency_lstm,2026-08-31,0.019999999999999574,0.011117393150925636,2,2,0.8882606849073937,-0.8882606849073937,rise,rise
multi_frequency_lstm,2026-09-01,0.040000000000000036,0.0023359928745776415,2,1,3.7664007125422394,-3.7664007125422394,rise,flat
multi_frequency_lstm,2026-09-02,0.0,0.0011531594209372997,1,1,0.11531594209372997,0.11531594209372997,flat,flat
multi_frequency_lstm,2026-09-03,-0.020000000000000462,-0.004386431071907282,0,1,1.561356892809318,1.561356892809318,fall,flat
multi_frequency_lstm,2026-09-04,0.010000000000000675,-0.011428228579461575,2,0,2.142822857946225,-2.142822857946225,rise,fall
multi_frequency_lstm,2026-09-08,0.019999999999999574,0.003360471222549677,2,1,1.6639528777449897,-1.6639528777449897,rise,flat
dqn,2021-03-25,0.009999999999999787,,1,0,,,flat,fall
dqn,2021-03-26,0.040000000000000036,,2,2,,,rise,rise
dqn,2021-03-29,0.06000000000000005,,2,2,,,rise,rise
dqn,2021-03-30,0.0,,1,2,,,flat,rise
dqn,2021-03-31,0.010000000000000009,,2,0,,,rise,fall
dqn,2021-04-01,-0.050000000000000044,,0,0,,,fall,fall
dqn,2021-04-02,0.030000000000000027,,2,0,,,rise,fall
dqn,2021-04-05,0.010000000000000009,,2,0,,,rise,fall
dqn,2021-04-06,-0.06000000000000005,,0,0,,,fall,fall
dqn,2021-04-07,0.010000000000000009,,2,0,,,rise,fall
dqn,2021-04-08,-0.040000000000000036,,0,2,,,fall,rise
dqn,2021-04-09,0.030000000000000027,,2,0,,,rise,fall
dqn,2021-04-12,0.020000000000000018,,2,2,,,rise,rise
dqn,2021-04-13,-0.050000000000000044,,0,2,,,fall,rise
dqn,2021-04-14,0.0,,1,0,,,flat,fall
dqn,2021-04-15,-0.07999999999999985,,0,2,,,fall,rise
dqn,2021-04-16,0.030000000000000027,,2,0,,,rise,fall
dqn,2021-04-19,0.020000000000000018,,2,2,,,rise,rise
dqn,2021-04-20,-0.030000000000000027,,0,2,,,fall,rise
dqn,2021-04-21,-0.010000000000000009,,0,2,,,fall,rise
dqn,2021-04-22,0.0,,1,2,,,flat,rise
dqn,2021-04-23,0.010000000000000009,,2,2,,,rise,rise
dqn,2021-04-26,0.0,,1,2,,,flat,rise
dqn,2021-04-27,0.04999999999999982,,2,2,,,rise,rise
dqn,2021-04-28,0.0,,1,2,,,flat,rise
dqn,2021-04-29,0.020000000000000018,,2,0,,,rise,fall
dqn,2021-04-30,0.0,,1,2,,,flat,rise
dqn,2021-05-03,-0.020000000000000018,,0,0,,,fall,fall
dqn,2021-05-04,-0.019999999999999796,,0,0,,,fall,fall
dqn,2021-05-05,-0.020000000000000018,,0,2,,,fall,rise
dqn,2021-05-06,-0.010000000000000009,,0,2,,,fall,rise
dqn,2021-05-07,0.020000000000000018,,2,2,,,rise,rise
dqn,2021-05-10,0.029999999999999805,,2,2,,,rise,rise
dqn,2021-05-11,0.010000000000000009,,2,2,,,rise,rise
dqn,2021-05-12,0.050000000000000044,,2,2,,,rise,rise
dqn,2021-05-13,-0.030000000000000027,,0,2,,,fall,rise
dqn,2021-05-14,-0.030000000000000027,,0,0,,,fall,fall
dqn,2021-05-17,0.010000000000000009,,2,0,,,rise,fall
dqn,2021-05-18,0.0,,1,2,,,flat,rise
dqn,2021-05-19,0.040000000000000036,,2,2,,,rise,rise
dqn,2021-05-20,-0.050000000000000044,,0,2,,,fall,rise
dqn,2021-05-21,0.0,,1,0,,,flat,fall
dqn,2021-05-24,-0.019999999999999796,,0,2,,,fall,rise
dqn,2021-05-25,-0.050000000000000044,,0,0,,,fall,fall
dqn,2021-05-26,0.020000000000000018,,2,2,,,rise,rise
dqn,2021-05-27,0.030000000000000027,,2,2,,,rise,rise
dqn,2021-05-28,-0.030000000000000027,,0,2,,,fall,rise
dqn,2021-06-01,0.040000000000000036,,2,2,,,rise,rise
dqn,2021-06-02,-0.030000000000000027,,0,2,,,fall,rise
dqn,2021-06-03,0.039999999999999813,,2,0,,,rise,fall
dqn,2021-06-04,-0.06999999999999984,,0,2,,,fall,rise
dqn,2021-06-07,0.010000000000000009,,2,0,,,rise,fall
dqn,2021-06-08,-0.040000000000000036,,0,2,,,fall,rise
dqn,2021-06-09,-0.030000000000000027,,0,2,,,fall,rise
dqn,2021-06-10,-0.050000000000000044,,0,2,,,fall,rise
dqn,2021-06-11,0.020000000000000018,,2,2,,,rise,rise
dqn,2021-06-14,0.040000000000000036,,2,2,,,rise,rise
dqn,2021-06-15,0.0,,1,2,,,flat,rise
dqn,2021-06-16,0.06000000000000005,,2,2,,,rise,rise
dqn,2021-06-17,-0.050000000000000044,,0,2,,,fall,rise
dqn,2021-06-18,-0.07000000000000006,,0,0,,,fall,fall
dqn,2021-06-21,0.050000000000000044,,2,0,,,rise,fall
dqn,2021-06-22,-0.020000000000000018,,0,2,,,fall,rise
dqn,2021-06-23,0.020000000000000018,,2,2,,,rise,rise
dqn,2021-06-24,-0.010000000000000009,,0,2,,,fall,rise
dqn,2021-06-25,0.050000000000000044,,2,2,,,rise,rise
dqn,2021-06-28,-0.050000000000000044,,0,2,,,fall,rise
dqn,2021-06-29,0.0,,1,0,,,flat,fall
dqn,2021-06-30,-0.040000000000000036,,0,2,,,fall,rise
dqn,2021-07-01,0.030000000000000027,,2,2,,,rise,rise
dqn,2021-07-02,-0.040000000000000036,,0,2,,,fall,rise
dqn,2021-07-06,-0.06999999999999984,,0,2,,,fall,rise
dqn,2021-07-07,-0.040000000000000036,,0,2,,,fall,rise
dqn,2021-07-08,-0.030000000000000027,,0,2,,,fall,rise
dqn,2021-07-09,0.07000000000000006,,2,2,,,rise,rise
dqn,2021-07-12,0.009999999999999787,,1,2,,,flat,rise
dqn,2021-07-13,0.040000000000000036,,2,2,,,rise,rise
dqn,2021-07-14,-0.04999999999999982,,0,2,,,fall,rise
dqn,2021-07-15,-0.06000000000000005,,0,0,,,fall,fall
dqn,2021-07-16,0.0,,1,2,,,flat,rise
dqn,2021-07-19,-0.1200000000000001,,0,2,,,fall,rise
dqn,2021-07-20,0.040000000000000036,,2,2,,,rise,rise
dqn,2021-07-21,0.07000000000000006,,2,2,,,rise,rise
dqn,2021-07-22,-0.030000000000000027,,0,2,,,fall,rise
dqn,2021-07-23,0.030000000000000027,,2,2,,,rise,rise
dqn,2021-07-26,-0.010000000000000009,,0,2,,,fall,rise
dqn,2021-07-27,-0.040000000000000036,,0,2,,,fall,rise
dqn,2021-07-28,0.010000000000000009,,2,2,,,rise,rise
dqn,2021-07-29,0.020000000000000018,,2,2,,,rise,rise
dqn,2021-07-30,-0.040000000000000036,,0,2,,,fall,rise
dqn,2021-08-02,-0.040000000000000036,,0,2,,,fall,rise
dqn,2021-08-03,-0.010000000000000009,,0,2,,,fall,rise
dqn,2021-08-04,0.0,,1,2,,,flat,rise
dqn,2021-08-05,0.040000000000000036,,2,2,,,rise,rise
dqn,2021-08-06,0.08000000000000007,,2,2,,,rise,rise
dqn,2021-08-09,0.020000000000000018,,2,2,,,rise,rise
dqn,2021-08-10,0.030000000000000027,,2,2,,,rise,rise
dqn,2021-08-11,-0.010000000000000009,,0,2,,,fall,rise
dqn,2021-08-12,0.010000000000000009,,2,0,,,rise,fall
dqn,2021-08-13,-0.07000000000000006,,0,2,,,fall,rise
dqn,2021-08-16,-0.030000000000000027,,0,0,,,fall,fall
dqn,2021-08-17,0.0,,1,2,,,flat,rise
dqn,2021-08-18,0.010000000000000009,,2,2,,,rise,rise
dqn,2021-08-19,-0.030000000000000027,,0,2,,,fall,rise
dqn,2021-08-20,0.020000000000000018,,2,2,,,rise,rise
dqn,2021-08-23,-0.010000000000000009,,0,2,,,fall,rise
dqn,2021-08-24,0.040000000000000036,,2,2,,,rise,rise
dqn,2021-08-25,0.06000000000000005,,2,2,,,rise,rise
dqn,2021-08-26,-0.010000000000000009,,0,2,,,fall,rise
dqn,2021-08-27,-0.030000000000000027,,0,2,,,fall,rise
dqn,2021-08-30,-0.020000000000000018,,0,2,,,fall,rise
dqn,2021-08-31,0.010000000000000009,,2,2,,,rise,rise
dqn,2021-09-01,0.010000000000000009,,2,2,,,rise,rise
dqn,2021-09-02,-0.020000000000000018,,0,2,,,fall,rise
dqn,2021-09-03,0.040000000000000036,,2,2,,,rise,rise
dqn,2021-09-07,0.04999999999999982,,2,2,,,rise,rise
dqn,2021-09-08,-0.029999999999999805,,0,2,,,fall,rise
dqn,2021-09-09,-0.050000000000000044,,0,0,,,fall,fall
dqn,2021-09-10,0.050000000000000044,,2,2,,,rise,rise
dqn,2021-09-13,-0.020000000000000018,,0,2,,,fall,rise
dqn,2021-09-14,-0.050000000000000044,,0,2,,,fall,rise
dqn,2021-09-15,0.030000000000000027,,2,2,,,rise,rise
dqn,2021-09-16,0.030000000000000027,,2,2,,,rise,rise
dqn,2021-09-17,0.030000000000000027,,2,2,,,rise,rise
dqn,2021-09-20,-0.06000000000000005,,0,2,,,fall,rise
dqn,2021-09-21,0.020000000000000018,,2,0,,,rise,fall
dqn,2021-09-22,-0.010000000000000009,,0,2,,,fall,rise
dqn,2021-09-23,0.08999999999999986,,2,2,,,rise,rise
dqn,2021-09-24,0.06000000000000005,,2,2,,,rise,rise
dqn,2021-09-27,0.010000000000000009,,2,2,,,rise,rise
dqn,2021-09-28,0.06000000000000005,,2,0,,,rise,fall
dqn,2021-09-29,0.010000000000000009,,2,2,,,rise,rise
dqn,2021-09-30,-0.030000000000000027,,0,0,,,fall,fall
dqn,2021-10-01,-0.040000000000000036,,0,0,,,fall,fall
dqn,2021-10-04,0.010000000000000009,,2,0,,,rise,fall
dqn,2021-10-05,0.050000000000000044,,2,2,,,rise,rise
dqn,2021-10-06,-0.010000000000000009,,0,2,,,fall,rise
dqn,2021-10-07,0.050000000000000044,,2,2,,,rise,rise
dqn,2021-10-08,0.030000000000000027,,2,2,,,rise,rise
dqn,2021-10-12,-0.020000000000000018,,0,2,,,fall,rise
dqn,2021-10-13,-0.030000000000000027,,0,0,,,fall,fall
dqn,2021-10-14,-0.040000000000000036,,0,0,,,fall,fall
dqn,2021-10-15,0.07000000000000006,,2,0,,,rise,fall
dqn,2021-10-18,0.0,,1,2,,,flat,rise
dqn,2021-10-19,0.05999999999999983,,2,2,,,rise,rise
dqn,2021-10-20,0.0,,1,2,,,flat,rise
dqn,2021-10-21,0.030000000000000027,,2,0,,,rise,fall
dqn,2021-10-22,-0.020000000000000018,,0,2,,,fall,rise
dqn,2021-10-25,-0.020000000000000018,,0,0,,,fall,fall
dqn,2021-10-26,-0.010000000000000009,,0,0,,,fall,fall
dqn,2021-10-27,-0.08999999999999986,,0,2,,,fall,rise
dqn,2021-10-28,0.030000000000000027,,2,0,,,rise,fall
dqn,2021-10-29,-0.020000000000000018,,0,2,,,fall,rise
dqn,2021-11-01,0.030000000000000027,,2,2,,,rise,rise
dqn,2021-11-02,-0.020000000000000018,,0,2,,,fall,rise
dqn,2021-11-03,0.040000000000000036,,2,2,,,rise,rise
dqn,2021-11-04,-0.07000000000000006,,0,2,,,fall,rise
dqn,2021-11-05,-0.08000000000000007,,0,0,,,fall,fall
dqn,2021-11-08,0.06000000000000005,,2,0,,,rise,fall
dqn,2021-11-09,-0.050000000000000044,,0,2,,,fall,rise
dqn,2021-11-10,0.10000000000000009,,2,2,,,rise,rise
dqn,2021-11-12,0.020000000000000018,,2,2,,,rise,rise
dqn,2021-11-15,0.04999999999999982,,2,2,,,rise,rise
dqn,2021-11-16,0.0,,1,2,,,flat,rise
dqn,2021-11-17,-0.029999999999999805,,0,0,,,fall,fall
dqn,2021-11-18,-0.010000000000000009,,0,0,,,fall,fall
dqn,2021-11-19,-0.050000000000000044,,0,2,,,fall,rise
dqn,2021-11-22,0.08999999999999986,,2,0,,,rise,fall
dqn,2021-11-23,0.040000000000000036,,2,2,,,rise,rise
dqn,2021-11-24,-0.030000000000000027,,0,2,,,fall,rise
dqn,2021-11-26,-0.15999999999999992,,0,0,,,fall,fall
dqn,2021-11-29,0.040000000000000036,,2,0,,,rise,fall
dqn,2021-11-30,-0.09000000000000008,,0,2,,,fall,rise
dqn,2021-12-01,0.0,,1,2,,,flat,rise
dqn,2021-12-02,0.010000000000000009,,2,2,,,rise,rise
dqn,2021-12-03,-0.08999999999999986,,0,2,,,fall,rise
dqn,2021-12-06,0.07999999999999985,,2,2,,,rise,rise
dqn,2021-12-07,0.050000000000000044,,2,2,,,rise,rise
dqn,2021-12-08,0.040000000000000036,,2,2,,,rise,rise
dqn,2021-12-09,-0.030000000000000027,,0,2,,,fall,rise
dqn,2021-12-10,-0.010000000000000009,,0,0,,,fall,fall
dqn,2021-12-13,-0.06000000000000005,,0,0,,,fall,fall
dqn,2021-12-14,0.020000000000000018,,2,0,,,rise,fall
dqn,2021-12-15,0.030000000000000027,,2,2,,,rise,rise
dqn,2021-12-16,-0.030000000000000027,,0,2,,,fall,rise
dqn,2021-12-17,-0.030000000000000027,,0,2,,,fall,rise
dqn,2021-12-20,0.020000000000000018,,2,2,,,rise,rise
dqn,2021-12-21,0.050000000000000044,,2,2,,,rise,rise
dqn,2021-12-22,-0.020000000000000018,,0,2,,,fall,rise
dqn,2021-12-23,0.040000000000000036,,2,2,,,rise,rise
dqn,2021-12-27,-0.020000000000000018,,0,2,,,fall,rise
dqn,2021-12-28,0.010000000000000009,,2,0,,,rise,fall
dqn,2021-12-29,0.06000000000000005,,2,2,,,rise,rise
dqn,2021-12-30,-0.030000000000000027,,0,2,,,fall,rise
dqn,2021-12-31,0.0,,1,0,,,flat,fall
dqn,2022-01-03,0.10999999999999988,,2,2,,,rise,rise
dqn,2022-01-04,0.030000000000000027,,2,2,,,rise,rise
dqn,2022-01-05,0.050000000000000044,,2,0,,,rise,fall
dqn,2022-01-06,0.020000000000000018,,2,2,,,rise,rise
dqn,2022-01-07,0.030000000000000027,,2,0,,,rise,fall
dqn,2022-01-10,0.020000000000000018,,2,0,,,rise,fall
dqn,2022-01-11,-0.030000000000000027,,0,0,,,fall,fall
dqn,2022-01-12,-0.010000000000000009,,0,0,,,fall,fall
dqn,2022-01-13,-0.040000000000000036,,0,0,,,fall,fall
dqn,2022-01-14,0.08000000000000007,,2,0,,,rise,fall
dqn,2022-01-18,0.09000000000000008,,2,2,,,rise,rise
dqn,2022-01-19,-0.040000000000000036,,0,2,,,fall,rise
dqn,2022-01-20,0.0,,1,0,,,flat,fall
dqn,2022-01-21,-0.08000000000000007,,0,0,,,fall,fall
dqn,2022-01-24,0.0,,1,0,,,flat,fall
dqn,2022-01-25,0.030000000000000027,,2,2,,,rise,rise
dqn,2022-01-26,0.07000000000000006,,2,2,,,rise,rise
dqn,2022-01-27,-0.040000000000000036,,0,2,,,fall,rise
dqn,2022-01-28,-0.030000000000000027,,0,0,,,fall,fall
dqn,2022-01-31,0.010000000000000009,,2,0,,,rise,fall
dqn,2022-02-01,0.020000000000000018,,2,2,,,rise,rise
dqn,2022-02-02,-0.030000000000000027,,0,2,,,fall,rise
dqn,2022-02-03,0.040000000000000036,,2,2,,,rise,rise
dqn,2022-02-04,0.10999999999999988,,2,2,,,rise,rise
dqn,2022-02-07,-0.010000000000000009,,0,2,,,fall,rise
dqn,2022-02-08,0.040000000000000036,,2,0,,,rise,fall
dqn,2022-02-09,-0.020000000000000018,,0,2,,,fall,rise
dqn,2022-02-10,0.08999999999999986,,2,0,,,rise,fall
dqn,2022-02-11,-0.10999999999999988,,0,2,,,fall,rise
dqn,2022-02-14,0.06000000000000005,,2,0,,,rise,fall
dqn,2022-02-15,0.06999999999999984,,2,2,,,rise,rise
dqn,2022-02-16,-0.020000000000000018,,0,2,,,fall,rise
dqn,2022-02-17,-0.05999999999999983,,0,0,,,fall,fall
dqn,2022-02-18,-0.050000000000000044,,0,0,,,fall,fall
dqn,2022-02-22,0.020000000000000018,,2,0,,,rise,fall
dqn,2022-02-23,0.050000000000000044,,2,2,,,rise,rise
dqn,2022-02-24,-0.030000000000000027,,0,2,,,fall,rise
dqn,2022-02-25,0.010000000000000009,,2,2,,,rise,rise
dqn,2022-02-28,-0.1399999999999999,,0,2,,,fall,rise
dqn,2022-03-01,-0.1100000000000001,,0,0,,,fall,fall
dqn,2022-03-02,0.14000000000000012,,2,2,,,rise,rise
dqn,2022-03-03,0.0,,1,2,,,flat,rise
dqn,2022-03-04,-0.1200000000000001,,0,2,,,fall,rise
dqn,2022-03-07,0.040000000000000036,,2,2,,,rise,rise
dqn,2022-03-08,0.08000000000000007,,2,2,,,rise,rise
dqn,2022-03-09,0.07999999999999985,,2,2,,,rise,rise
dqn,2022-03-10,0.040000000000000036,,2,2,,,rise,rise
dqn,2022-03-11,0.020000000000000018,,2,2,,,rise,rise
dqn,2022-03-14,0.14000000000000012,,2,0,,,rise,fall
dqn,2022-03-15,0.009999999999999787,,1,2,,,flat,rise
dqn,2022-03-16,0.040000000000000036,,2,0,,,rise,fall
dqn,2022-03-17,0.010000000000000231,,2,0,,,rise,fall
dqn,2022-03-18,-0.06000000000000005,,0,0,,,fall,fall
dqn,2022-03-21,0.17999999999999972,,2,0,,,rise,fall
dqn,2022-03-22,0.06000000000000005,,2,2,,,rise,rise
dqn,2022-03-23,-0.06000000000000005,,0,0,,,fall,fall
dqn,2022-03-24,0.020000000000000018,,2,0,,,rise,fall
dqn,2022-03-25,0.14000000000000012,,2,0,,,rise,fall
dqn,2022-03-28,-0.020000000000000018,,0,0,,,fall,fall
dqn,2022-03-29,-0.04999999999999982,,0,0,,,fall,fall
dqn,2022-03-30,-0.06000000000000005,,0,0,,,fall,fall
dqn,2022-03-31,-0.03000000000000025,,0,0,,,fall,fall
dqn,2022-04-01,0.07000000000000028,,2,0,,,rise,fall
dqn,2022-04-04,0.029999999999999805,,2,2,,,rise,rise
dqn,2022-04-05,0.1200000000000001,,2,0,,,rise,fall
dqn,2022-04-06,0.06999999999999984,,2,0,,,rise,fall
dqn,2022-04-07,0.050000000000000266,,2,0,,,rise,fall
dqn,2022-04-08,0.06000000000000005,,2,0,,,rise,fall
dqn,2022-04-11,0.06999999999999984,,2,0,,,rise,fall
dqn,2022-04-12,-0.06999999999999984,,0,0,,,fall,fall
dqn,2022-04-13,-0.020000000000000018,,0,0,,,fall,fall
dqn,2022-04-14,0.1299999999999999,,2,0,,,rise,fall
dqn,2022-04-18,0.020000000000000018,,2,0,,,rise,fall
dqn,2022-04-19,0.08000000000000007,,2,0,,,rise,fall
dqn,2022-04-20,-0.08000000000000007,,0,0,,,fall,fall
dqn,2022-04-21,0.04999999999999982,,2,0,,,rise,fall
dqn,2022-04-22,0.0,,1,0,,,flat,fall
dqn,2022-04-25,-0.08999999999999986,,0,0,,,fall,fall
dqn,2022-04-26,-0.040000000000000036,,0,0,,,fall,fall
dqn,2022-04-27,0.04999999999999982,,2,2,,,rise,rise
dqn,2022-04-28,0.03000000000000025,,2,2,,,rise,rise
dqn,2022-04-29,0.040000000000000036,,2,2,,,rise,rise
dqn,2022-05-02,0.10000000000000009,,2,2,,,rise,rise
dqn,2022-05-03,-0.020000000000000018,,0,0,,,fall,fall
dqn,2022-05-04,-0.040000000000000036,,0,0,,,fall,fall
dqn,2022-05-05,0.11999999999999966,,2,0,,,rise,fall
dqn,2022-05-06,0.07000000000000028,,2,0,,,rise,fall
dqn,2022-05-09,-0.07000000000000028,,0,0,,,fall,fall
dqn,2022-05-10,-0.05999999999999961,,0,0,,,fall,fall
dqn,2022-05-11,-0.08000000000000007,,0,0,,,fall,fall
dqn,2022-05-12,-0.07000000000000028,,0,0,,,fall,fall
dqn,2022-05-13,0.0900000000000003,,2,2,,,rise,rise
dqn,2022-05-16,-0.050000000000000266,,0,2,,,fall,rise
dqn,2022-05-17,0.10000000000000009,,2,2,,,rise,rise
dqn,2022-05-18,-0.08999999999999986,,0,2,,,fall,rise
dqn,2022-05-19,-0.050000000000000266,,0,0,,,fall,fall
dqn,2022-05-20,-0.06000000000000005,,0,0,,,fall,fall
dqn,2022-05-23,0.08000000000000007,,2,2,,,rise,rise
dqn,2022-05-24,-0.10000000000000009,,0,2,,,fall,rise
dqn,2022-05-25,-0.009999999999999787,,1,2,,,flat,rise
dqn,2022-05-26,0.0,,1,2,,,flat,rise
dqn,2022-05-27,-0.009999999999999787,,1,2,,,flat,rise
dqn,2022-05-31,0.10999999999999988,,2,2,,,rise,rise
dqn,2022-06-01,0.08999999999999986,,2,2,,,rise,rise
dqn,2022-06-02,-0.020000000000000018,,0,2,,,fall,rise
dqn,2022-06-03,0.040000000000000036,,2,0,,,rise,fall
dqn,2022-06-06,0.08000000000000007,,2,0,,,rise,fall
dqn,2022-06-07,-0.06000000000000005,,0,0,,,fall,fall
dqn,2022-06-08,0.04999999999999982,,2,0,,,rise,fall
dqn,2022-06-09,0.010000000000000231,,2,2,,,rise,rise
dqn,2022-06-10,0.10999999999999988,,2,0,,,rise,fall
dqn,2022-06-13,0.28000000000000025,,2,2,,,rise,rise
dqn,2022-06-14,0.06000000000000005,,2,0,,,rise,fall
dqn,2022-06-15,-0.16000000000000014,,0,0,,,fall,fall
dqn,2022-06-16,-0.050000000000000266,,0,0,,,fall,fall
dqn,2022-06-17,-0.029999999999999805,,0,0,,,fall,fall
dqn,2022-06-21,0.06000000000000005,,2,0,,,rise,fall
dqn,2022-06-22,-0.1499999999999999,,0,2,,,fall,rise
dqn,2022-06-23,-0.07000000000000028,,0,0,,,fall,fall
dqn,2022-06-24,0.040000000000000036,,2,2,,,rise,rise
dqn,2022-06-27,0.07000000000000028,,2,2,,,rise,rise
dqn,2022-06-28,0.0,,1,2,,,flat,rise
dqn,2022-06-29,-0.10000000000000009,,0,2,,,fall,rise
dqn,2022-06-30,-0.1200000000000001,,0,0,,,fall,fall
dqn,2022-07-01,-0.10000000000000009,,0,0,,,fall,fall
dqn,2022-07-05,-0.06000000000000005,,0,2,,,fall,rise
dqn,2022-07-06,0.11000000000000032,,2,2,,,rise,rise
dqn,2022-07-07,0.07999999999999963,,2,2,,,rise,rise
dqn,2022-07-08,0.08000000000000007,,2,2,,,rise,rise
dqn,2022-07-11,-0.09999999999999964,,0,2,,,fall,rise
dqn,2022-07-12,-0.03000000000000025,,0,0,,,fall,fall
dqn,2022-07-13,-0.04999999999999982,,0,0,,,fall,fall
dqn,2022-07-14,0.04999999999999982,,2,0,,,rise,fall
dqn,2022-07-15,-0.029999999999999805,,0,2,,,fall,rise
dqn,2022-07-18,0.029999999999999805,,2,2,,,rise,rise
dqn,2022-07-19,0.04999999999999982,,2,2,,,rise,rise
dqn,2022-07-20,0.03000000000000025,,2,2,,,rise,rise
dqn,2022-07-21,-0.1299999999999999,,0,0,,,fall,fall
dqn,2022-07-22,-0.14000000000000012,,0,0,,,fall,fall
dqn,2022-07-25,0.040000000000000036,,2,0,,,rise,fall
dqn,2022-07-26,0.0,,1,2,,,flat,rise
dqn,2022-07-27,-0.03000000000000025,,0,2,,,fall,rise
dqn,2022-07-28,-0.09999999999999964,,0,2,,,fall,rise
dqn,2022-07-29,-0.010000000000000231,,0,2,,,fall,rise
dqn,2022-08-01,-0.06999999999999984,,0,2,,,fall,rise
dqn,2022-08-02,0.1499999999999999,,2,2,,,rise,rise
dqn,2022-08-03,-0.020000000000000018,,0,2,,,fall,rise
dqn,2022-08-04,-0.04999999999999982,,0,2,,,fall,rise
dqn,2022-08-05,0.1499999999999999,,2,0,,,rise,fall
dqn,2022-08-08,-0.06000000000000005,,0,2,,,fall,rise
dqn,2022-08-09,0.029999999999999805,,2,0,,,rise,fall
dqn,2022-08-10,-0.020000000000000018,,0,2,,,fall,rise
dqn,2022-08-11,0.0900000000000003,,2,0,,,rise,fall
dqn,2022-08-12,-0.03000000000000025,,0,2,,,fall,rise
dqn,2022-08-15,-0.04999999999999982,,0,0,,,fall,fall
dqn,2022-08-16,0.029999999999999805,,2,0,,,rise,fall
dqn,2022-08-17,0.07000000000000028,,2,2,,,rise,rise
dqn,2022-08-18,-0.010000000000000231,,0,2,,,fall,rise
dqn,2022-08-19,0.10000000000000009,,2,0,,,rise,fall
dqn,2022-08-22,0.04999999999999982,,2,2,,,rise,rise
dqn,2022-08-23,0.020000000000000018,,2,0,,,rise,fall
dqn,2022-08-24,0.06000000000000005,,2,0,,,rise,fall
dqn,2022-08-25,-0.08000000000000007,,0,0,,,fall,fall
dqn,2022-08-26,0.010000000000000231,,2,0,,,rise,fall
dqn,2022-08-29,0.08000000000000007,,2,0,,,rise,fall
dqn,2022-08-30,-0.010000000000000231,,0,0,,,fall,fall
dqn,2022-08-31,0.040000000000000036,,2,0,,,rise,fall
dqn,2022-09-01,0.10999999999999988,,2,0,,,rise,fall
dqn,2022-09-02,-0.05999999999999961,,0,0,,,fall,fall
dqn,2022-09-06,0.1299999999999999,,2,0,,,rise,fall
dqn,2022-09-07,-0.06000000000000005,,0,0,,,fall,fall
dqn,2022-09-08,0.020000000000000018,,2,0,,,rise,fall
dqn,2022-09-09,0.040000000000000036,,2,0,,,rise,fall
dqn,2022-09-12,0.040000000000000036,,2,0,,,rise,fall
dqn,2022-09-13,0.04999999999999982,,2,0,,,rise,fall
dqn,2022-09-14,-0.009999999999999787,,1,0,,,flat,fall
dqn,2022-09-15,0.040000000000000036,,2,0,,,rise,fall
dqn,2022-09-16,0.0,,1,0,,,flat,fall
dqn,2022-09-19,0.040000000000000036,,2,0,,,rise,fall
dqn,2022-09-20,0.07999999999999963,,2,0,,,rise,fall
dqn,2022-09-21,-0.06000000000000005,,0,0,,,fall,fall
dqn,2022-09-22,0.1900000000000004,,2,0,,,rise,fall
dqn,2022-09-23,-0.010000000000000231,,0,0,,,fall,fall
dqn,2022-09-26,0.18999999999999995,,2,0,,,rise,fall
dqn,2022-09-27,0.0900000000000003,,2,0,,,rise,fall
dqn,2022-09-28,-0.25,,0,0,,,fall,fall
dqn,2022-09-29,0.03999999999999959,,2,0,,,rise,fall
dqn,2022-09-30,0.07000000000000028,,2,0,,,rise,fall
dqn,2022-10-03,-0.16000000000000014,,0,0,,,fall,fall
dqn,2022-10-04,-0.04999999999999982,,0,0,,,fall,fall
dqn,2022-10-05,0.13999999999999968,,2,2,,,rise,rise
dqn,2022-10-06,0.07000000000000028,,2,2,,,rise,rise
dqn,2022-10-07,0.06000000000000005,,2,0,,,rise,fall
dqn,2022-10-11,0.040000000000000036,,2,0,,,rise,fall
dqn,2022-10-12,-0.020000000000000018,,0,0,,,fall,fall
dqn,2022-10-13,0.06000000000000005,,2,0,,,rise,fall
dqn,2022-10-14,0.029999999999999805,,2,0,,,rise,fall
dqn,2022-10-17,0.019999999999999574,,2,0,,,rise,fall
dqn,2022-10-18,-0.009999999999999787,,1,0,,,flat,fall
dqn,2022-10-19,0.1299999999999999,,2,0,,,rise,fall
dqn,2022-10-20,0.10000000000000053,,2,0,,,rise,fall
dqn,2022-10-21,-0.03000000000000025,,0,0,,,fall,fall
dqn,2022-10-24,0.040000000000000036,,2,0,,,rise,fall
dqn,2022-10-25,-0.15000000000000036,,0,0,,,fall,fall
dqn,2022-10-26,-0.05999999999999961,,0,0,,,fall,fall
dqn,2022-10-27,-0.08000000000000007,,0,0,,,fall,fall
dqn,2022-10-28,0.05999999999999961,,2,2,,,rise,rise
dqn,2022-10-31,0.08000000000000007,,2,2,,,rise,rise
dqn,2022-11-01,-0.02999999999999936,,0,2,,,fall,rise
dqn,2022-11-02,0.02999999999999936,,2,0,,,rise,fall
dqn,2022-11-03,0.040000000000000036,,2,0,,,rise,fall
dqn,2022-11-04,0.03000000000000025,,2,0,,,rise,fall
dqn,2022-11-07,0.04999999999999982,,2,0,,,rise,fall
dqn,2022-11-08,-0.08000000000000007,,0,0,,,fall,fall
dqn,2022-11-09,-0.019999999999999574,,0,0,,,fall,fall
dqn,2022-11-10,-0.30000000000000027,,0,0,,,fall,fall
dqn,2022-11-14,0.06000000000000005,,2,0,,,rise,fall
dqn,2022-11-15,-0.08000000000000007,,0,2,,,fall,rise
dqn,2022-11-16,-0.1299999999999999,,0,2,,,fall,rise
dqn,2022-11-17,0.10000000000000009,,2,2,,,rise,rise
dqn,2022-11-18,0.04999999999999982,,2,2,,,rise,rise
dqn,2022-11-21,0.010000000000000231,,2,2,,,rise,rise
dqn,2022-11-22,-0.07000000000000028,,0,2,,,fall,rise
dqn,2022-11-23,-0.04999999999999982,,0,0,,,fall,fall
dqn,2022-11-25,-0.029999999999999805,,0,0,,,fall,fall
dqn,2022-11-28,0.009999999999999787,,1,0,,,flat,fall
dqn,2022-11-29,0.06000000000000005,,2,2,,,rise,rise
dqn,2022-11-30,-0.06999999999999984,,0,2,,,fall,rise
dqn,2022-12-01,-0.15000000000000036,,0,0,,,fall,fall
dqn,2022-12-02,-0.020000000000000018,,0,0,,,fall,fall
dqn,2022-12-05,0.0900000000000003,,2,2,,,rise,rise
dqn,2022-12-06,-0.0900000000000003,,0,2,,,fall,rise
dqn,2022-12-07,-0.08999999999999986,,0,2,,,fall,rise
dqn,2022-12-08,0.06000000000000005,,2,2,,,rise,rise
dqn,2022-12-09,0.08999999999999986,,2,2,,,rise,rise
dqn,2022-12-12,0.040000000000000036,,2,2,,,rise,rise
dqn,2022-12-13,-0.10000000000000009,,0,2,,,fall,rise
dqn,2022-12-14,-0.019999999999999574,,0,0,,,fall,fall
dqn,2022-12-15,-0.050000000000000266,,0,0,,,fall,fall
dqn,2022-12-16,0.040000000000000036,,2,0,,,rise,fall
dqn,2022-12-19,0.08999999999999986,,2,2,,,rise,rise
dqn,2022-12-20,0.1200000000000001,,2,2,,,rise,rise
dqn,2022-12-21,-0.009999999999999787,,1,2,,,flat,rise
dqn,2022-12-22,-0.010000000000000231,,0,0,,,fall,fall
dqn,2022-12-23,0.08000000000000007,,2,0,,,rise,fall
dqn,2022-12-27,0.08999999999999986,,2,0,,,rise,fall
dqn,2022-12-28,0.040000000000000036,,2,0,,,rise,fall
dqn,2022-12-29,-0.04999999999999982,,0,0,,,fall,fall
dqn,2022-12-30,0.04999999999999982,,2,0,,,rise,fall
dqn,2023-01-03,-0.08999999999999986,,0,0,,,fall,fall
dqn,2023-01-04,-0.10000000000000009,,0,0,,,fall,fall
dqn,2023-01-05,0.020000000000000018,,2,0,,,rise,fall
dqn,2023-01-06,-0.16000000000000014,,0,2,,,fall,rise
dqn,2023-01-09,-0.020000000000000018,,0,0,,,fall,fall
dqn,2023-01-10,0.08000000000000007,,2,2,,,rise,rise
dqn,2023-01-11,-0.06999999999999984,,0,2,,,fall,rise
dqn,2023-01-12,-0.10999999999999988,,0,0,,,fall,fall
dqn,2023-01-13,0.06000000000000005,,2,2,,,rise,rise
dqn,2023-01-17,0.03999999999999959,,2,2,,,rise,rise
dqn,2023-01-18,-0.1599999999999997,,0,2,,,fall,rise
dqn,2023-01-19,0.020000000000000018,,2,0,,,rise,fall
dqn,2023-01-20,0.08999999999999986,,2,2,,,rise,rise
dqn,2023-01-23,0.040000000000000036,,2,2,,,rise,rise
dqn,2023-01-24,-0.06000000000000005,,0,2,,,fall,rise
dqn,2023-01-25,0.0,,1,0,,,flat,fall
dqn,2023-01-26,0.03000000000000025,,2,0,,,rise,fall
dqn,2023-01-27,0.029999999999999805,,2,0,,,rise,fall
dqn,2023-01-30,0.029999999999999805,,2,0,,,rise,fall
dqn,2023-01-31,-0.029999999999999805,,0,0,,,fall,fall
dqn,2023-02-01,-0.1299999999999999,,0,0,,,fall,fall
dqn,2023-02-02,0.009999999999999787,,1,0,,,flat,fall
dqn,2023-02-03,0.1299999999999999,,2,2,,,rise,rise
dqn,2023-02-06,0.10000000000000009,,2,2,,,rise,rise
dqn,2023-02-07,0.040000000000000036,,2,2,,,rise,rise
dqn,2023-02-08,-0.040000000000000036,,0,0,,,fall,fall
dqn,2023-02-09,0.040000000000000036,,2,0,,,rise,fall
dqn,2023-02-10,0.07000000000000028,,2,0,,,rise,fall
dqn,2023-02-13,-0.020000000000000018,,0,0,,,fall,fall
dqn,2023-02-14,0.04999999999999982,,2,0,,,rise,fall
dqn,2023-02-15,0.040000000000000036,,2,0,,,rise,fall
dqn,2023-02-16,0.04999999999999982,,2,0,,,rise,fall
dqn,2023-02-17,-0.040000000000000036,,0,0,,,fall,fall
dqn,2023-02-21,0.13000000000000034,,2,0,,,rise,fall
dqn,2023-02-22,-0.020000000000000018,,0,0,,,fall,fall
dqn,2023-02-23,-0.050000000000000266,,0,0,,,fall,fall
dqn,2023-02-24,0.07000000000000028,,2,0,,,rise,fall
dqn,2023-02-27,-0.03000000000000025,,0,0,,,fall,fall
dqn,2023-02-28,0.0,,1,0,,,flat,fall
dqn,2023-03-01,0.08999999999999986,,2,0,,,rise,fall
dqn,2023-03-02,0.07000000000000028,,2,0,,,rise,fall
dqn,2023-03-03,-0.10999999999999988,,0,0,,,fall,fall
dqn,2023-03-06,0.009999999999999787,,1,0,,,flat,fall
dqn,2023-03-07,-0.009999999999999787,,1,0,,,flat,fall
dqn,2023-03-08,0.009999999999999787,,1,0,,,flat,fall
dqn,2023-03-09,-0.04999999999999982,,0,0,,,fall,fall
dqn,2023-03-10,-0.22999999999999998,,0,0,,,fall,fall
dqn,2023-03-13,-0.15000000000000036,,0,0,,,fall,fall
dqn,2023-03-14,0.0900000000000003,,2,2,,,rise,rise
dqn,2023-03-15,-0.13000000000000034,,0,2,,,fall,rise
dqn,2023-03-16,0.050000000000000266,,2,2,,,rise,rise
dqn,2023-03-17,-0.16999999999999993,,0,2,,,fall,rise
dqn,2023-03-20,0.08000000000000007,,2,0,,,rise,fall
dqn,2023-03-21,0.11999999999999966,,2,2,,,rise,rise
dqn,2023-03-22,-0.10999999999999988,,0,2,,,fall,rise
dqn,2023-03-23,-0.10000000000000009,,0,0,,,fall,fall
dqn,2023-03-24,0.0,,1,0,,,flat,fall
dqn,2023-03-27,0.1499999999999999,,2,0,,,rise,fall
dqn,2023-03-28,0.020000000000000018,,2,2,,,rise,rise
dqn,2023-03-29,0.020000000000000018,,2,2,,,rise,rise
dqn,2023-03-30,-0.020000000000000018,,0,0,,,fall,fall
dqn,2023-03-31,-0.06999999999999984,,0,0,,,fall,fall
dqn,2023-04-03,-0.04999999999999982,,0,0,,,fall,fall
dqn,2023-04-04,-0.08000000000000007,,0,0,,,fall,fall
dqn,2023-04-05,-0.050000000000000266,,0,2,,,fall,rise
dqn,2023-04-06,0.0,,1,2,,,flat,rise
dqn,2023-04-07,0.0900000000000003,,2,2,,,rise,rise
dqn,2023-04-10,0.020000000000000018,,2,2,,,rise,rise
dqn,2023-04-11,0.020000000000000018,,2,2,,,rise,rise
dqn,2023-04-12,-0.020000000000000018,,0,0,,,fall,fall
dqn,2023-04-13,0.040000000000000036,,2,0,,,rise,fall
dqn,2023-04-14,0.06999999999999984,,2,0,,,rise,fall
dqn,2023-04-17,0.08000000000000007,,2,0,,,rise,fall
dqn,2023-04-18,-0.020000000000000018,,0,0,,,fall,fall
dqn,2023-04-19,0.020000000000000018,,2,0,,,rise,fall
dqn,2023-04-20,-0.06000000000000005,,0,0,,,fall,fall
dqn,2023-04-21,0.029999999999999805,,2,0,,,rise,fall
dqn,2023-04-24,-0.04999999999999982,,0,0,,,fall,fall
dqn,2023-04-25,-0.1200000000000001,,0,0,,,fall,fall
dqn,2023-04-26,0.03000000000000025,,2,0,,,rise,fall
dqn,2023-04-27,0.09999999999999964,,2,2,,,rise,rise
dqn,2023-04-28,-0.08999999999999986,,0,2,,,fall,rise
dqn,2023-05-01,0.1499999999999999,,2,0,,,rise,fall
dqn,2023-05-02,-0.1499999999999999,,0,2,,,fall,rise
dqn,2023-05-03,-0.06000000000000005,,0,0,,,fall,fall
dqn,2023-05-04,-0.009999999999999787,,1,0,,,flat,fall
dqn,2023-05-05,0.06999999999999984,,2,2,,,rise,rise
dqn,2023-05-08,0.08000000000000007,,2,2,,,rise,rise
dqn,2023-05-09,0.009999999999999787,,1,2,,,flat,rise
dqn,2023-05-10,-0.09999999999999964,,0,0,,,fall,fall
dqn,2023-05-11,-0.040000000000000036,,0,0,,,fall,fall
dqn,2023-05-12,0.06999999999999984,,2,0,,,rise,fall
dqn,2023-05-15,0.040000000000000036,,2,2,,,rise,rise
dqn,2023-05-16,0.040000000000000036,,2,2,,,rise,rise
dqn,2023-05-17,0.029999999999999805,,2,2,,,rise,rise
dqn,2023-05-18,0.08000000000000007,,2,0,,,rise,fall
dqn,2023-05-19,0.050000000000000266,,2,0,,,rise,fall
dqn,2023-05-22,0.020000000000000018,,2,0,,,rise,fall
dqn,2023-05-23,-0.020000000000000018,,0,0,,,fall,fall
dqn,2023-05-24,0.029999999999999805,,2,0,,,rise,fall
dqn,2023-05-25,0.10000000000000009,,2,0,,,rise,fall
dqn,2023-05-26,-0.03000000000000025,,0,0,,,fall,fall
dqn,2023-05-30,-0.10999999999999988,,0,0,,,fall,fall
dqn,2023-05-31,-0.04999999999999982,,0,0,,,fall,fall
dqn,2023-06-01,-0.03000000000000025,,0,0,,,fall,fall
dqn,2023-06-02,0.08000000000000007,,2,2,,,rise,rise
dqn,2023-06-05,0.0,,1,2,,,flat,rise
dqn,2023-06-06,0.010000000000000231,,2,0,,,rise,fall
dqn,2023-06-07,0.08999999999999986,,2,0,,,rise,fall
dqn,2023-06-08,-0.06000000000000005,,0,0,,,fall,fall
dqn,2023-06-09,0.020000000000000018,,2,0,,,rise,fall
dqn,2023-06-12,-0.020000000000000018,,0,0,,,fall,fall
dqn,2023-06-13,0.10999999999999988,,2,0,,,rise,fall
dqn,2023-06-14,-0.009999999999999787,,1,0,,,flat,fall
dqn,2023-06-15,-0.10999999999999988,,0,0,,,fall,fall
dqn,2023-06-16,0.04999999999999982,,2,0,,,rise,fall
dqn,2023-06-20,-0.029999999999999805,,0,0,,,fall,fall
dqn,2023-06-21,-0.020000000000000018,,0,0,,,fall,fall
dqn,2023-06-22,0.07999999999999963,,2,2,,,rise,rise
dqn,2023-06-23,-0.05999999999999961,,0,2,,,fall,rise
dqn,2023-06-26,-0.020000000000000018,,0,0,,,fall,fall
dqn,2023-06-27,0.04999999999999982,,2,0,,,rise,fall
dqn,2023-06-28,-0.06000000000000005,,0,0,,,fall,fall
dqn,2023-06-29,0.14000000000000012,,2,0,,,rise,fall
dqn,2023-06-30,-0.040000000000000036,,0,2,,,fall,rise
dqn,2023-07-03,0.04999999999999982,,2,0,,,rise,fall
dqn,2023-07-05,0.0900000000000003,,2,0,,,rise,fall
dqn,2023-07-06,0.09999999999999964,,2,0,,,rise,fall
dqn,2023-07-07,0.009999999999999787,,1,0,,,flat,fall
dqn,2023-07-10,-0.04999999999999982,,0,0,,,fall,fall
dqn,2023-07-11,-0.019999999999999574,,0,0,,,fall,fall
dqn,2023-07-12,-0.13000000000000034,,0,0,,,fall,fall
dqn,2023-07-13,-0.10000000000000009,,0,0,,,fall,fall
dqn,2023-07-14,0.07000000000000028,,2,2,,,rise,rise
dqn,2023-07-17,-0.020000000000000018,,0,2,,,fall,rise
dqn,2023-07-18,-0.010000000000000231,,0,2,,,fall,rise
dqn,2023-07-19,-0.04999999999999982,,0,2,,,fall,rise
dqn,2023-07-20,0.10000000000000009,,2,0,,,rise,fall
dqn,2023-07-21,-0.010000000000000231,,0,2,,,fall,rise
dqn,2023-07-24,0.020000000000000018,,2,0,,,rise,fall
dqn,2023-07-25,0.050000000000000266,,2,0,,,rise,fall
dqn,2023-07-26,-0.050000000000000266,,0,0,,,fall,fall
dqn,2023-07-27,0.1499999999999999,,2,0,,,rise,fall
dqn,2023-07-28,-0.04999999999999982,,0,0,,,fall,fall
dqn,2023-07-31,0.010000000000000231,,2,0,,,rise,fall
dqn,2023-08-01,0.07999999999999963,,2,0,,,rise,fall
dqn,2023-08-02,0.03000000000000025,,2,0,,,rise,fall
dqn,2023-08-03,0.1200000000000001,,2,0,,,rise,fall
dqn,2023-08-04,-0.15000000000000036,,0,0,,,fall,fall
dqn,2023-08-07,0.040000000000000036,,2,0,,,rise,fall
dqn,2023-08-08,-0.07000000000000028,,0,0,,,fall,fall
dqn,2023-08-09,-0.019999999999999574,,0,0,,,fall,fall
dqn,2023-08-10,0.08999999999999986,,2,0,,,rise,fall
dqn,2023-08-11,0.07000000000000028,,2,2,,,rise,rise
dqn,2023-08-14,0.03000000000000025,,2,0,,,rise,fall
dqn,2023-08-15,0.019999999999999574,,2,0,,,rise,fall
dqn,2023-08-16,0.07000000000000028,,2,0,,,rise,fall
dqn,2023-08-17,0.019999999999999574,,2,0,,,rise,fall
dqn,2023-08-18,-0.040000000000000036,,0,0,,,fall,fall
dqn,2023-08-21,0.08000000000000007,,2,0,,,rise,fall
dqn,2023-08-22,0.0,,1,0,,,flat,fall
dqn,2023-08-23,-0.14999999999999947,,0,0,,,fall,fall
dqn,2023-08-24,0.040000000000000036,,2,0,,,rise,fall
dqn,2023-08-25,0.019999999999999574,,2,0,,,rise,fall
dqn,2023-08-28,-0.04999999999999982,,0,0,,,fall,fall
dqn,2023-08-29,-0.08000000000000007,,0,0,,,fall,fall
dqn,2023-08-30,0.0,,1,0,,,flat,fall
dqn,2023-08-31,-0.03000000000000025,,0,0,,,fall,fall
dqn,2023-09-01,0.08999999999999986,,2,0,,,rise,fall
dqn,2023-09-05,0.08999999999999986,,2,2,,,rise,rise
dqn,2023-09-06,0.03000000000000025,,2,0,,,rise,fall
dqn,2023-09-07,-0.03000000000000025,,0,0,,,fall,fall
dqn,2023-09-08,-0.009999999999999787,,1,0,,,flat,fall
dqn,2023-09-11,0.03000000000000025,,2,0,,,rise,fall
dqn,2023-09-12,-0.020000000000000462,,0,0,,,fall,fall
dqn,2023-09-13,-0.019999999999999574,,0,0,,,fall,fall
dqn,2023-09-14,0.040000000000000036,,2,0,,,rise,fall
dqn,2023-09-15,0.040000000000000036,,2,0,,,rise,fall
dqn,2023-09-18,-0.009999999999999787,,1,0,,,flat,fall
dqn,2023-09-19,0.04999999999999982,,2,0,,,rise,fall
dqn,2023-09-20,-0.020000000000000462,,0,0,,,fall,fall
dqn,2023-09-21,0.14000000000000057,,2,0,,,rise,fall
dqn,2023-09-22,-0.04999999999999982,,0,0,,,fall,fall
dqn,2023-09-25,0.10999999999999943,,2,0,,,rise,fall
dqn,2023-09-26,0.009999999999999787,,1,0,,,flat,fall
dqn,2023-09-27,0.05000000000000071,,2,0,,,rise,fall
dqn,2023-09-28,-0.020000000000000462,,0,0,,,fall,fall
dqn,2023-09-29,0.0,,1,0,,,flat,fall
dqn,2023-10-02,0.10000000000000053,,2,0,,,rise,fall
dqn,2023-10-03,0.11999999999999922,,2,0,,,rise,fall
dqn,2023-10-04,-0.07999999999999918,,0,0,,,fall,fall
dqn,2023-10-05,-0.010000000000000675,,0,0,,,fall,fall
dqn,2023-10-06,0.0600000000000005,,2,0,,,rise,fall
dqn,2023-10-10,-0.1200000000000001,,0,0,,,fall,fall
dqn,2023-10-11,-0.08000000000000007,,0,0,,,fall,fall
dqn,2023-10-12,0.1200000000000001,,2,0,,,rise,fall
dqn,2023-10-13,-0.07000000000000028,,0,2,,,fall,rise
dqn,2023-10-16,0.08000000000000007,,2,0,,,rise,fall
dqn,2023-10-17,0.1200000000000001,,2,0,,,rise,fall
dqn,2023-10-18,0.08000000000000007,,2,0,,,rise,fall
dqn,2023-10-19,0.07000000000000028,,2,0,,,rise,fall
dqn,2023-10-20,-0.05000000000000071,,0,0,,,fall,fall
dqn,2023-10-23,-0.0699999999999994,,0,0,,,fall,fall
dqn,2023-10-24,-0.03000000000000025,,0,0,,,fall,fall
dqn,2023-10-25,0.1200000000000001,,2,0,,,rise,fall
dqn,2023-10-26,-0.08999999999999986,,0,2,,,fall,rise
dqn,2023-10-27,-0.020000000000000462,,0,0,,,fall,fall
dqn,2023-10-30,0.040000000000000036,,2,0,,,rise,fall
dqn,2023-10-31,0.0,,1,0,,,flat,fall
dqn,2023-11-01,-0.11000000000000032,,0,0,,,fall,fall
dqn,2023-11-02,-0.09999999999999964,,0,0,,,fall,fall
dqn,2023-11-03,-0.09999999999999964,,0,0,,,fall,fall
dqn,2023-11-06,0.09999999999999964,,2,0,,,rise,fall
dqn,2023-11-07,-0.08999999999999986,,0,2,,,fall,rise
dqn,2023-11-08,-0.08999999999999986,,0,2,,,fall,rise
dqn,2023-11-09,0.1299999999999999,,2,2,,,rise,rise
dqn,2023-11-10,-0.009999999999999787,,1,2,,,flat,rise
dqn,2023-11-13,0.019999999999999574,,2,0,,,rise,fall
dqn,2023-11-14,-0.1899999999999995,,0,0,,,fall,fall
dqn,2023-11-15,0.08999999999999986,,2,0,,,rise,fall
dqn,2023-11-16,-0.08000000000000007,,0,2,,,fall,rise
dqn,2023-11-17,-0.009999999999999787,,1,0,,,flat,fall
dqn,2023-11-20,-0.020000000000000462,,0,2,,,fall,rise
dqn,2023-11-21,-0.009999999999999787,,1,2,,,flat,rise
dqn,2023-11-22,0.009999999999999787,,1,0,,,flat,fall
dqn,2023-11-24,0.04999999999999982,,2,2,,,rise,rise
dqn,2023-11-27,-0.08000000000000007,,0,0,,,fall,fall
dqn,2023-11-28,-0.04999999999999982,,0,0,,,fall,fall
dqn,2023-11-29,-0.07000000000000028,,0,0,,,fall,fall
dqn,2023-11-30,0.10000000000000053,,2,0,,,rise,fall
dqn,2023-12-01,-0.15000000000000036,,0,2,,,fall,rise
dqn,2023-12-04,0.0600000000000005,,2,0,,,rise,fall
dqn,2023-12-05,-0.10000000000000053,,0,2,,,fall,rise
dqn,2023-12-06,-0.05999999999999961,,0,0,,,fall,fall
dqn,2023-12-07,0.019999999999999574,,2,0,,,rise,fall
dqn,2023-12-08,0.09000000000000075,,2,2,,,rise,rise
dqn,2023-12-11,0.0,,1,2,,,flat,rise
dqn,2023-12-12,-0.03000000000000025,,0,0,,,fall,fall
dqn,2023-12-13,-0.16000000000000014,,0,0,,,fall,fall
dqn,2023-12-14,-0.1200000000000001,,0,0,,,fall,fall
dqn,2023-12-15,-0.009999999999999787,,1,0,,,flat,fall
dqn,2023-12-18,0.040000000000000036,,2,2,,,rise,rise
dqn,2023-12-19,-0.020000000000000018,,0,2,,,fall,rise
dqn,2023-12-20,-0.07000000000000028,,0,2,,,fall,rise
dqn,2023-12-21,0.03000000000000025,,2,0,,,rise,fall
dqn,2023-12-22,0.009999999999999787,,1,2,,,flat,rise
dqn,2023-12-26,-0.009999999999999787,,1,0,,,flat,fall
dqn,2023-12-27,-0.10000000000000009,,0,0,,,fall,fall
dqn,2023-12-28,0.04999999999999982,,2,0,,,rise,fall
dqn,2023-12-29,0.040000000000000036,,2,2,,,rise,rise
dqn,2024-01-02,0.07000000000000028,,2,2,,,rise,rise
dqn,2024-01-03,-0.040000000000000036,,0,2,,,fall,rise
dqn,2024-01-04,0.08000000000000007,,2,0,,,rise,fall
dqn,2024-01-05,0.05999999999999961,,2,0,,,rise,fall
dqn,2024-01-08,-0.040000000000000036,,0,0,,,fall,fall
dqn,2024-01-09,0.009999999999999787,,1,0,,,flat,fall
dqn,2024-01-10,0.020000000000000462,,2,0,,,rise,fall
dqn,2024-01-11,-0.06000000000000005,,0,0,,,fall,fall
dqn,2024-01-12,-0.020000000000000018,,0,0,,,fall,fall
dqn,2024-01-16,0.11000000000000032,,2,2,,,rise,rise
dqn,2024-01-17,0.02999999999999936,,2,2,,,rise,rise
dqn,2024-01-18,0.040000000000000036,,2,0,,,rise,fall
dqn,2024-01-19,0.010000000000000675,,2,0,,,rise,fall
dqn,2024-01-22,-0.040000000000000036,,0,0,,,fall,fall
dqn,2024-01-23,0.02999999999999936,,2,0,,,rise,fall
dqn,2024-01-24,0.040000000000000036,,2,0,,,rise,fall
dqn,2024-01-25,-0.040000000000000036,,0,0,,,fall,fall
dqn,2024-01-26,0.010000000000000675,,2,0,,,rise,fall
dqn,2024-01-29,-0.07000000000000028,,0,0,,,fall,fall
dqn,2024-01-30,-0.020000000000000462,,0,0,,,fall,fall
dqn,2024-01-31,-0.0699999999999994,,0,0,,,fall,fall
dqn,2024-02-01,-0.1200000000000001,,0,0,,,fall,fall
dqn,2024-02-02,0.16000000000000014,,2,0,,,rise,fall
dqn,2024-02-05,0.13999999999999968,,2,2,,,rise,rise
dqn,2024-02-06,-0.08000000000000007,,0,2,,,fall,rise
dqn,2024-02-07,0.0,,1,0,,,flat,fall
dqn,2024-02-08,0.0600000000000005,,2,0,,,rise,fall
dqn,2024-02-09,0.019999999999999574,,2,0,,,rise,fall
dqn,2024-02-12,0.0,,1,0,,,flat,fall
dqn,2024-02-13,0.13999999999999968,,2,0,,,rise,fall
dqn,2024-02-14,-0.040000000000000036,,0,0,,,fall,fall
dqn,2024-02-15,-0.02999999999999936,,0,0,,,fall,fall
dqn,2024-02-16,0.05999999999999961,,2,0,,,rise,fall
dqn,2024-02-20,-0.03000000000000025,,0,0,,,fall,fall
dqn,2024-02-21,0.05000000000000071,,2,0,,,rise,fall
dqn,2024-02-22,0.009999999999999787,,1,2,,,flat,rise
dqn,2024-02-23,-0.07000000000000028,,0,0,,,fall,fall
dqn,2024-02-26,0.020000000000000462,,2,0,,,rise,fall
dqn,2024-02-27,0.02999999999999936,,2,0,,,rise,fall
dqn,2024-02-28,-0.040000000000000036,,0,0,,,fall,fall
dqn,2024-02-29,-0.019999999999999574,,0,0,,,fall,fall
dqn,2024-03-01,-0.05999999999999961,,0,0,,,fall,fall
dqn,2024-03-04,0.02999999999999936,,2,0,,,rise,fall
dqn,2024-03-05,-0.08999999999999986,,0,0,,,fall,fall
dqn,2024-03-06,-0.019999999999999574,,0,0,,,fall,fall
dqn,2024-03-07,-0.020000000000000462,,0,2,,,fall,rise
dqn,2024-03-08,0.0,,1,2,,,flat,rise
dqn,2024-03-11,0.009999999999999787,,1,2,,,flat,rise
dqn,2024-03-12,0.0600000000000005,,2,2,,,rise,rise
dqn,2024-03-13,0.03000000000000025,,2,2,,,rise,rise
dqn,2024-03-14,0.09999999999999964,,2,0,,,rise,fall
dqn,2024-03-15,0.019999999999999574,,2,0,,,rise,fall
dqn,2024-03-18,0.03000000000000025,,2,0,,,rise,fall
dqn,2024-03-19,-0.040000000000000036,,0,0,,,fall,fall
dqn,2024-03-20,-0.03000000000000025,,0,0,,,fall,fall
dqn,2024-03-21,0.0,,1,0,,,flat,fall
dqn,2024-03-22,-0.04999999999999982,,0,0,,,fall,fall
dqn,2024-03-25,0.03000000000000025,,2,0,,,rise,fall
dqn,2024-03-26,-0.009999999999999787,,1,2,,,flat,rise
dqn,2024-03-27,-0.040000000000000036,,0,0,,,fall,fall
dqn,2024-03-28,0.0,,1,0,,,flat,fall
dqn,2024-04-01,0.1299999999999999,,2,0,,,rise,fall
dqn,2024-04-02,0.03000000000000025,,2,2,,,rise,rise
dqn,2024-04-03,0.0,,1,0,,,flat,fall
dqn,2024-04-04,-0.05000000000000071,,0,0,,,fall,fall
dqn,2024-04-05,0.08000000000000007,,2,0,,,rise,fall
dqn,2024-04-08,0.03000000000000025,,2,0,,,rise,fall
dqn,2024-04-09,-0.05999999999999961,,0,0,,,fall,fall
dqn,2024-04-10,0.1899999999999995,,2,0,,,rise,fall
dqn,2024-04-11,0.009999999999999787,,1,0,,,flat,fall
dqn,2024-04-12,-0.05999999999999961,,0,0,,,fall,fall
dqn,2024-04-15,0.1299999999999999,,2,0,,,rise,fall
dqn,2024-04-16,0.040000000000000036,,2,0,,,rise,fall
dqn,2024-04-17,-0.08000000000000007,,0,0,,,fall,fall
dqn,2024-04-18,0.04999999999999982,,2,0,,,rise,fall
dqn,2024-04-19,-0.019999999999999574,,0,0,,,fall,fall
dqn,2024-04-22,0.0,,1,0,,,flat,fall
dqn,2024-04-23,-0.009999999999999787,,1,0,,,flat,fall
dqn,2024-04-24,0.040000000000000036,,2,0,,,rise,fall
dqn,2024-04-25,0.04999999999999982,,2,0,,,rise,fall
dqn,2024-04-26,-0.03000000000000025,,0,0,,,fall,fall
dqn,2024-04-29,-0.040000000000000036,,0,0,,,fall,fall
dqn,2024-04-30,0.0600000000000005,,2,0,,,rise,fall
dqn,2024-05-01,-0.0600000000000005,,0,0,,,fall,fall
dqn,2024-05-02,-0.04999999999999982,,0,0,,,fall,fall
dqn,2024-05-03,-0.08000000000000007,,0,0,,,fall,fall
dqn,2024-05-06,-0.009999999999999787,,1,0,,,flat,fall
dqn,2024-05-07,-0.020000000000000462,,0,2,,,fall,rise
dqn,2024-05-08,0.010000000000000675,,2,2,,,rise,rise
dqn,2024-05-09,-0.03000000000000025,,0,2,,,fall,rise
dqn,2024-05-10,0.04999999999999982,,2,0,,,rise,fall
dqn,2024-05-13,-0.019999999999999574,,0,2,,,fall,rise
dqn,2024-05-14,-0.03000000000000025,,0,0,,,fall,fall
dqn,2024-05-15,-0.08999999999999986,,0,0,,,fall,fall
dqn,2024-05-16,0.019999999999999574,,2,0,,,rise,fall
dqn,2024-05-17,0.040000000000000036,,2,2,,,rise,rise
dqn,2024-05-20,0.020000000000000462,,2,2,,,rise,rise
dqn,2024-05-21,-0.03000000000000025,,0,0,,,fall,fall
dqn,2024-05-22,0.019999999999999574,,2,0,,,rise,fall
dqn,2024-05-23,0.040000000000000036,,2,0,,,rise,fall
dqn,2024-05-24,-0.009999999999999787,,1,0,,,flat,fall
dqn,2024-05-28,0.08000000000000007,,2,0,,,rise,fall
dqn,2024-05-29,0.07000000000000028,,2,0,,,rise,fall
dqn,2024-05-30,-0.0600000000000005,,0,0,,,fall,fall
dqn,2024-05-31,-0.040000000000000036,,0,0,,,fall,fall
dqn,2024-06-03,-0.09999999999999964,,0,0,,,fall,fall
dqn,2024-06-04,-0.08000000000000007,,0,0,,,fall,fall
dqn,2024-06-05,-0.040000000000000036,,0,0,,,fall,fall
dqn,2024-06-06,-0.009999999999999787,,1,2,,,flat,rise
dqn,2024-06-07,0.14999999999999947,,2,2,,,rise,rise
dqn,2024-06-10,0.040000000000000036,,2,2,,,rise,rise
dqn,2024-06-11,-0.08000000000000007,,0,0,,,fall,fall
dqn,2024-06-12,-0.08000000000000007,,0,0,,,fall,fall
dqn,2024-06-13,-0.0699999999999994,,0,0,,,fall,fall
dqn,2024-06-14,-0.040000000000000036,,0,0,,,fall,fall
dqn,2024-06-17,0.08000000000000007,,2,2,,,rise,rise
dqn,2024-06-18,-0.0600000000000005,,0,2,,,fall,rise
dqn,2024-06-20,0.03000000000000025,,2,0,,,rise,fall
dqn,2024-06-21,0.0,,1,2,,,flat,rise
dqn,2024-06-24,0.0,,1,0,,,flat,fall
dqn,2024-06-25,-0.019999999999999574,,0,0,,,fall,fall
dqn,2024-06-26,0.08999999999999986,,2,0,,,rise,fall
dqn,2024-06-27,-0.03000000000000025,,0,2,,,fall,rise
dqn,2024-06-28,0.07000000000000028,,2,0,,,rise,fall
dqn,2024-07-01,0.1200000000000001,,2,0,,,rise,fall
dqn,2024-07-02,-0.05000000000000071,,0,0,,,fall,fall
dqn,2024-07-03,-0.0699999999999994,,0,0,,,fall,fall
dqn,2024-07-05,-0.08000000000000007,,0,0,,,fall,fall
dqn,2024-07-08,0.0,,1,0,,,flat,fall
dqn,2024-07-09,0.019999999999999574,,2,2,,,rise,rise
dqn,2024-07-10,-0.019999999999999574,,0,2,,,fall,rise
dqn,2024-07-11,-0.08000000000000007,,0,2,,,fall,rise
dqn,2024-07-12,-0.020000000000000462,,0,0,,,fall,fall
dqn,2024-07-15,0.05000000000000071,,2,0,,,rise,fall
dqn,2024-07-16,-0.0600000000000005,,0,2,,,fall,rise
dqn,2024-07-17,-0.009999999999999787,,1,0,,,flat,fall
dqn,2024-07-18,0.040000000000000036,,2,2,,,rise,rise
dqn,2024-07-19,0.04999999999999982,,2,2,,,rise,rise
dqn,2024-07-22,0.009999999999999787,,1,2,,,flat,rise
dqn,2024-07-23,-0.009999999999999787,,1,0,,,flat,fall
dqn,2024-07-24,0.03000000000000025,,2,0,,,rise,fall
dqn,2024-07-25,-0.010000000000000675,,0,0,,,fall,fall
dqn,2024-07-26,-0.0699999999999994,,0,0,,,fall,fall
dqn,2024-07-29,-0.03000000000000025,,0,0,,,fall,fall
dqn,2024-07-30,-0.019999999999999574,,0,0,,,fall,fall
dqn,2024-07-31,-0.0600000000000005,,0,2,,,fall,rise
dqn,2024-08-01,-0.09999999999999964,,0,2,,,fall,rise
dqn,2024-08-02,-0.1900000000000004,,0,2,,,fall,rise
dqn,2024-08-05,-0.020000000000000018,,0,0,,,fall,fall
dqn,2024-08-06,0.1200000000000001,,2,2,,,rise,rise
dqn,2024-08-07,0.06000000000000005,,2,2,,,rise,rise
dqn,2024-08-08,0.03000000000000025,,2,2,,,rise,rise
dqn,2024-08-09,-0.050000000000000266,,0,2,,,fall,rise
dqn,2024-08-12,-0.040000000000000036,,0,0,,,fall,fall
dqn,2024-08-13,-0.04999999999999982,,0,0,,,fall,fall
dqn,2024-08-14,-0.020000000000000018,,0,0,,,fall,fall
dqn,2024-08-15,0.08999999999999986,,2,2,,,rise,rise
dqn,2024-08-16,-0.029999999999999805,,0,2,,,fall,rise
dqn,2024-08-19,-0.03000000000000025,,0,0,,,fall,fall
dqn,2024-08-20,-0.040000000000000036,,0,0,,,fall,fall
dqn,2024-08-21,-0.029999999999999805,,0,0,,,fall,fall
dqn,2024-08-22,0.06999999999999984,,2,0,,,rise,fall
dqn,2024-08-23,-0.04999999999999982,,0,2,,,fall,rise
dqn,2024-08-26,0.009999999999999787,,1,0,,,flat,fall
dqn,2024-08-27,0.010000000000000231,,2,2,,,rise,rise
dqn,2024-08-28,0.009999999999999787,,1,0,,,flat,fall
dqn,2024-08-29,0.03000000000000025,,2,0,,,rise,fall
dqn,2024-08-30,0.040000000000000036,,2,2,,,rise,rise
dqn,2024-09-03,-0.07000000000000028,,0,0,,,fall,fall
dqn,2024-09-04,-0.06999999999999984,,0,0,,,fall,fall
dqn,2024-09-05,-0.040000000000000036,,0,0,,,fall,fall
dqn,2024-09-06,-0.009999999999999787,,1,2,,,flat,rise
dqn,2024-09-09,-0.020000000000000018,,0,2,,,fall,rise
dqn,2024-09-10,-0.050000000000000266,,0,2,,,fall,rise
dqn,2024-09-11,0.0,,1,2,,,flat,rise
dqn,2024-09-12,0.03000000000000025,,2,2,,,rise,rise
dqn,2024-09-13,-0.020000000000000018,,0,2,,,fall,rise
dqn,2024-09-16,-0.03000000000000025,,0,2,,,fall,rise
dqn,2024-09-17,0.020000000000000018,,2,2,,,rise,rise
dqn,2024-09-18,0.050000000000000266,,2,2,,,rise,rise
dqn,2024-09-19,0.029999999999999805,,2,2,,,rise,rise
dqn,2024-09-20,0.0,,1,2,,,flat,rise
dqn,2024-09-23,0.020000000000000018,,2,0,,,rise,fall
dqn,2024-09-24,-0.009999999999999787,,1,0,,,flat,fall
dqn,2024-09-25,0.04999999999999982,,2,0,,,rise,fall
dqn,2024-09-26,0.0,,1,2,,,flat,rise
dqn,2024-09-27,-0.040000000000000036,,0,0,,,fall,fall
dqn,2024-09-30,0.06000000000000005,,2,0,,,rise,fall
dqn,2024-10-01,-0.06999999999999984,,0,2,,,fall,rise
dqn,2024-10-02,0.04999999999999982,,2,0,,,rise,fall
dqn,2024-10-03,0.06000000000000005,,2,2,,,rise,rise
dqn,2024-10-04,0.1299999999999999,,2,2,,,rise,rise
dqn,2024-10-07,0.050000000000000266,,2,2,,,rise,rise
dqn,2024-10-08,0.009999999999999787,,1,0,,,flat,fall
dqn,2024-10-09,0.019999999999999574,,2,0,,,rise,fall
dqn,2024-10-10,0.03000000000000025,,2,0,,,rise,fall
dqn,2024-10-11,-0.009999999999999787,,1,0,,,flat,fall
dqn,2024-10-15,-0.04999999999999982,,0,0,,,fall,fall
dqn,2024-10-16,-0.010000000000000675,,0,0,,,fall,fall
dqn,2024-10-17,0.07000000000000028,,2,0,,,rise,fall
dqn,2024-10-18,-0.009999999999999787,,1,2,,,flat,rise
dqn,2024-10-21,0.11000000000000032,,2,0,,,rise,fall
dqn,2024-10-22,0.009999999999999787,,1,2,,,flat,rise
dqn,2024-10-23,0.040000000000000036,,2,0,,,rise,fall
dqn,2024-10-24,-0.03000000000000025,,0,0,,,fall,fall
dqn,2024-10-25,0.040000000000000036,,2,0,,,rise,fall
dqn,2024-10-28,0.03000000000000025,,2,0,,,rise,fall
dqn,2024-10-29,0.0,,1,0,,,flat,fall
dqn,2024-10-30,0.009999999999999787,,1,0,,,flat,fall
dqn,2024-10-31,-0.009999999999999787,,1,0,,,flat,fall
dqn,2024-11-01,0.08999999999999986,,2,0,,,rise,fall
dqn,2024-11-04,-0.0600000000000005,,0,0,,,fall,fall
dqn,2024-11-05,-0.04999999999999982,,0,0,,,fall,fall
dqn,2024-11-06,0.16000000000000014,,2,0,,,rise,fall
dqn,2024-11-07,-0.11000000000000032,,0,2,,,fall,rise
dqn,2024-11-08,-0.009999999999999787,,1,0,,,flat,fall
dqn,2024-11-12,0.1299999999999999,,2,2,,,rise,rise
dqn,2024-11-13,0.010000000000000675,,2,2,,,rise,rise
dqn,2024-11-14,-0.010000000000000675,,0,0,,,fall,fall
dqn,2024-11-15,0.0,,1,0,,,flat,fall
dqn,2024-11-18,-0.009999999999999787,,1,0,,,flat,fall
dqn,2024-11-19,-0.03000000000000025,,0,0,,,fall,fall
dqn,2024-11-20,0.020000000000000462,,2,0,,,rise,fall
dqn,2024-11-21,0.019999999999999574,,2,2,,,rise,rise
dqn,2024-11-22,-0.019999999999999574,,0,2,,,fall,rise
dqn,2024-11-25,-0.14000000000000057,,0,0,,,fall,fall
dqn,2024-11-26,0.03000000000000025,,2,0,,,rise,fall
dqn,2024-11-27,-0.04999999999999982,,0,2,,,fall,rise
dqn,2024-11-29,-0.07000000000000028,,0,2,,,fall,rise
dqn,2024-12-02,0.010000000000000675,,2,2,,,rise,rise
dqn,2024-12-03,0.040000000000000036,,2,2,,,rise,rise
dqn,2024-12-04,-0.040000000000000036,,0,2,,,fall,rise
dqn,2024-12-05,-0.020000000000000462,,0,0,,,fall,fall
dqn,2024-12-06,-0.019999999999999574,,0,0,,,fall,fall
dqn,2024-12-09,0.04999999999999982,,2,0,,,rise,fall
dqn,2024-12-10,0.019999999999999574,,2,2,,,rise,rise
dqn,2024-12-11,0.040000000000000036,,2,2,,,rise,rise
dqn,2024-12-12,0.0600000000000005,,2,2,,,rise,rise
dqn,2024-12-13,0.08000000000000007,,2,0,,,rise,fall
dqn,2024-12-16,-0.010000000000000675,,0,0,,,fall,fall
dqn,2024-12-17,0.010000000000000675,,2,0,,,rise,fall
dqn,2024-12-18,0.09999999999999964,,2,0,,,rise,fall
dqn,2024-12-19,0.07000000000000028,,2,0,,,rise,fall
dqn,2024-12-20,-0.05000000000000071,,0,0,,,fall,fall
dqn,2024-12-23,0.07000000000000028,,2,0,,,rise,fall
dqn,2024-12-24,0.0,,1,0,,,flat,fall
dqn,2024-12-26,-0.009999999999999787,,1,0,,,flat,fall
dqn,2024-12-27,0.040000000000000036,,2,0,,,rise,fall
dqn,2024-12-30,-0.07000000000000028,,0,2,,,fall,rise
dqn,2024-12-31,0.03000000000000025,,2,0,,,rise,fall
dqn,2025-01-02,-0.009999999999999787,,1,2,,,flat,rise
dqn,2025-01-03,0.02999999999999936,,2,0,,,rise,fall
dqn,2025-01-06,0.020000000000000462,,2,0,,,rise,fall
dqn,2025-01-07,0.04999999999999982,,2,0,,,rise,fall
dqn,2025-01-08,0.0,,1,0,,,flat,fall
dqn,2025-01-09,0.009999999999999787,,1,0,,,flat,fall
dqn,2025-01-10,0.08999999999999986,,2,0,,,rise,fall
dqn,2025-01-13,0.020000000000000462,,2,0,,,rise,fall
dqn,2025-01-14,-0.009999999999999787,,1,0,,,flat,fall
dqn,2025-01-15,-0.1200000000000001,,0,0,,,fall,fall
dqn,2025-01-16,-0.04999999999999982,,0,0,,,fall,fall
dqn,2025-01-17,0.0,,1,0,,,flat,fall
dqn,2025-01-21,-0.040000000000000036,,0,2,,,fall,rise
dqn,2025-01-22,0.02999999999999936,,2,2,,,rise,rise
dqn,2025-01-23,0.05000000000000071,,2,2,,,rise,rise
dqn,2025-01-24,-0.020000000000000462,,0,2,,,fall,rise
dqn,2025-01-27,-0.09999999999999964,,0,0,,,fall,fall
dqn,2025-01-28,0.019999999999999574,,2,0,,,rise,fall
dqn,2025-01-29,0.0,,1,2,,,flat,rise
dqn,2025-01-30,-0.03000000000000025,,0,2,,,fall,rise
dqn,2025-01-31,0.0600000000000005,,2,2,,,rise,rise
dqn,2025-02-03,-0.040000000000000036,,0,2,,,fall,rise
dqn,2025-02-04,-0.020000000000000462,,0,0,,,fall,fall
dqn,2025-02-05,-0.08999999999999986,,0,0,,,fall,fall
dqn,2025-02-06,0.020000000000000462,,2,0,,,rise,fall
dqn,2025-02-07,0.040000000000000036,,2,2,,,rise,rise
dqn,2025-02-10,0.019999999999999574,,2,2,,,rise,rise
dqn,2025-02-11,0.03000000000000025,,2,2,,,rise,rise
dqn,2025-02-12,0.08000000000000007,,2,2,,,rise,rise
dqn,2025-02-13,-0.10000000000000053,,0,0,,,fall,fall
dqn,2025-02-14,-0.04999999999999982,,0,0,,,fall,fall
dqn,2025-02-18,0.08000000000000007,,2,0,,,rise,fall
dqn,2025-02-19,-0.019999999999999574,,0,2,,,fall,rise
dqn,2025-02-20,-0.03000000000000025,,0,0,,,fall,fall
dqn,2025-02-21,-0.08000000000000007,,0,2,,,fall,rise
dqn,2025-02-24,-0.019999999999999574,,0,0,,,fall,fall
dqn,2025-02-25,-0.10000000000000053,,0,0,,,fall,fall
dqn,2025-02-26,-0.04999999999999982,,0,2,,,fall,rise
dqn,2025-02-27,0.040000000000000036,,2,2,,,rise,rise
dqn,2025-02-28,-0.04999999999999982,,0,2,,,fall,rise
dqn,2025-03-03,-0.08000000000000007,,0,2,,,fall,rise
dqn,2025-03-04,0.05999999999999961,,2,2,,,rise,rise
dqn,2025-03-05,0.0600000000000005,,2,2,,,rise,rise
dqn,2025-03-06,0.009999999999999787,,1,2,,,flat,rise
dqn,2025-03-07,0.03000000000000025,,2,0,,,rise,fall
dqn,2025-03-10,-0.10000000000000053,,0,0,,,fall,fall
dqn,2025-03-11,0.0600000000000005,,2,0,,,rise,fall
dqn,2025-03-12,0.040000000000000036,,2,2,,,rise,rise
dqn,2025-03-13,-0.05000000000000071,,0,2,,,fall,rise
dqn,2025-03-14,0.040000000000000036,,2,0,,,rise,fall
dqn,2025-03-17,0.0,,1,2,,,flat,rise
dqn,2025-03-18,-0.019999999999999574,,0,0,,,fall,fall
dqn,2025-03-19,-0.040000000000000036,,0,0,,,fall,fall
dqn,2025-03-20,-0.009999999999999787,,1,0,,,flat,fall
dqn,2025-03-21,0.009999999999999787,,1,0,,,flat,fall
dqn,2025-03-24,0.08999999999999986,,2,2,,,rise,rise
dqn,2025-03-25,-0.03000000000000025,,0,2,,,fall,rise
dqn,2025-03-26,0.040000000000000036,,2,0,,,rise,fall
dqn,2025-03-27,0.03000000000000025,,2,2,,,rise,rise
dqn,2025-03-28,-0.11000000000000032,,0,0,,,fall,fall
dqn,2025-03-31,-0.03999999999999915,,0,0,,,fall,fall
dqn,2025-04-01,-0.0600000000000005,,0,2,,,fall,rise
dqn,2025-04-02,0.03000000000000025,,2,0,,,rise,fall
dqn,2025-04-03,-0.14000000000000057,,0,2,,,fall,rise
dqn,2025-04-04,-0.04999999999999982,,0,0,,,fall,fall
dqn,2025-04-07,0.14000000000000057,,2,2,,,rise,rise
dqn,2025-04-08,0.10999999999999943,,2,2,,,rise,rise
dqn,2025-04-09,0.08000000000000007,,2,2,,,rise,rise
dqn,2025-04-10,0.0600000000000005,,2,2,,,rise,rise
dqn,2025-04-11,0.08000000000000007,,2,0,,,rise,fall
dqn,2025-04-14,-0.10000000000000053,,0,0,,,fall,fall
dqn,2025-04-15,-0.03000000000000025,,0,0,,,fall,fall
dqn,2025-04-16,-0.05999999999999961,,0,0,,,fall,fall
dqn,2025-04-17,0.04999999999999982,,2,0,,,rise,fall
dqn,2025-04-21,0.08000000000000007,,2,2,,,rise,rise
dqn,2025-04-22,-0.009999999999999787,,1,2,,,flat,rise
dqn,2025-04-23,-0.009999999999999787,,1,0,,,flat,fall
dqn,2025-04-24,-0.08000000000000007,,0,0,,,fall,fall
dqn,2025-04-25,-0.03000000000000025,,0,0,,,fall,fall
dqn,2025-04-28,-0.05999999999999961,,0,0,,,fall,fall
dqn,2025-04-29,-0.040000000000000036,,0,0,,,fall,fall
dqn,2025-04-30,-0.020000000000000462,,0,2,,,fall,rise
dqn,2025-05-01,0.08000000000000007,,2,2,,,rise,rise
dqn,2025-05-02,0.08000000000000007,,2,2,,,rise,rise
dqn,2025-05-05,0.03000000000000025,,2,2,,,rise,rise
dqn,2025-05-06,-0.0600000000000005,,0,0,,,fall,fall
dqn,2025-05-07,-0.040000000000000036,,0,0,,,fall,fall
dqn,2025-05-08,0.11000000000000032,,2,0,,,rise,fall
dqn,2025-05-09,0.0,,1,2,,,flat,rise
dqn,2025-05-12,0.08000000000000007,,2,0,,,rise,fall
dqn,2025-05-13,0.040000000000000036,,2,2,,,rise,rise
dqn,2025-05-14,0.040000000000000036,,2,0,,,rise,fall
dqn,2025-05-15,-0.08000000000000007,,0,0,,,fall,fall
dqn,2025-05-16,-0.020000000000000462,,0,0,,,fall,fall
dqn,2025-05-19,0.03000000000000025,,2,0,,,rise,fall
dqn,2025-05-20,0.020000000000000462,,2,2,,,rise,rise
dqn,2025-05-21,0.09999999999999964,,2,2,,,rise,rise
dqn,2025-05-22,-0.040000000000000036,,0,2,,,fall,rise
dqn,2025-05-23,-0.03000000000000025,,0,0,,,fall,fall
dqn,2025-05-27,-0.08000000000000007,,0,0,,,fall,fall
dqn,2025-05-28,0.040000000000000036,,2,0,,,rise,fall
dqn,2025-05-29,-0.040000000000000036,,0,2,,,fall,rise
dqn,2025-05-30,-0.019999999999999574,,0,2,,,fall,rise
dqn,2025-06-02,0.04999999999999982,,2,2,,,rise,rise
dqn,2025-06-03,0.0,,1,2,,,flat,rise
dqn,2025-06-04,-0.08999999999999986,,0,2,,,fall,rise
dqn,2025-06-05,0.03000000000000025,,2,0,,,rise,fall
dqn,2025-06-06,0.10999999999999943,,2,2,,,rise,rise
dqn,2025-06-09,-0.019999999999999574,,0,2,,,fall,rise
dqn,2025-06-10,-0.020000000000000462,,0,0,,,fall,fall
dqn,2025-06-11,-0.05999999999999961,,0,0,,,fall,fall
dqn,2025-06-12,-0.04999999999999982,,0,0,,,fall,fall
dqn,2025-06-13,0.04999999999999982,,2,0,,,rise,fall
dqn,2025-06-16,0.04999999999999982,,2,2,,,rise,rise
dqn,2025-06-17,-0.07000000000000028,,0,2,,,fall,rise
dqn,2025-06-18,-0.009999999999999787,,1,0,,,flat,fall
dqn,2025-06-20,0.0,,1,0,,,flat,fall
dqn,2025-06-23,-0.040000000000000036,,0,0,,,fall,fall
dqn,2025-06-24,-0.040000000000000036,,0,0,,,fall,fall
dqn,2025-06-25,-0.009999999999999787,,1,0,,,flat,fall
dqn,2025-06-26,-0.03000000000000025,,0,2,,,fall,rise
dqn,2025-06-27,0.03000000000000025,,2,0,,,rise,fall
dqn,2025-06-30,-0.04999999999999982,,0,2,,,fall,rise
dqn,2025-07-01,0.019999999999999574,,2,0,,,rise,fall
dqn,2025-07-02,0.040000000000000036,,2,2,,,rise,rise
dqn,2025-07-03,0.04999999999999982,,2,2,,,rise,rise
dqn,2025-07-07,0.05000000000000071,,2,2,,,rise,rise
dqn,2025-07-08,0.019999999999999574,,2,2,,,rise,rise
dqn,2025-07-09,-0.08000000000000007,,0,0,,,fall,fall
dqn,2025-07-10,0.009999999999999787,,1,0,,,flat,fall
dqn,2025-07-11,0.08000000000000007,,2,0,,,rise,fall
dqn,2025-07-14,0.0,,1,2,,,flat,rise
dqn,2025-07-15,0.07000000000000028,,2,0,,,rise,fall
dqn,2025-07-16,-0.040000000000000036,,0,2,,,fall,rise
dqn,2025-07-17,0.009999999999999787,,1,0,,,flat,fall
dqn,2025-07-18,-0.02999999999999936,,0,0,,,fall,fall
dqn,2025-07-21,-0.0600000000000005,,0,0,,,fall,fall
dqn,2025-07-22,-0.03000000000000025,,0,0,,,fall,fall
dqn,2025-07-23,0.05000000000000071,,2,2,,,rise,rise
dqn,2025-07-24,0.02999999999999936,,2,2,,,rise,rise
dqn,2025-07-25,-0.02999999999999936,,0,2,,,fall,rise
dqn,2025-07-28,0.019999999999999574,,2,0,,,rise,fall
dqn,2025-07-29,-0.08000000000000007,,0,2,,,fall,rise
dqn,2025-07-30,0.040000000000000036,,2,0,,,rise,fall
dqn,2025-07-31,-0.009999999999999787,,1,2,,,flat,rise
dqn,2025-08-01,-0.13999999999999968,,0,2,,,fall,rise
dqn,2025-08-04,-0.010000000000000675,,0,0,,,fall,fall
dqn,2025-08-05,0.0,,1,2,,,flat,rise
dqn,2025-08-06,0.0,,1,2,,,flat,rise
dqn,2025-08-07,0.010000000000000675,,2,2,,,rise,rise
dqn,2025-08-08,0.03999999999999915,,2,2,,,rise,rise
dqn,2025-08-11,0.0,,1,2,,,flat,rise
dqn,2025-08-12,0.020000000000000462,,2,0,,,rise,fall
dqn,2025-08-13,-0.04999999999999982,,0,0,,,fall,fall
dqn,2025-08-14,0.04999999999999982,,2,0,,,rise,fall
dqn,2025-08-15,0.040000000000000036,,2,2,,,rise,rise
dqn,2025-08-18,0.009999999999999787,,1,2,,,flat,rise
dqn,2025-08-19,-0.040000000000000036,,0,0,,,fall,fall
dqn,2025-08-20,-0.009999999999999787,,1,0,,,flat,fall
dqn,2025-08-21,0.040000000000000036,,2,0,,,rise,fall
dqn,2025-08-22,-0.07000000000000028,,0,2,,,fall,rise
dqn,2025-08-25,0.020000000000000462,,2,0,,,rise,fall
dqn,2025-08-26,-0.020000000000000462,,0,2,,,fall,rise
dqn,2025-08-27,-0.019999999999999574,,0,0,,,fall,fall
dqn,2025-08-28,-0.020000000000000462,,0,0,,,fall,fall
dqn,2025-08-29,0.010000000000000675,,2,0,,,rise,fall
dqn,2025-09-02,0.04999999999999982,,2,2,,,rise,rise
dqn,2025-09-03,-0.0600000000000005,,0,2,,,fall,rise
dqn,2025-09-04,-0.04999999999999982,,0,0,,,fall,fall
dqn,2025-09-05,-0.07000000000000028,,0,0,,,fall,fall
dqn,2025-09-08,-0.04999999999999982,,0,0,,,fall,fall
dqn,2025-09-09,0.03000000000000025,,2,0,,,rise,fall
dqn,2025-09-10,-0.040000000000000036,,0,2,,,fall,rise
dqn,2025-09-11,-0.03000000000000025,,0,2,,,fall,rise
dqn,2025-09-12,0.04999999999999982,,2,2,,,rise,rise
dqn,2025-09-15,-0.009999999999999787,,1,2,,,flat,rise
dqn,2025-09-16,-0.009999999999999787,,1,0,,,flat,fall
dqn,2025-09-17,0.019999999999999574,,2,0,,,rise,fall
dqn,2025-09-18,0.05000000000000071,,2,0,,,rise,fall
dqn,2025-09-19,0.02999999999999936,,2,0,,,rise,fall
dqn,2025-09-22,0.010000000000000675,,2,0,,,rise,fall
dqn,2025-09-23,-0.03000000000000025,,0,0,,,fall,fall
dqn,2025-09-24,0.040000000000000036,,2,0,,,rise,fall
dqn,2025-09-25,0.019999999999999574,,2,0,,,rise,fall
dqn,2025-09-26,0.020000000000000462,,2,0,,,rise,fall
dqn,2025-09-29,-0.04999999999999982,,0,0,,,fall,fall
dqn,2025-09-30,0.009999999999999787,,1,0,,,flat,fall
dqn,2025-10-01,-0.040000000000000036,,0,0,,,fall,fall
dqn,2025-10-02,-0.020000000000000462,,0,0,,,fall,fall
dqn,2025-10-03,0.03000000000000025,,2,0,,,rise,fall
dqn,2025-10-06,0.04999999999999982,,2,2,,,rise,rise
dqn,2025-10-07,-0.040000000000000036,,0,2,,,fall,rise
dqn,2025-10-08,-0.009999999999999787,,1,0,,,flat,fall
dqn,2025-10-09,0.009999999999999787,,1,0,,,flat,fall
dqn,2025-10-10,-0.08999999999999986,,0,2,,,fall,rise
dqn,2025-10-14,-0.019999999999999574,,0,0,,,fall,fall
dqn,2025-10-15,0.019999999999999574,,2,2,,,rise,rise
dqn,2025-10-16,-0.05999999999999961,,0,2,,,fall,rise
dqn,2025-10-17,0.02999999999999936,,2,0,,,rise,fall
dqn,2025-10-20,-0.019999999999999574,,0,2,,,fall,rise
dqn,2025-10-21,-0.020000000000000018,,0,0,,,fall,fall
dqn,2025-10-22,-0.009999999999999787,,1,0,,,flat,fall
dqn,2025-10-23,0.03999999999999959,,2,2,,,rise,rise
dqn,2025-10-24,0.009999999999999787,,1,2,,,flat,rise
dqn,2025-10-27,-0.009999999999999787,,1,0,,,flat,fall
dqn,2025-10-28,-0.019999999999999574,,0,0,,,fall,fall
dqn,2025-10-29,0.08999999999999986,,2,0,,,rise,fall
dqn,2025-10-30,0.03000000000000025,,2,2,,,rise,rise
dqn,2025-10-31,0.0,,1,0,,,flat,fall
dqn,2025-11-03,0.019999999999999574,,2,0,,,rise,fall
dqn,2025-11-04,-0.03000000000000025,,0,0,,,fall,fall
dqn,2025-11-05,0.07000000000000028,,2,0,,,rise,fall
dqn,2025-11-06,-0.05999999999999961,,0,2,,,fall,rise
dqn,2025-11-07,0.0,,1,0,,,flat,fall
dqn,2025-11-10,0.019999999999999574,,2,0,,,rise,fall
dqn,2025-11-12,-0.04999999999999982,,0,2,,,fall,rise
dqn,2025-11-13,0.03000000000000025,,2,0,,,rise,fall
dqn,2025-11-14,0.02999999999999936,,2,2,,,rise,rise
dqn,2025-11-17,-0.009999999999999787,,1,2,,,flat,rise
dqn,2025-11-18,-0.009999999999999787,,1,0,,,flat,fall
dqn,2025-11-19,0.009999999999999787,,1,0,,,flat,fall
dqn,2025-11-20,-0.03000000000000025,,0,0,,,fall,fall
dqn,2025-11-21,-0.040000000000000036,,0,0,,,fall,fall
dqn,2025-11-24,-0.019999999999999574,,0,0,,,fall,fall
dqn,2025-11-25,-0.03000000000000025,,0,2,,,fall,rise
dqn,2025-11-26,-0.009999999999999787,,1,2,,,flat,rise
dqn,2025-11-28,0.019999999999999574,,2,2,,,rise,rise
dqn,2025-12-01,0.07000000000000028,,2,2,,,rise,rise
dqn,2025-12-02,0.0,,1,2,,,flat,rise
dqn,2025-12-03,-0.03000000000000025,,0,0,,,fall,fall
dqn,2025-12-04,0.05000000000000071,,2,0,,,rise,fall
dqn,2025-12-05,0.02999999999999936,,2,2,,,rise,rise
dqn,2025-12-08,0.03000000000000025,,2,0,,,rise,fall
dqn,2025-12-09,0.009999999999999787,,1,0,,,flat,fall
dqn,2025-12-10,-0.04999999999999982,,0,0,,,fall,fall
dqn,2025-12-11,0.009999999999999787,,1,0,,,flat,fall
dqn,2025-12-12,0.05000000000000071,,2,0,,,rise,fall
dqn,2025-12-15,-0.010000000000000675,,0,2,,,fall,rise
dqn,2025-12-16,-0.02999999999999936,,0,0,,,fall,fall
dqn,2025-12-17,0.009999999999999787,,1,0,,,flat,fall
dqn,2025-12-18,-0.040000000000000036,,0,0,,,fall,fall
dqn,2025-12-19,0.040000000000000036,,2,0,,,rise,fall
dqn,2025-12-22,0.009999999999999787,,1,2,,,flat,rise
dqn,2025-12-23,0.009999999999999787,,1,2,,,flat,rise
dqn,2025-12-24,-0.02999999999999936,,0,0,,,fall,fall
dqn,2025-12-26,-0.010000000000000675,,0,0,,,fall,fall
dqn,2025-12-29,-0.019999999999999574,,0,0,,,fall,fall
dqn,2025-12-30,0.019999999999999574,,2,0,,,rise,fall
dqn,2025-12-31,0.040000000000000036,,2,2,,,rise,rise
dqn,2026-01-02,0.010000000000000675,,2,2,,,rise,rise
dqn,2026-01-05,-0.020000000000000462,,0,0,,,fall,fall
dqn,2026-01-06,0.009999999999999787,,1,0,,,flat,fall
dqn,2026-01-07,-0.02999999999999936,,0,0,,,fall,fall
dqn,2026-01-08,0.040000000000000036,,2,0,,,rise,fall
dqn,2026-01-09,-0.010000000000000675,,0,2,,,fall,rise
dqn,2026-01-12,0.010000000000000675,,2,0,,,rise,fall
dqn,2026-01-13,-0.010000000000000675,,0,0,,,fall,fall
dqn,2026-01-14,-0.02999999999999936,,0,0,,,fall,fall
dqn,2026-01-15,0.019999999999999574,,2,0,,,rise,fall
dqn,2026-01-16,0.07000000000000028,,2,2,,,rise,rise
dqn,2026-01-20,0.05999999999999961,,2,2,,,rise,rise
dqn,2026-01-21,-0.040000000000000036,,0,2,,,fall,rise
dqn,2026-01-22,0.0,,1,0,,,flat,fall
dqn,2026-01-23,-0.019999999999999574,,0,0,,,fall,fall
dqn,2026-01-26,-0.020000000000000462,,0,0,,,fall,fall
dqn,2026-01-27,0.020000000000000462,,2,0,,,rise,fall
dqn,2026-01-28,0.019999999999999574,,2,2,,,rise,rise
dqn,2026-01-29,-0.019999999999999574,,0,2,,,fall,rise
dqn,2026-01-30,0.019999999999999574,,2,0,,,rise,fall
dqn,2026-02-02,0.03000000000000025,,2,2,,,rise,rise
dqn,2026-02-03,-0.009999999999999787,,1,0,,,flat,fall
dqn,2026-02-04,0.009999999999999787,,1,0,,,flat,fall
dqn,2026-02-05,-0.08000000000000007,,0,0,,,fall,fall
dqn,2026-02-06,0.009999999999999787,,1,0,,,flat,fall
dqn,2026-02-09,0.0,,1,2,,,flat,rise
dqn,2026-02-10,-0.05999999999999961,,0,2,,,fall,rise
dqn,2026-02-11,0.019999999999999574,,2,0,,,rise,fall
dqn,2026-02-12,-0.08999999999999986,,0,2,,,fall,rise
dqn,2026-02-13,-0.04999999999999982,,0,0,,,fall,fall
dqn,2026-02-17,0.009999999999999787,,1,0,,,flat,fall
dqn,2026-02-18,0.040000000000000036,,2,2,,,rise,rise
dqn,2026-02-19,-0.009999999999999787,,1,2,,,flat,rise
dqn,2026-02-20,0.0,,1,2,,,flat,rise
dqn,2026-02-23,-0.04999999999999982,,0,0,,,fall,fall
dqn,2026-02-24,0.009999999999999787,,1,0,,,flat,fall
dqn,2026-02-25,0.009999999999999787,,1,0,,,flat,fall
dqn,2026-02-26,-0.03000000000000025,,0,2,,,fall,rise
dqn,2026-02-27,-0.04999999999999938,,0,0,,,fall,fall
dqn,2026-03-02,0.07999999999999963,,2,0,,,rise,fall
dqn,2026-03-03,0.009999999999999787,,1,2,,,flat,rise
dqn,2026-03-04,0.03000000000000025,,2,0,,,rise,fall
dqn,2026-03-05,0.040000000000000036,,2,0,,,rise,fall
dqn,2026-03-06,0.020000000000000462,,2,0,,,rise,fall
dqn,2026-03-09,-0.03000000000000025,,0,0,,,fall,fall
dqn,2026-03-10,0.03000000000000025,,2,0,,,rise,fall
dqn,2026-03-11,0.05999999999999961,,2,0,,,rise,fall
dqn,2026-03-12,0.05999999999999961,,2,2,,,rise,rise
dqn,2026-03-13,0.010000000000000675,,2,2,,,rise,rise
dqn,2026-03-16,-0.04999999999999982,,0,0,,,fall,fall
dqn,2026-03-17,-0.03000000000000025,,0,0,,,fall,fall
dqn,2026-03-18,0.05999999999999961,,2,0,,,rise,fall
dqn,2026-03-19,-0.009999999999999787,,1,2,,,flat,rise
dqn,2026-03-20,0.13999999999999968,,2,2,,,rise,rise
dqn,2026-03-23,-0.04999999999999982,,0,2,,,fall,rise
dqn,2026-03-24,0.04999999999999982,,2,0,,,rise,fall
dqn,2026-03-25,-0.05999999999999961,,0,0,,,fall,fall
dqn,2026-03-26,0.08999999999999986,,2,0,,,rise,fall
dqn,2026-03-27,0.020000000000000462,,2,2,,,rise,rise
dqn,2026-03-30,-0.09000000000000075,,0,0,,,fall,fall
dqn,2026-03-31,-0.04999999999999982,,0,0,,,fall,fall
dqn,2026-04-01,0.03000000000000025,,2,0,,,rise,fall
dqn,2026-04-02,-0.020000000000000462,,0,2,,,fall,rise
dqn,2026-04-03,0.040000000000000036,,2,2,,,rise,rise
dqn,2026-04-06,-0.009999999999999787,,1,2,,,flat,rise
dqn,2026-04-07,-0.009999999999999787,,1,2,,,flat,rise
dqn,2026-04-08,-0.040000000000000036,,0,0,,,fall,fall
dqn,2026-04-09,0.0,,1,0,,,flat,fall
dqn,2026-04-10,0.019999999999999574,,2,2,,,rise,rise
dqn,2026-04-13,-0.009999999999999787,,1,2,,,flat,rise
dqn,2026-04-14,-0.040000000000000036,,0,2,,,fall,rise
dqn,2026-04-15,0.03000000000000025,,2,0,,,rise,fall
dqn,2026-04-16,0.03000000000000025,,2,2,,,rise,rise
dqn,2026-04-17,-0.0600000000000005,,0,2,,,fall,rise
dqn,2026-04-20,0.0,,1,0,,,flat,fall
dqn,2026-04-21,0.040000000000000036,,2,2,,,rise,rise
dqn,2026-04-22,0.0,,1,2,,,flat,rise
dqn,2026-04-23,0.040000000000000036,,2,0,,,rise,fall
dqn,2026-04-24,-0.03000000000000025,,0,2,,,fall,rise
dqn,2026-04-27,0.040000000000000036,,2,0,,,rise,fall
dqn,2026-04-28,0.010000000000000675,,2,0,,,rise,fall
dqn,2026-04-29,0.05999999999999961,,2,0,,,rise,fall
dqn,2026-04-30,-0.019999999999999574,,0,2,,,fall,rise
dqn,2026-05-01,-0.010000000000000675,,0,0,,,fall,fall
dqn,2026-05-04,0.0600000000000005,,2,0,,,rise,fall
dqn,2026-05-05,-0.020000000000000462,,0,2,,,fall,rise
dqn,2026-05-06,-0.0699999999999994,,0,0,,,fall,fall
dqn,2026-05-07,0.04999999999999982,,2,0,,,rise,fall
dqn,2026-05-08,-0.03000000000000025,,0,2,,,fall,rise
dqn,2026-05-11,0.040000000000000036,,2,0,,,rise,fall
dqn,2026-05-12,0.040000000000000036,,2,2,,,rise,rise
dqn,2026-05-13,0.0,,1,2,,,flat,rise
dqn,2026-05-14,0.009999999999999787,,1,0,,,flat,fall
dqn,2026-05-15,0.1200000000000001,,2,2,,,rise,rise
dqn,2026-05-18,0.020000000000000462,,2,2,,,rise,rise
dqn,2026-05-19,0.05999999999999961,,2,0,,,rise,fall
dqn,2026-05-20,-0.09999999999999964,,0,0,,,fall,fall
dqn,2026-05-21,0.0,,1,0,,,flat,fall
dqn,2026-05-22,-0.010000000000000675,,0,0,,,fall,fall
dqn,2026-05-26,-0.05999999999999961,,0,2,,,fall,rise
dqn,2026-05-27,-0.019999999999999574,,0,0,,,fall,fall
dqn,2026-05-28,-0.03000000000000025,,0,2,,,fall,rise
dqn,2026-05-29,0.0,,1,2,,,flat,rise
dqn,2026-06-01,0.019999999999999574,,2,2,,,rise,rise
dqn,2026-06-02,-0.009999999999999787,,1,2,,,flat,rise
dqn,2026-06-03,0.03000000000000025,,2,2,,,rise,rise
dqn,2026-06-04,-0.020000000000000462,,0,2,,,fall,rise
dqn,2026-06-05,0.08000000000000007,,2,0,,,rise,fall
dqn,2026-06-08,0.009999999999999787,,1,2,,,flat,rise
dqn,2026-06-09,-0.02999999999999936,,0,0,,,fall,fall
dqn,2026-06-10,0.019999999999999574,,2,0,,,rise,fall
dqn,2026-06-11,-0.09999999999999964,,0,2,,,fall,rise
dqn,2026-06-12,0.03000000000000025,,2,0,,,rise,fall
dqn,2026-06-15,-0.010000000000000675,,0,2,,,fall,rise
dqn,2026-06-16,-0.040000000000000036,,0,2,,,fall,rise
dqn,2026-06-17,0.0600000000000005,,2,0,,,rise,fall
dqn,2026-06-18,-0.03000000000000025,,0,2,,,fall,rise
dqn,2026-06-22,0.04999999999999982,,2,0,,,rise,fall
dqn,2026-06-23,-0.009999999999999787,,1,2,,,flat,rise
dqn,2026-06-24,-0.08999999999999986,,0,0,,,fall,fall
dqn,2026-06-25,-0.009999999999999787,,1,0,,,flat,fall
dqn,2026-06-26,-0.020000000000000462,,0,2,,,fall,rise
dqn,2026-06-29,0.0,,1,2,,,flat,rise
dqn,2026-06-30,0.0600000000000005,,2,2,,,rise,rise
dqn,2026-07-01,0.040000000000000036,,2,2,,,rise,rise
dqn,2026-07-02,0.009999999999999787,,1,2,,,flat,rise
dqn,2026-07-06,-0.009999999999999787,,1,0,,,flat,fall
dqn,2026-07-07,0.0699999999999994,,2,0,,,rise,fall
dqn,2026-07-08,0.009999999999999787,,1,2,,,flat,rise
dqn,2026-07-09,-0.019999999999999574,,0,0,,,fall,fall
dqn,2026-07-10,0.019999999999999574,,2,0,,,rise,fall
dqn,2026-07-13,0.0600000000000005,,2,2,,,rise,rise
dqn,2026-07-14,-0.040000000000000036,,0,2,,,fall,rise
dqn,2026-07-15,-0.03000000000000025,,0,0,,,fall,fall
dqn,2026-07-16,0.020000000000000462,,2,0,,,rise,fall
dqn,2026-07-17,-0.020000000000000462,,0,2,,,fall,rise
dqn,2026-07-20,0.04999999999999982,,2,0,,,rise,fall
dqn,2026-07-21,0.03000000000000025,,2,2,,,rise,rise
dqn,2026-07-22,0.040000000000000036,,2,2,,,rise,rise
dqn,2026-07-23,0.040000000000000036,,2,0,,,rise,fall
dqn,2026-07-24,-0.019999999999999574,,0,0,,,fall,fall
dqn,2026-07-27,-0.040000000000000036,,0,0,,,fall,fall
dqn,2026-07-28,-0.040000000000000036,,0,0,,,fall,fall
dqn,2026-07-29,0.05999999999999961,,2,0,,,rise,fall
dqn,2026-07-30,0.009999999999999787,,1,2,,,flat,rise
dqn,2026-07-31,0.07000000000000028,,2,2,,,rise,rise
dqn,2026-08-03,-0.04999999999999982,,0,2,,,fall,rise
dqn,2026-08-04,-0.07000000000000028,,0,0,,,fall,fall
dqn,2026-08-05,0.0,,1,0,,,flat,fall
dqn,2026-08-06,0.0600000000000005,,2,2,,,rise,rise
dqn,2026-08-07,-0.040000000000000036,,0,2,,,fall,rise
dqn,2026-08-10,0.0699999999999994,,2,2,,,rise,rise
dqn,2026-08-11,-0.019999999999999574,,0,2,,,fall,rise
dqn,2026-08-12,-0.020000000000000462,,0,0,,,fall,fall
dqn,2026-08-13,-0.04999999999999982,,0,0,,,fall,fall
dqn,2026-08-14,0.04999999999999982,,2,0,,,rise,fall
dqn,2026-08-17,0.040000000000000036,,2,2,,,rise,rise
dqn,2026-08-18,-0.009999999999999787,,1,2,,,flat,rise
dqn,2026-08-19,-0.05999999999999961,,0,0,,,fall,fall
dqn,2026-08-20,0.040000000000000036,,2,0,,,rise,fall
dqn,2026-08-21,0.04999999999999982,,2,2,,,rise,rise
dqn,2026-08-24,-0.040000000000000036,,0,2,,,fall,rise
dqn,2026-08-25,-0.0600000000000005,,0,0,,,fall,fall
dqn,2026-08-26,0.020000000000000462,,2,0,,,rise,fall
dqn,2026-08-27,0.009999999999999787,,1,2,,,flat,rise
dqn,2026-08-28,0.0600000000000005,,2,2,,,rise,rise
dqn,2026-08-31,0.019999999999999574,,2,2,,,rise,rise
dqn,2026-09-01,0.040000000000000036,,2,2,,,rise,rise
dqn,2026-09-02,0.0,,1,0,,,flat,fall
dqn,2026-09-03,-0.020000000000000462,,0,0,,,fall,fall
dqn,2026-09-04,0.010000000000000675,,2,0,,,rise,fall
dqn,2026-09-08,0.019999999999999574,,2,0,,,rise,fall
